"rent_station_name","rent_station_no","cnt_day","cnt_per_day","return_rate","bw_rate","weekend_rate","avg_distance","avg_used_time","avg_user_age","morning_ratio","evening_ratio","peak_ratio","variance_norm","entropy"
마곡13단지,1184,365,112.78356164383561,1.0291259777486275,0.05587135014332216,0.11358888403051061,1576.886921974445,14.195986979546227,35.79232788450066,0.37560122431132487,0.12935432152747411,0.1843997473643298,0.001518905507105174,2.8059615517613503
페코텍글로벌허브빌딩 앞,4382,365,78.28767123287672,1.1175853018372703,0.036255468066491686,0.06428696412948381,1858.4888584426938,16.418267716535432,34.69733889067009,0.288503937007874,0.16811898512685916,0.13196850393700787,0.0014765976896151322,2.7699828483390485
신방화역 6번출구,3757,365,59.0986301369863,0.9903574243196884,0.04084187103055027,0.13249269853043438,1155.4550271197427,12.170738491493209,34.054841379310346,0.14018821565991377,0.2889064021139493,0.11858513745306198,0.0011160606576835171,2.802225451074986
시범아파트버스정류장 옆,222,365,56.04931506849315,1.0140776224459869,0.033923159644148985,0.08857170788933424,1915.0056813960307,18.13652360934598,39.496672716273444,0.19004790302082314,0.21781210284485286,0.12269039006745527,0.0009244256753081,2.89385594024384
잠실주공5단지1,4897,365,100.77808219178083,0.9953512396694215,0.045182688125271854,0.1275554588951718,1742.0977011744294,16.53838625489343,36.64203760244255,0.3397129186602871,0.14144736842105263,0.14190952588081776,0.0012204364409139543,2.8185272472990315
마곡엠밸리4단지 정문,1112,365,138.3890410958904,0.9912891986062717,0.042524548622109595,0.11900142540386442,1392.6758273281587,13.707792207792208,34.815835160818715,0.14657903072537218,0.2382404181184669,0.08766233766233766,0.0006085785853706,2.983593300667379
반포종합운동장 입구,2215,354,22.836158192090394,1.071870361207323,0.025977238990598714,0.12988619495299356,3060.7215957446797,27.91316180108857,37.81184510250569,0.1284017812963879,0.21474517565561604,0.08485898070262246,0.0007759561766769,2.923657530612751
영등포시장역 포레나영등포,4574,365,132.95342465753424,1.0019782393669634,0.039606000659413124,0.12098170128585559,1434.2525710929744,17.827151335311573,36.27056845893411,0.19625783053082754,0.2455283547642598,0.10762858555885262,0.0007970839600598,2.944040058842738
서부식자재마트 건너편,729,365,48.24109589041096,1.0614493412085415,0.04276465243071331,0.12238755111313039,2262.712701612902,18.34961381190368,36.79098118896244,0.30872330758746025,0.15799636528850522,0.14033393911858247,0.0011291360577339125,2.8596167913613044
거여역 8번출구 뒤,1227,364,38.78846153846154,1.0133862171541894,0.035767405623627735,0.09164955025143423,2378.9700127487768,19.24520150152277,41.363450196592396,0.2523549826474963,0.23436504001699837,0.11495148381613429,0.0009226966750092,2.9201093376244267
마곡 필네이처,2723,365,97.24657534246575,1.059614030145091,0.037329201295957175,0.09494294971122694,1539.6848232145396,13.997013663896324,35.343872999212806,0.18926609381603043,0.25769826736160023,0.1355683899140724,0.0008775528394496,2.9450322706982335
상일동산(동아아파트앞 교차로),3688,356,9.404494382022472,1.0224014336917562,0.02986857825567503,0.11081242532855436,2547.5740113500606,21.23984468339307,40.54545454545455,0.20758661887694146,0.19982078853046592,0.0931899641577061,0.0007357263643315,2.947710843199686
서울숲역 2번출구 앞,561,365,52.93698630136986,1.0131973915743713,0.034209709139840595,0.10273263637304626,2310.812540627268,25.624210744229377,36.46950362912667,0.20546527274609253,0.2481627160749405,0.11411862126073906,0.0010275927691689537,2.8490881850553893
석계역 5번출구 건너편,1332,242,26.84710743801653,1.096198245344005,0.051716176696937045,0.13144528243804832,2684.7144128059103,26.05294751423734,36.589302069976185,0.10481760812682778,0.1737725103894105,0.08249961520701862,0.000320191902162,3.0686313987809593
문정 법조단지8,1244,365,79.05753424657534,0.9812517327418908,0.03344191849182146,0.1336290546160244,1984.6903157055735,19.24559883559745,35.6281281482974,0.1352231771555309,0.2370390906570557,0.09145411699473247,0.0005919149287665,2.98133254139173
성수역3번출구,589,365,85.3890410958904,1.011518593384028,0.042544999518721725,0.11480091122020085,2145.7532797510144,25.275002406391376,36.356920070647476,0.1520518497128373,0.2558154458241088,0.11884364873102961,0.0008954072655576,2.8917466399245053
서울디지털운동장 앞,1805,353,33.444759206798864,1.0132983228866679,0.031085888531255292,0.06827037099779773,2304.864131797391,18.204641707606303,36.02942936951317,0.23970862273420296,0.24690835168558362,0.15178722683381332,0.0014263786734111487,2.791970160595552
황금내근린공원,1122,90,29.466666666666665,1.0682503770739065,0.02790346907993967,0.20588235294117646,4846.467285067874,33.013197586726996,37.73458767013611,0.07239819004524886,0.2880844645550528,0.12933634992458523,0.0011536276633095901,2.810670516497495
시립동부병원 앞 사거리,612,365,76.54246575342465,1.0550862624382562,0.043095425585224424,0.10888395733409693,1652.8614789891915,18.353998138735772,36.902286553387874,0.2297587515212256,0.16590307108597607,0.11629322070298519,0.0007923464807699,2.9585893966574095
동대문경찰서 교차로,640,365,27.747945205479454,1.1970774091627172,0.03742101105845182,0.10673380726698262,2337.2722492101097,20.819214060031594,41.95649300583765,0.2292654028436019,0.18167456556082148,0.11167061611374407,0.0006326903016325,2.994144007805347
광화문 풍림스페이스본 1단지앞,3425,365,29.59178082191781,0.631145264327377,0.03407091935931858,0.11748912137765022,1854.1438570502714,20.80048143690399,39.96827844476264,0.2641422090547172,0.1469308397370614,0.1098046477178039,0.0007762554758461,2.9291929634266025
송파역 4번출구,2641,365,90.57534246575342,1.0045069570477918,0.03294010889292196,0.12483363581367211,2146.8280429522074,21.390229885057472,37.802676288226436,0.12867513611615244,0.2329098608590442,0.10081669691470055,0.0005615940305179,3.0029011967064654
영동대교 북단,3506,365,42.73424657534247,1.0015386588024107,0.04224900628285678,0.123156814976279,2289.841742531094,23.453327349660213,37.282982364759285,0.13879984613411975,0.2034235158353635,0.10462879856391845,0.0004559258204706,3.049280413595815
상봉역 1번출구,1449,365,69.16164383561645,1.0129931864997623,0.032839486610679765,0.10770876247821265,1636.337762636664,15.393321185232134,35.74788184108083,0.1381714466803993,0.30335921407067024,0.1349627634289336,0.001042385299389576,2.8837188059679284
자양사거리(서원빌딩),3575,362,105.4475138121547,0.9966467567850781,0.03974117153934821,0.12443675992874358,1681.5313090747152,17.700382479304203,34.22743349680488,0.13022634391700721,0.21311432463585875,0.08849418421879912,0.0004386598758924,3.0363772954888515
하늘숲초등학교 앞,2819,365,26.813698630136987,1.4502912026157146,0.04332277510983958,0.11423316644528456,1952.0052866046772,15.494533564933075,32.96862879306411,0.29007867579442115,0.17615203841831,0.17921732911004393,0.0011638242119965338,2.9172859007103504
상계주공2단지 버스정류장 옆,1636,365,60.8027397260274,0.985175505790114,0.03460550624070653,0.12274140494750597,1876.418803226244,19.670977335195783,36.898358255777474,0.14229712071373857,0.2022259270941288,0.08732483215428288,0.0005560479379041,2.990342038175177
중계2차 한화꿈에그린 101동 인근,4005,365,30.86849315068493,0.9524274429750599,0.03505813437472264,0.13481849649418656,1992.8272344013496,18.452383065589775,35.152044337550976,0.09674269992012072,0.2352888967782018,0.09123990414484778,0.0006835076928079,2.9524168798820725
육군사관학교  앞,1677,362,38.29281767955801,1.0629779252633098,0.02517674217284663,0.12660510748809695,3239.139741740012,23.05460972442649,37.52183502426114,0.15805800028855865,0.1957870437166354,0.09948059443081807,0.0007791784866646,2.935143978789709
서초리슈빌S 글로벌 앞,2248,358,6.5474860335195535,0.9377133105802048,0.037116040955631396,0.11049488054607509,2620.5639803754266,21.446245733788395,38.275897435897434,0.33063139931740615,0.1083617747440273,0.17107508532423207,0.0012892165475298359,2.900040695176808
신당역 12번 출구 뒤,383,365,106.69589041095891,1.0396209942481511,0.033329909613804436,0.11591002465078061,2247.5032446589976,22.44276396877568,37.18710300617627,0.12289441248972885,0.19646158586688578,0.07418344289235826,0.0002291046347543,3.1082973371427043
고덕동 주양쇼핑,1036,364,28.994505494505493,0.9499715747583855,0.032025772219063865,0.1406101951866591,2026.618261322721,21.198597688080348,35.49233234149691,0.09655107068410082,0.2176425999620997,0.09882509001326512,0.0007597281069649,2.9384565950023003
국회2문,4584,332,6.394578313253012,0.8257183231276496,0.01601507300989166,0.06500235515779557,2334.893763542157,22.855864342910976,39.078876283090224,0.09703250117757889,0.3495054168629298,0.2143193593970796,0.0019742608351988353,2.7142360974951742
공릉풍림아파트 108동,2902,364,37.54945054945055,1.0344600526777876,0.03687445127304653,0.11311091600819433,1690.6240971612528,15.405399473222126,36.04977556909266,0.35776997366110624,0.1321334503950834,0.18217734855136083,0.0014573145315387407,2.8182863968038014
마곡역 7번출구,5052,365,170.02191780821917,1.0634567662509264,0.04362048406329563,0.09296142318476264,1032.4820047375074,10.219423764865127,37.9301638831306,0.21533081955589933,0.2776918366689226,0.13168326404331432,0.0011649448236525938,2.8235426732600644
고속터미널역 5번출구 앞,2213,365,30.745205479452054,0.8091249331669934,0.03225806451612903,0.10470504366423097,2914.0153395116718,22.33603635715559,40.56360866253129,0.23257886294778116,0.22259846729638208,0.11664587417572625,0.0011360829732846658,2.837168829033496
강남세브란스교차로  래미안그레이튼 104동 앞,2336,361,14.074792243767313,0.9397756347175753,0.03798464869120252,0.08285770517614643,1915.9949970478253,16.72780948632159,38.7404149751917,0.20133831922849832,0.16040149576854948,0.10765597323361543,0.0007131193783152,2.95763386197634
압구정역 2번 출구 옆,2306,365,54.298630136986304,0.9874867551339623,0.031484938695191485,0.1203390685705636,3705.0356854533516,30.85463444169736,39.14682352941176,0.13714112720117058,0.27009435390282055,0.11675664766133509,0.0009185074609795,2.894698576994794
공덕역 2번출구,143,365,38.6958904109589,1.2762673463608043,0.030798640611724725,0.10259133389974512,2633.3114620504102,22.24093741149816,39.13986123021751,0.164684225431889,0.27407250070801475,0.12977909940526763,0.0008920869425509,2.919167499826347
"양천구청, 보건소 사잇길",785,365,165.9890410958904,1.034677978410854,0.03849074043508401,0.11740336051232958,1666.6475193939195,18.30272670253854,36.0993399339934,0.09084607004918628,0.2861882283035685,0.15635625392004754,0.001242733896918967,2.799988966743277
용두롯데캐슬리치아파트 앞,4110,364,30.774725274725274,0.8732369219782182,0.034547402249598284,0.11640778432422781,1848.8940787359395,19.2364756293519,34.015383005441606,0.16363149437600427,0.1984467059453669,0.07561149794679521,0.0003188648045384,3.07556141337425
노보텔 앰배서더 앞,4909,361,11.526315789473685,0.3643354962749339,0.029319875030040854,0.12953616919009853,3319.472665224705,28.51429944724826,36.92230504587156,0.11127132900745013,0.21797644796923815,0.12304734438836817,0.0008306409069134,2.95624618001101
쌍문역4번출구 주변,1709,365,31.21917808219178,0.9475208424747696,0.03229486616937253,0.11232996928477403,2125.0610680122873,18.65572619569987,41.09370292256704,0.0989907854322071,0.27784115840280826,0.14172882843352347,0.00121853748132751,2.8744253619358853
보라매역?동작세무서 버스정류장(강남중학교방면),2067,365,45.55068493150685,1.0428244917598941,0.033321303981715386,0.13256345482978468,2570.307681342475,23.53055455310959,37.910526686878654,0.12245879947070853,0.22927944183808494,0.09166365932876218,0.0005811320395252,2.995467577409745
코오롱아파트사거리,4233,365,105.40821917808219,1.0357384207516764,0.03646618495607423,0.12153662213442845,2063.486613557207,20.460414825596505,34.66497248203061,0.18841295420283827,0.2023184488225815,0.0838228413993866,0.0005103554593928,3.0078054196938506
중계역 3번출구,1669,365,72.45205479452055,1.008130081300813,0.035583286065418794,0.11457742484401588,1756.007373794667,16.805672149744755,36.708732764281024,0.12501418037436188,0.23274721119304217,0.0946114577424844,0.0005181133392182,3.020972141214575
해공공원(천호동),1002,365,61.19178082191781,1.0260129841056638,0.03572867696440564,0.13212446832325947,2373.918561898365,22.22923662413253,36.64136138992205,0.20380568614282518,0.17228565032460263,0.08668009850011194,0.0004027880889476,3.0501287167905784
천동초교 삼거리,1075,365,57.632876712328766,1.02177220003803,0.0438771629587374,0.11765544780376497,1780.3372271344379,19.040549534131966,36.83067498206303,0.29834569309754705,0.16167522342650695,0.13510173036698991,0.0008438509156118,2.9505491109538933
코오롱One&Only타워,1195,361,61.3185595567867,1.0707444886158295,0.028641127574990963,0.024439826526924467,1259.911533249009,12.122605710155403,37.83776037668253,0.0412902059992772,0.17306649801228768,0.34897903867003977,0.005625643395815592,2.1964497156450924
수명산파크 4단지 411동 앞,2746,365,58.55068493150685,0.9354265125637546,0.052875391886200926,0.12142623180946142,1295.0168742688697,10.36020775817697,39.00668592212238,0.3508492817369332,0.12638622432268026,0.1684993683028403,0.0014988487541978852,2.797967840506229
도곡역 대치지구대 방향,2320,363,18.859504132231404,1.168127373648846,0.0338884019865615,0.13803680981595093,3010.0761568799294,27.4177621969033,42.13803339517625,0.13730645632486121,0.18930762489044697,0.08165352030382705,0.0004588024053345,3.0248343563516147
마곡금호어울림아파트,3783,365,43.05205479452055,0.9399261804760086,0.038946162657502864,0.13058419243986255,2398.8876237749764,16.058991981672396,36.0843976777939,0.3007509227440499,0.18136693394425354,0.14795723558610158,0.0010811180957414036,2.85555162103579
국제빌딩,4762,328,14.975609756097562,0.7919381107491856,0.026465798045602607,0.08082247557003257,2333.8654560260584,23.96172638436482,38.78162008526765,0.15553745928338764,0.2671009771986971,0.13049674267100977,0.0009009671834862,2.9010464236948503
언주초등학교 입구,3609,360,19.066666666666666,1.0157342657342658,0.03175990675990676,0.08668414918414918,2688.679034090909,23.961975524475523,41.064516129032256,0.12383449883449883,0.26078088578088576,0.12703962703962704,0.0008516770153571,2.9445177185762756
강서구의회,1135,365,67.77808219178083,0.8736003880512551,0.0431707021302397,0.11443469824972716,1849.31369376289,16.045151380411497,35.91117505104882,0.2782246655079025,0.16209224301709851,0.14297263430211407,0.0009283319868627,2.927411626942859
배봉초교 교차로,4123,365,26.39178082191781,1.0220076819267103,0.03508771929824561,0.12000415239281637,2083.4586940724594,18.976227551126335,37.625061244487995,0.1793833696667705,0.23243018789577496,0.10609363645800893,0.0006995917734221,2.9734521740593034
성신여대입구역 5번출구,1384,365,35.271232876712325,1.0090880845114183,0.028817772254155664,0.13344725803945937,2902.7345409352174,23.38030138263166,37.33895182831353,0.19543265496349232,0.17601367096473514,0.08412303868261613,0.0003417774954907,3.076369442697907
FITI시험연구원 앞,676,364,22.60989010989011,1.0024301336573511,0.03803159173754556,0.10668286755771568,2782.184771567436,22.815188335358446,37.54793732930861,0.2321992709599028,0.1462940461725395,0.12174969623329283,0.0005318253963567,3.035875077515923
서울서부지방법원등기국앞,4247,363,11.18457300275482,1.1376847290640395,0.03226600985221675,0.10911330049261084,2581.2931748768474,21.79655172413793,40.19473241804427,0.22783251231527094,0.1519704433497537,0.09950738916256158,0.0006810236976281,2.959539929479173
롯데캐슬골드파크1차 서문,1845,68,10.235294117647058,0.9410919540229885,0.1235632183908046,0.15229885057471265,1520.9088218390805,10.71551724137931,36.101596516690854,0.442528735632184,0.09626436781609195,0.2859195402298851,0.003076212731756727,2.641739033066163
삼성전자 물류센터 앞,1994,365,47.41917808219178,0.9932978969262769,0.04495031199445343,0.11208689623295585,1643.513438872197,12.921250288883753,35.59296724470135,0.3540559278946152,0.17968569447654265,0.21712502888837532,0.0018789112655515723,2.7840250743056396
래미안에스티움 앞 (신풍로),3220,365,35.87671232876713,1.019778541428026,0.047193585337915234,0.13058419243986255,2003.3500488736163,21.44520809469263,38.23660023660024,0.23390607101947308,0.18373424971363114,0.09683085147002672,0.0005752558816353,3.0008537634791352
김포공항입구 교차로,3778,365,49.71506849315068,0.987049487490356,0.03471839523862008,0.14146368345640914,2213.194838531908,18.823211727102393,35.24409913453973,0.11451559572357545,0.22699217458393034,0.08200154303978838,0.0004191325052859,3.0384486700889033
망원초록길 입구,181,361,27.93628808864266,0.9802677243430837,0.014179474467030244,0.17174020823004463,5303.573684680218,41.56420426375806,33.67517713168825,0.08487853247397124,0.26990580069410014,0.0977689638076351,0.0009633492762901,2.8704386697399844
수출의 다리 아래,1839,365,21.986301369863014,1.0654205607476634,0.04573208722741433,0.07202492211838006,1773.015209968846,18.126604361370717,35.97280334728033,0.03289719626168224,0.38741433021806854,0.22890965732087226,0.0026691224043503717,2.586946882340566
마곡수명산 1-2단지,2732,365,72.8958904109589,0.8098620663735108,0.05062577517194723,0.11621001991957004,1174.4623008982578,11.854286465967602,37.15659945598204,0.37144360506633595,0.1164355244860375,0.2167098883752396,0.0018007110982256067,2.7938100416743996
강서도로사업소,5100,354,10.161016949152541,1.0948012232415902,0.05587989991659716,0.05337781484570475,2074.4488184598276,15.595218237420072,43.22874251497006,0.11175979983319434,0.3044203502919099,0.21823742007228245,0.0029357957413207957,2.4842282670757068
풍납동 아이파크 107동 앞,2656,365,40.4,0.9976264749762648,0.036348840363488406,0.09080428590804286,2027.5925749355752,18.21076902210769,39.40525477707006,0.19754509697545097,0.21972060219720602,0.09080428590804286,0.0006997225277868,2.936738906121414
홈플러스 상봉점 앞,1478,365,43.59178082191781,1.0186663314687951,0.030922003645276853,0.13418389793224814,1914.8801552385128,17.95594242976557,34.53466518682945,0.12167682735214633,0.2552322292753441,0.10835271196027906,0.0007563896337705,2.9414570164727136
산업은행 앞,205,361,56.75069252077562,0.9961927075706546,0.026065309708595694,0.0854688338946649,3367.363977644362,31.33611558549324,38.62497175141243,0.0643822912090594,0.31927563820959637,0.21189046712549423,0.002675954946162805,2.5852319836374713
크라운호텔앞 버스정류소,4615,364,17.604395604395606,1.1381086142322097,0.028245942571785268,0.15308988764044945,4273.569055867665,32.13171036204744,37.4143487435258,0.05071785268414482,0.2298689138576779,0.1301498127340824,0.0009976345631215,2.9268724635065775
양평교 영등포대여소,4594,365,63.97808219178082,1.0275779376498801,0.03678485782802329,0.118276807125728,2650.4235149023643,25.504710517300445,36.82151052091979,0.21124528948269955,0.20978931140801643,0.09660842754367935,0.0006299969078718,2.97595336829446
상계8동 주민센터,2913,365,55.83561643835616,1.049656526005888,0.029587831207065752,0.12566241413150148,2761.161740431792,23.3062806673209,38.15018945918016,0.2518155053974485,0.19685966633954857,0.13792934249263986,0.0008197934988142,2.9469109683715358
서울시 품질시험소 앞,2246,363,19.079889807162534,1.0384060063528733,0.03522956973722206,0.08807392434305515,3047.728173548946,21.92694195784002,39.246106973595126,0.13384348830493792,0.2684088940225238,0.15246895755125614,0.0012043994335527496,2.8576500877293336
한가람미술관 앞,2533,355,9.140845070422536,0.8218798151001541,0.03451463790446841,0.1325115562403698,3072.694758089368,24.028351309707244,39.81272465851905,0.04684129429892142,0.2514637904468413,0.14699537750385208,0.001738773801317872,2.7067589923466797
신반포역 3번출구 뒤,2535,361,13.659279778393351,1.0533360373149463,0.02737781383086595,0.14925978503346177,2915.6272054350034,30.56033258973839,40.75407840272705,0.17542080713851146,0.20198742648549992,0.08233624011356723,0.0004727888653271,3.0229113411735002
DMC엘가아파트 앞,3120,365,34.723287671232875,0.9706485718794382,0.03692599021619063,0.11417074325390564,2391.2134203881974,20.52777339435064,37.141127922971116,0.1691652201357109,0.20538109515543634,0.08521382357582452,0.0004563304931105,3.0258731992537213
삼호아파트 앞,3912,365,21.665753424657535,0.9771117855336369,0.03894790085988872,0.12645422357106728,2474.495754931714,21.071446636317653,36.31590346534654,0.11330298431967628,0.18563480020232676,0.07157309054122407,0.0002019168635225,3.1169051405510277
국민은행 종암동지점 앞,1321,365,51.68767123287671,1.1542457330647726,0.03063712498674865,0.10945616452878193,2568.705872999048,22.733859853705077,34.065484827455684,0.15954627371991942,0.17263860913813212,0.08443761263648893,0.0005583604952249,3.0037728005532034
가양나들목,3787,177,18.63276836158192,0.9972710733778047,0.013038204972710734,0.14190418435415403,5287.266403881139,36.98726500909642,39.805600781504396,0.0779260157671316,0.26258338386901153,0.09975742874469376,0.00082164084127,2.920778951323499
"고속터미널역 8-1번, 8-2번 출구 사이",2219,365,100.16438356164383,1.0131564551422318,0.02415207877461707,0.14715536105032823,4745.7705377461725,38.46359409190372,36.70218387344905,0.06646608315098468,0.2953501094091904,0.11159737417943107,0.0010225420455954087,2.878267009429498
흑석역 1번출구,2025,365,57.75616438356165,1.192495612162611,0.016887244438119633,0.12712869408472083,7116.489526113569,45.72216688012902,36.435764705882356,0.12058251506095538,0.25734073336179497,0.1021298799867179,0.0009147186921728,2.887082965345847
대명초교입구 사거리,1074,365,39.153424657534245,0.9776082849345742,0.035196977118466165,0.12784269820166538,2147.283868168776,20.244559512980196,38.423119821542386,0.22447694353089356,0.16150024490938353,0.11419774683367154,0.0006187868545088,3.0004655236929327
북위례1,5766,349,11.243553008595988,0.46202854230377166,0.034658511722731905,0.13124362895005096,2369.7151962283388,18.19418960244648,40.04986234322423,0.19087665647298674,0.15086646279306828,0.0871559633027523,0.0003100664234454,3.0798724561833213
수서역 6번출구 앞,2376,181,26.265193370165747,1.4636095919225915,0.027345393352965923,0.10980227177114009,2336.320031552376,17.56079091291544,40.363942523574316,0.13336137989061841,0.37505258729490953,0.16638620109381574,0.0016059254158425215,2.768714069145813
고척근린공원 고척도서관 앞,1929,364,36.61538461538461,0.8076230492196879,0.033538415366146455,0.12710084033613445,2214.180289615847,20.253301320528212,35.831931284866734,0.14998499399759904,0.203406362545018,0.0779561824729892,0.0005669742699501,2.9745619029970674
상왕십리역 6번 출입구,3547,365,25.16986301369863,0.5831065636225101,0.03428758027647763,0.11483618156090128,1986.4495635136602,18.619679982584085,38.43775907549303,0.1058016762817024,0.2518776532056166,0.10852291281158158,0.0006455129079212,2.9845024118520067
서울남부터미널 대합실 입구,2237,364,24.335164835164836,0.7605554301196659,0.032174305712350415,0.10589297809889366,2473.901811921428,25.10419959358772,42.40261472785485,0.14743734477308645,0.263264845337548,0.13772860690900882,0.0009717641256233,2.9048069465505186
서초초등학교 후문,2515,364,35.47527472527472,1.0010841787346085,0.03175094865639278,0.12258963834895067,2886.0261604584534,27.77015410826299,36.26354157054536,0.07248509254239914,0.2879268953767521,0.13343142569503602,0.0010753801395699389,2.878085430897224
신반포역 2번출구 앞,2214,365,36.320547945205476,1.1664780870483518,0.01938598476276684,0.17221090744512332,5232.094358452139,43.77589198159463,36.528928850664585,0.10251188051595383,0.24228709361092254,0.09798596967639737,0.0007164251234922,2.9659881062913103
어울림병원 앞,5860,336,32.63690476190476,1.125205179646179,0.04112712018967719,0.12383731533831843,1974.1887643625755,19.65748677731169,34.5213142918501,0.2656392485865402,0.1492795914645267,0.11955134050702171,0.0006055107309524,3.0160687161963464
신길동 우리은행 옆,235,363,23.05509641873278,0.9639144461703907,0.03429322499701278,0.13287131078981956,1785.155675707969,18.08161070617756,37.09578860445912,0.13741187716573067,0.20038236348428726,0.08292508065479746,0.0006097566879839,2.971002680653289
송천동 주민센터,1515,363,12.462809917355372,0.9969053934571176,0.038903625110521665,0.1240053050397878,2048.2890030946064,21.847922192749778,43.00729571984436,0.19496021220159154,0.15760389036251107,0.08068081343943413,0.0002963612477241,3.0884193761032845
학여울역 사거리(LG베스트샵 앞),2420,365,25.512328767123286,0.904639175257732,0.03801546391752577,0.10384450171821306,2327.1021101804117,18.638960481099655,39.851477347340776,0.328393470790378,0.22820017182130584,0.16247852233676977,0.00151347717217164,2.801442374852402
한국체육대학교,5764,364,23.546703296703296,0.9955664449889161,0.028468090071170224,0.12495624781239062,2110.20768405087,20.082837475207093,32.154500865551064,0.077237195193093,0.2713802356784506,0.10803873527009684,0.0009914307450519,2.8551384550902323
"염창역 3, 4번 출구 사이",773,365,40.082191780821915,0.999794941900205,0.03479152426520848,0.1308954203691046,2924.471777170196,23.328776486671224,37.77844069983069,0.09678742310321257,0.25762132604237864,0.11168831168831168,0.0005342119811532,3.0330173012129626
성균관대 정문,3422,365,48.78356164383562,0.9037964730989554,0.033078737504212065,0.10810962596877458,2014.1094131191737,17.433056273166347,33.846092023307214,0.19139615859822534,0.14905088172526115,0.09232842861956644,0.0004548515141107,3.026406620535103
르네상스 호텔 사거리 역삼지하보도 7번출구 앞,2328,362,19.834254143646408,0.8250696378830084,0.033565459610027853,0.09192200557103064,2599.241739554317,23.557799442896936,39.03223736968725,0.12506963788300834,0.1937325905292479,0.11476323119777158,0.0007347841979983,2.9771075155980253
신도림2차e편한세상아파트 203동 앞,1974,365,33.92602739726028,0.92303965113462,0.03617863199547767,0.11984171848501979,1900.9264556246467,18.09254623273843,36.37435897435898,0.1961560203504805,0.19018008560122748,0.09190018573851248,0.0004688268198938,3.0331593056824198
사평역 2번출구,2514,364,21.060439560439562,0.9098617271067049,0.03404643882076702,0.11714062092355856,1702.4554591703622,17.60122619358205,39.49869931140015,0.2003652491521002,0.23402034959561702,0.10709626924080355,0.0006915620197345,2.9607612433596446
압구정로데오역 6번출구,2429,303,25.91089108910891,0.9942682460833014,0.02700292956311298,0.14520443255636226,4209.5390752770345,32.91427843586804,37.59905451322204,0.09820405043943446,0.28862565278308494,0.1300471277544262,0.0009176672657108,2.9237991950449103
마곡메가박스 앞,2730,365,70.69041095890411,1.0130997597085498,0.038330361987442836,0.123013719866677,1551.4282137043642,14.351213084257035,35.40189801571085,0.09937214169444228,0.251065808852027,0.09731803736144484,0.000677524116925,2.9650913734769233
건영상가 앞,5871,364,17.48901098901099,1.0164938737040528,0.038956958843858,0.10838831291234684,1661.1520939365382,17.770970782280866,37.450319909672565,0.3067860508953817,0.14483191957273012,0.15488532830662896,0.0010014739072410775,2.9103218822171586
롯데호텔,466,330,14.372727272727273,0.8070841239721696,0.034998945814885093,0.105629348513599,2506.094904069155,24.667720851781574,39.019664967225054,0.09150326797385622,0.280202403542062,0.15180265654648956,0.0009846277617461,2.912134252690614
에이스하이엔드타워9차 앞,1806,363,27.578512396694215,1.0438517630606332,0.031565278193986614,0.058435720707222055,3508.3983368294867,23.659574468085108,38.5301766437684,0.14304265308161024,0.36429927080211766,0.25461991809010087,0.0030291216941190206,2.607928581236282
구파발역 환승센터,960,363,20.633608815426996,1.2798397863818425,0.042723631508678236,0.11348464619492657,1365.5848905206942,13.375300400534046,42.86063973569605,0.06421895861148198,0.3539385847797063,0.15246995994659546,0.0012589726766183225,2.835992889738862
kt 행당빌딩 앞,4367,364,26.82967032967033,1.1454024165472045,0.029285275445422896,0.13659635469997952,2606.2380974810567,23.400163833708785,35.408703071672356,0.10260086012697113,0.226397706328077,0.09655949211550277,0.0005320213843821,3.008281563908389
삼각지 자이아파트,849,363,32.327823691460054,1.062121857690669,0.03187047294418407,0.14324669791222838,2130.1687763101827,19.21951427354069,36.90061556791104,0.22812100553898593,0.212015338730294,0.10532594801874734,0.0006534218738216,2.9816265996811495
국립중앙도서관(국제회의장옆),2545,339,12.63716814159292,0.33053221288515405,0.028244631185807657,0.1057422969187675,3166.192936507935,23.992763772175536,43.78407520044235,0.04831932773109243,0.1869747899159664,0.20728291316526612,0.0028870707687577587,2.4727918279979213
은빛1단지 아파트 앞,5339,347,5.959654178674351,0.8849129593810445,0.04448742746615087,0.10686653771760155,2587.316895551258,22.66441005802708,39.88191244239631,0.1150870406189555,0.152321083172147,0.10976789168278529,0.0007529628250903,2.9630698646663727
더라움,2398,361,9.858725761772853,0.7392525990446754,0.03708906996347289,0.10115200899128969,2102.3901938746844,19.400955324529363,40.06009693053312,0.16493397021635292,0.18347850519808936,0.09272267490868222,0.0005954526699685,2.9987139749881533
강북구청 사거리 버스정류소 앞,1514,365,26.578082191780823,1.0038140397897124,0.02979074322234821,0.11462735800432945,2070.8111050407174,18.912174002680135,36.78388448998603,0.09401092670858674,0.21626636429234097,0.07865168539325842,0.0004276777647739,3.0409847697111507
상봉시장앞 교차로 한성빌딩 앞,1411,365,36.09041095890411,1.0037197297502467,0.03393304486449556,0.13057010551886433,2003.6344955590953,19.034692173384954,35.92330747531735,0.13945190920822895,0.19904349806422228,0.06953617247399985,0.0002475765310859,3.0990284371180308
동작역 5번출구 동작주차공원,2037,262,22.912213740458014,0.9871730801266033,0.01415958687323005,0.19440279860069964,7124.72939197068,55.76245210727969,36.457932446264074,0.055638847243045145,0.255872063968016,0.11794102948525736,0.0012386275269365523,2.822503802320957
대륭포스트타워5차,1849,362,15.284530386740332,1.0800650641604916,0.030363274896078075,0.08982468823423098,1904.4114296041912,17.6157599855413,34.93433682373473,0.17729983733959875,0.2429061991686246,0.12036869690945237,0.0007016322320492,2.9974596691210458
신길우성1차아파트 앞 공원,241,365,30.85753424657534,0.9722986770842582,0.04608008523483974,0.12350173133268223,1606.5832691112507,14.616443221166652,37.461731755837086,0.2979667939270177,0.13380094113468882,0.17766136908461333,0.0015118793196138684,2.8267342143313847
"9호선종합운동장역 9번출구",1206,364,39.527472527472526,0.9855435084792883,0.02995551848762858,0.10856269113149847,1965.1407395051433,24.835348901862663,37.51298804780876,0.1622185154295246,0.27620239088128995,0.12496524881845983,0.00094435756166,2.8942187889314375
CJ제일제당 앞,380,365,37.83013698630137,1.0871234067207416,0.036428157589803015,0.07517381228273465,2094.129682792584,22.22595596755504,35.758152637869216,0.16910486674391656,0.19720451911935108,0.11095017381228274,0.0008652080038594,2.9258316799621378
우장산역 헤링턴타워 앞,5073,365,40.79178082191781,0.8794411982000134,0.04459668211431258,0.12485727718449863,2152.5889462018936,26.238766874874067,38.26839159704761,0.14386459802538787,0.2073342736248237,0.07354422728188596,0.0004799062635897,3.024033336849094
보훈병원 후문옆(더 원커피),1065,363,22.234159779614323,0.8704001982406145,0.03605501177053649,0.10320901994796183,1710.9984078800646,19.26142981043241,39.08411620176326,0.1274934952298352,0.17977945731631767,0.1606987981662743,0.0015733725112542932,2.7383180627890678
대륜E&S 서울지사 앞,5305,364,21.21978021978022,1.092180217503884,0.03404971517348524,0.0993008803728638,2531.8198083894367,22.641248058001036,39.150835322195704,0.1667529777317452,0.1560072501294666,0.09813568099430348,0.0007325778291741,2.898160179375575
용산구꿈나무종합타운 앞,4636,365,25.72876712328767,1.1266105846022787,0.03215844957938452,0.12107336811841124,2244.622281972101,21.165051645192204,37.497975708502025,0.14237035459482483,0.21020125652220212,0.07869236503034821,0.0004297907315824,3.0301608150635704
천호시장 버스정류소 옆,4952,365,39.416438356164385,0.9944394244804338,0.0399666365468826,0.1379717800792382,1526.258258149718,15.488774588169875,37.42182938696075,0.23423924376172933,0.18085771877389312,0.09376520469868631,0.0005296535544136,3.007641290941006
위례아이파크 101동 맞은편,1287,361,14.321329639889196,0.9905222437137331,0.03268858800773694,0.11508704061895551,2087.449313346228,21.323791102514505,40.822625698324025,0.2667311411992263,0.16808510638297872,0.13945841392649902,0.000955491735745,2.920123442768672
문소빌딩,3765,364,15.123626373626374,0.9422343324250682,0.03960036330608538,0.1262488646684832,1969.6174895549495,16.79291553133515,36.759377664109124,0.3304268846503179,0.13369663941871027,0.15603996366939146,0.001200584205919645,2.9098734359470373
연신내역 4번출구,922,365,15.728767123287671,0.9991290715903153,0.03588225047901063,0.1271555478139697,2231.9725657550953,24.455321372583175,36.53657531423862,0.11287232189514022,0.2353248562968124,0.11095627939383383,0.0005074650472573,3.0310728501284725
가락쌍용2차아파트 103동,4860,365,25.18082191780822,0.9457077575889458,0.041344793820041345,0.13513219453813513,1997.3922902839743,14.793711239255794,38.45225294418843,0.21684256337721686,0.21749537591121748,0.10608203677510608,0.0008950991948747,2.912154847261067
염곡동(염통골) 입구,4310,358,7.743016759776537,0.9325396825396826,0.03823953823953824,0.09415584415584416,2254.1435028860024,20.042568542568542,41.9156064461408,0.22655122655122656,0.17063492063492064,0.10028860028860029,0.0008292898579695,2.932775188023609
서울디자인직업전문학교 앞,1853,181,10.817679558011049,0.9969356486210419,0.06230847803881512,0.1108273748723187,1770.8814862104186,15.66394279877426,35.88134687332977,0.42696629213483145,0.13023493360572014,0.18283963227783454,0.0019452579037786946,2.7737934240109134
오리로와 서해안도로 교차로 앞,1973,364,12.791208791208792,0.7205756013745704,0.04059278350515464,0.10781786941580757,1628.1772143470791,14.606958762886597,38.49318118563874,0.21778350515463915,0.16323024054982818,0.10287800687285223,0.0005511108724704,3.0045829219806635
문정동 글샘 공원,1266,362,20.091160220994475,0.9415646913240754,0.029836381135707413,0.10614601952426785,2254.2319318025575,21.000962463907605,38.62591765081392,0.13653238003574866,0.24446583253128007,0.1300701223704111,0.0010569195053212073,2.8569587685298097
가양5단지아파트,6172,363,12.212121212121213,0.8989397699075118,0.04376268892397925,0.1030904579291676,1825.0160500789536,19.724114595082337,38.64989517819706,0.3126550868486352,0.1441461764042409,0.1522670877509587,0.0010974888432401001,2.879719530344807
창신3동주민센터,3417,365,29.493150684931507,0.9702740362285184,0.04152345564328844,0.11017185322805388,1834.2695550394792,18.136089177891314,38.9004486220893,0.21421272642823966,0.18188574082675338,0.09140733859730608,0.0003845679918548,3.069613776452059
석촌호수교차로 (송파나루근린공원 앞),1296,359,21.465181058495823,0.9771606540358162,0.02854918245522969,0.14469244744355048,2021.604667791331,19.039968855437323,35.088472265261856,0.11679211004412146,0.26615624188943676,0.09771606540358163,0.0008614246316125,2.9145221643543002
신도봉사거리 버스정류장,1719,365,24.635616438356163,1.0762900355871887,0.038145017793594305,0.12733540925266904,2137.874545151246,19.520796263345197,39.01417891209074,0.16770462633451957,0.23242882562277578,0.08874555160142349,0.0006076535239487,2.983284893953479
세이브마트,2106,365,38.15068493150685,1.264129263913824,0.03863554757630162,0.12998204667863555,3270.011000359065,27.875978456014362,43.12690093650657,0.2058886894075404,0.1547576301615799,0.11755834829443447,0.0003753978166641,3.0877731291391295
회현역 7번출구,470,359,9.303621169916434,0.8919161676646706,0.035329341317365266,0.10329341317365269,2459.760131736527,23.686826347305388,39.91752577319588,0.17425149700598802,0.28083832335329345,0.14221556886227546,0.001140822148118932,2.8792981542505562
성내교 남단,4862,359,14.83008356545961,0.8570623591284748,0.029489105935386926,0.1418106686701728,2863.092009767091,24.533245679939895,38.50290760284299,0.1592787377911345,0.2361006761833208,0.10067618332081142,0.0006771119588255,2.956384681765593
호반써밋12단지,5777,364,16.321428571428573,0.9175223026426528,0.044773607136845646,0.12438983336138697,2029.365063120687,19.153172866520787,42.34008172362556,0.2688099646524154,0.15401447567749538,0.12506312068675307,0.0009526549568925,2.9190695860765796
연희삼거리,3102,365,31.956164383561642,0.9927126200274349,0.03635116598079561,0.1293724279835391,2458.7637825788765,23.502229080932786,36.89116107772824,0.2271090534979424,0.16563786008230452,0.10510973936899863,0.0006258491309869,2.98318449810867
세륜초등학교 건너편,5763,339,8.165191740412979,0.7178468208092486,0.036127167630057806,0.14234104046242774,2094.74410765896,19.860910404624278,34.028150714595064,0.12102601156069365,0.21098265895953758,0.09284682080924855,0.0006554212446308,2.9568129540494317
장미원시장 건너편,1519,364,17.164835164835164,0.954225352112676,0.03441101152368758,0.12307938540332906,2459.053034571063,25.277208706786173,37.40307033202428,0.13124199743918055,0.21686939820742637,0.08818822023047375,0.0003964812629642,3.056070558410202
북한산입구 정류장,992,316,5.186708860759493,0.8779743746186699,0.017693715680292862,0.18059792556436852,4082.287126296522,31.259304453935325,46.79585798816568,0.0652837095790116,0.10738255033557047,0.13300793166564978,0.001969095749870879,2.5912848194420186
문화비축기지,422,359,11.559888579387186,1.002409638554217,0.029397590361445784,0.18771084337349397,2860.197156626506,32.25277108433735,41.1495965238982,0.061204819277108434,0.172289156626506,0.12265060240963856,0.001253272931081757,2.8051648588520006
삼성동베이직하우스앞,2380,180,12.377777777777778,1.0354578096947935,0.04488330341113106,0.11669658886894076,2283.4596409335727,21.557001795332138,38.65483418963101,0.12612208258527827,0.19703770197486534,0.09649910233393177,0.0004811267634133,3.0362276681415596
용산공원갤러리앞,4625,360,11.844444444444445,1.0096153846153846,0.03330206378986867,0.09873358348968105,2508.6578681988735,20.203564727954973,37.061275186309686,0.13578799249530957,0.20075046904315197,0.15478424015009382,0.001186608529564874,2.8700949635907844
평창동주민센터 앞,486,330,3.9727272727272727,0.5621662852784134,0.03508771929824561,0.13424866514111367,3992.973295194508,29.41723874904653,41.573402417962,0.08848207475209764,0.21967963386727687,0.12280701754385964,0.0006673961092774,2.9965881914031964
대원중고교 입구(대하빌딩),575,364,16.914835164835164,0.7943803800552217,0.03686860484001949,0.1089816469059607,2302.072433003087,22.441286340750366,34.46184738955823,0.1515348383953224,0.18353094039304857,0.1089816469059607,0.0005732156689948,2.9986201165040516
계남공원 입구 주출입구 좌측,724,354,9.974576271186441,0.7182101387708865,0.030019824412347778,0.11299915038232795,2103.5758000566407,18.314358538657604,36.02100700233411,0.24214103653355992,0.14103653355989804,0.10988388558482017,0.0008415524164964,2.900693586630443
돈암육교 하단,1393,333,6.714714714714715,0.33855098389982113,0.04025044722719141,0.13282647584973167,2240.7619856887295,17.713327370304114,37.00464636035106,0.16994633273703041,0.17844364937388196,0.08586762075134168,0.0004673895283944,3.03339228245085
서초 포레스타5단지,2501,362,15.718232044198896,0.9367311072056239,0.03479789103690686,0.11124780316344464,2116.4192108963084,15.657117750439367,39.3775488753416,0.335676625659051,0.13075571177504391,0.14727592267135325,0.0010994321857446974,2.872180274567412
무악재역1번 출구,161,352,6.0710227272727275,0.9326158165652785,0.030416471689284044,0.1380439868975199,3132.927711745437,25.31445952269537,42.29027196652719,0.16378100140383717,0.2508189050070192,0.09780065512400561,0.0005487555710735,3.020106792675746
광진유진스웰,3503,349,6.406876790830945,0.3680679785330948,0.04203935599284436,0.1261180679785331,3039.491614490161,22.998211091234346,38.4030612244898,0.1569767441860465,0.24373881932021466,0.14221824686940965,0.0011410638211247685,2.889857001972732
장로회신학대학교 주기철 기념관,3878,249,2.791164658634538,0.7755395683453238,0.027338129496402876,0.09064748201438849,3087.791294964029,26.933812949640288,33.513888888888886,0.04172661870503597,0.1568345323741007,0.13237410071942446,0.0017386055184629276,2.68935717707114
서울고등학교 건너편,4333,355,8.481690140845071,0.9920292261707074,0.037529060112919295,0.10826967784789107,2379.6755164397205,27.19594818997011,37.383642828921374,0.2915974759216207,0.19628030554633014,0.1086017934241116,0.0008269061925406,2.9280336496571655
약수역 6번 출구,480,360,11.11111111111111,0.99925,0.0355,0.1335,2777.0196450000003,26.566,39.29655781112092,0.1025,0.18325,0.068,0.0002230190972222,3.10696295190454
로고스교회 맞은 편,2229,365,15.027397260273972,1.034457611668186,0.04247948951686417,0.12871467639015496,1896.5660237010022,20.949134001823154,37.48268303375713,0.19434822242479488,0.23299908842297173,0.10227894257064722,0.0007682147941574,2.927861778900373
신내우디안아파트 1단지,1422,350,6.462857142857143,0.3045977011494253,0.029177718832891247,0.11096374889478337,2952.694345711759,20.547745358090186,39.63371488033299,0.04111405835543767,0.27718832891246686,0.1220159151193634,0.0008766040461938,2.926176603168151
태강릉 앞,5337,306,3.5294117647058822,0.9851851851851852,0.027777777777777776,0.175,3057.758925925926,26.591666666666665,41.93,0.08333333333333333,0.11574074074074074,0.14166666666666666,0.001376886145404664,2.8159500068110734
서초2교(사임당로 방면),2519,355,5.692957746478873,0.9242949035131123,0.04948045522018803,0.10192973775358734,1741.3502078179115,18.290945076694705,41.33714285714286,0.2736269173676398,0.18406729341909947,0.10390895596239486,0.0008491977883605,2.9252649495702547
고려사대부속중고 정문,1315,349,5.369627507163324,0.9311632870864461,0.0368196371398079,0.14194236926360726,3277.322988260405,27.477588046958378,31.483685220729367,0.0864461045891142,0.14674493062966915,0.08804695837780149,0.0004703781461026,3.0428554341614547
서빙고역 광장(1번출구),867,362,10.497237569060774,1.0602631578947368,0.029473684210526315,0.13921052631578948,3308.9064710526313,26.658157894736842,36.44828690361832,0.17894736842105263,0.24342105263157893,0.11552631578947369,0.0010069867651585102,2.889874311291912
항동지구 3단지 311동 앞,2810,316,3.2816455696202533,1.2333654773384763,0.03182256509161042,0.17647058823529413,3193.325448408872,34.49276759884282,36.92781065088757,0.1639344262295082,0.19093539054966246,0.09546769527483125,0.0007991039329032,2.9028534161651125
상림마을 롯데캐슬2단지 옆,937,304,3.75,1.1070175438596492,0.02894736842105263,0.18070175438596492,3880.2481578947372,35.209649122807015,43.943731490621914,0.09298245614035087,0.17456140350877192,0.09473684210526316,0.0006439801990356,2.9640721078173646
암사역사공원역 1번출구 A,4964,184,46.22826086956522,1.4637902656948036,0.03197742769809546,0.07794498001410768,1811.4099035974584,13.97154949447449,41.28023598820059,0.2467669880084646,0.3041382553491653,0.1475429108864331,0.0016118780641117304,2.7235081430979973
마포음식문화거리,5513,178,35.80898876404494,1.1528082836523377,0.02008158142453718,0.13774709758393475,4259.881534358331,30.65045497332915,39.33422680412371,0.17947913398180107,0.2263884530906809,0.09350486350800126,0.000516529415802,3.0187973663387755
에이스하이테크시티 4동 앞,5876,184,28.71195652173913,1.0403180011357183,0.03388226386522809,0.060382358508423245,1624.0641926935443,16.334090478894566,37.39989666752777,0.06927881885292447,0.35510126821881505,0.25951164111300395,0.0029134247013090264,2.6298171636141854
고덕비즈밸리 지식산업센터 A,4960,183,18.26775956284153,1.0577325755309601,0.029913251570445706,0.07059527370625188,2297.406392461861,20.099012862698174,35.572419420644636,0.032904576727490274,0.43434041280287167,0.29793598564163926,0.0036710580832685622,2.4914406075526303
수서역 6번출구 앞,2376,181,26.265193370165747,1.0849810685738326,0.027345393352965923,0.10980227177114009,2336.320031552376,17.56079091291544,40.363942523574316,0.13336137989061841,0.37505258729490953,0.16638620109381574,0.0016059254158425215,2.768714069145813
서울디자인직업전문학교 앞,1853,181,10.817679558011049,0.9366700715015321,0.06230847803881512,0.1108273748723187,1770.8814862104186,15.66394279877426,35.88134687332977,0.42696629213483145,0.13023493360572014,0.18283963227783454,0.0019452579037786946,2.7737934240109134
삼성동베이직하우스앞,2380,180,12.377777777777778,0.8900359066427289,0.04488330341113106,0.11669658886894076,2283.4596409335727,21.557001795332138,38.65483418963101,0.12612208258527827,0.19703770197486534,0.09649910233393177,0.0004811267634133,3.0362276681415596
행당역 2번출구 앞,536,365,19.435616438356163,1.049619396673245,0.0336904426275726,0.13109670143783478,2579.370928954046,23.150831688751058,40.902992277992276,0.22483789117564137,0.15477868621370172,0.10022554271215112,0.0003799861971841,3.076446340928485
증미역 3번출구뒤(등촌두산위브센티움오피스텔),1118,365,94.0931506849315,1.1379280223619845,0.033280922431865825,0.09442697414395528,2411.345064348944,21.670859538784068,37.34234628594518,0.1714127649662241,0.262724202189611,0.14034474726298626,0.0009783270210642,2.8987977591046206
공항중학교앞,1110,365,33.18082191780822,1.0051193130212204,0.05119313021220378,0.10139542564610685,1407.053784988854,13.137560895054083,36.85528031290743,0.332012220295599,0.13359755594088019,0.13756089505408306,0.0010890054824073021,2.856614401512457
현대하이페리온,791,365,91.67945205479452,1.009413381944237,0.036069688910139557,0.14251561426052656,1773.2843752801614,17.63072647401608,32.99574361542314,0.11077906941995637,0.22583151540507426,0.11400651465798045,0.000931510563046,2.8848503608626936
강서한강자이타워 앞,2708,365,100.82191780821918,1.0097010869565217,0.03315217391304348,0.11307065217391304,2038.4426796195655,18.499375,39.142475871272076,0.1178804347826087,0.2749456521739131,0.1503804347826087,0.001086563845568158,2.8648058266186363
강서수도사업소민원센터,1958,365,61.635616438356166,1.0762323865404275,0.04205005111792683,0.11112592790149797,2359.7167537893965,22.446015024225453,36.063807585955026,0.21451749122105168,0.2127839267457883,0.12237187180512957,0.0007159936864106,2.9749609386954914
청담역(우리들병원 앞),2309,360,12.441666666666666,0.46304978789908463,0.03259656173252958,0.0971198928332217,2929.5622438044197,22.33467291806207,38.6312834906864,0.2672471533824514,0.20160750167448094,0.15494530029024337,0.0009798681813701,2.9363656572984564
당산육갑문,272,365,161.7041095890411,1.0478804513571212,0.018992917895022197,0.13462776591779335,5055.906442004678,36.68840432381146,36.83231865027257,0.1094845989630985,0.2939751279184033,0.10789197248483616,0.0009499599870515,2.8869040682968534
더리브골드타워,3793,365,35.49315068493151,1.0240833654959476,0.03720571208027788,0.08722500964878425,1720.4227634118097,16.53539174064068,38.08400036801914,0.20578927055191046,0.25827865688923196,0.16958703203396372,0.001479549755758606,2.7885327911278526
풍납백제문화공원 옆 인근,5752,365,79.07397260273973,1.0348901670015938,0.044452913865982956,0.13529900907768,2036.4101961056087,19.40752546601067,38.25164139906888,0.24239484443212528,0.16814496569884277,0.10044348970965283,0.0005706444477157,2.9925393652285583
장안동 사거리,602,365,96.22191780821917,1.157427180319467,0.03567666068733806,0.13114660744284046,2594.343131459813,24.21294951738276,37.5250861866988,0.11685316477321261,0.21203838159505708,0.08120497707924033,0.0004256995184655,3.0432363069160098
조계사앞사거리,4708,358,41.85195530726257,1.0503904425015016,0.03176933858372823,0.07608623106187012,1850.6468110525268,21.435960755522927,40.92261904761905,0.12767803510645398,0.1926183007408396,0.11172662350664087,0.0010062434070985087,2.8573761300561733
신대방역 2번 출구,2177,237,146.042194092827,1.0776609268461805,0.03628799260372125,0.126054547555761,3145.406072460422,25.813128394776378,37.367659154466196,0.1483011672252398,0.24373049809314687,0.09976308794637698,0.0005718029737266,2.994180557822058
석촌동 주민센터,2623,365,100.96712328767123,0.9538436490923399,0.037581743684367626,0.12897186117819445,1811.4193178303028,19.6092855398475,35.29705179783757,0.2352047323148726,0.18630776327571705,0.0902504545084525,0.0005784123831909,2.992592845890199
구의삼성쉐르빌 앞,551,349,65.21489971346705,1.02091388400703,0.041124780316344464,0.12609841827768015,1696.4465623901558,17.351362038664323,34.507600657354146,0.1837434094903339,0.19472759226713532,0.0875219683655536,0.0004546473045618,3.0243289882242657
으뜸공원,740,365,30.92054794520548,1.199893673577884,0.04137869927343612,0.1154527733475102,2147.1571088073724,19.22080453659401,40.0639927441298,0.3374091795144427,0.15860357965621125,0.17446393762183235,0.001172463323356294,2.918312009742057
롯데캐슬엠파이어 옆,219,365,74.35616438356165,1.0008843036109063,0.031908621960206336,0.08091378039793662,2175.5184948415604,21.970154753131908,39.72880218166562,0.1714075165806927,0.19657332350773765,0.1547162859248342,0.0012962848444651768,2.8144377563535237
샛강역 1번출구 앞,226,365,67.94520547945206,0.8830241935483871,0.037338709677419354,0.08919354838709677,2482.3590298387116,21.484596774193548,38.66770785484612,0.2282258064516129,0.24641129032258063,0.13443548387096774,0.0011098167960168807,2.8766038397233467
동의보감타워,660,254,62.72834645669291,1.0630766334023725,0.037594928764200085,0.11761752337915019,2054.837169396849,21.447122324734828,38.10519222584764,0.15201154835875225,0.17027552877675267,0.08730308165442792,0.0004056175754143,3.0586454801114162
서울체육고등학교 앞,1291,363,60.705234159779614,1.0687965147939735,0.032719186785260486,0.06198947177346161,1839.5765034489025,19.016972227264475,26.756729693114213,0.05363949900163369,0.22681067344345615,0.13210201488473408,0.0014882377922928068,2.7422777106885396
중계동 성모빌딩 앞,4020,365,48.605479452054794,0.9970689363620991,0.03821656050955414,0.13770362437292147,1822.5751400710205,17.477594273152583,33.25234661950755,0.0677526633222479,0.24085451778366496,0.09757059917704752,0.0009529460154537,2.863151227394274
양재시민의숲역 1번출구,2255,365,62.72054794520548,1.005678591709256,0.03319792076180492,0.09356571877866597,2942.795027737735,22.61110383086533,41.907206928549336,0.26436028480321494,0.2363167780544271,0.1315249202813087,0.0011226403123187722,2.859525673817749
수서역 1번출구 앞,2375,365,36.5013698630137,1.1731591983787435,0.0302484425429708,0.09449823613300308,2640.1641026795796,20.687382721609247,39.53329287324432,0.18749530886436988,0.27111011033551,0.13750656758988217,0.0011689688460838922,2.8759876552671675
문래역 4번출구 앞,240,353,125.63456090651557,0.9369997068705044,0.03700196171277819,0.11569595706780311,1215.786606011415,14.341135087600623,37.26413618707474,0.2053033890279375,0.2695438454080137,0.11711650770028637,0.0010873784514080218,2.8323621726200416
문정·가락 대여소 앞,2612,129,2.4186046511627906,0.34615384615384615,0.04487179487179487,0.16346153846153846,3014.744294871795,25.310897435897434,37.64745762711864,0.17307692307692307,0.1858974358974359,0.09935897435897435,0.0008380930856892,2.876090140374694
증권거래소후문교차로,270,364,39.9532967032967,0.9856288248641958,0.030323867152581997,0.08003850649797153,2500.1377893144468,25.82142611565702,38.79354889219447,0.10231726603864401,0.2225813105961631,0.20174654472942308,0.0020135509418172867,2.694671086294564
군자교교차로,539,365,52.48219178082192,0.9914909166840676,0.03043432866986845,0.11975360200459387,3859.919962935895,27.93030904155356,36.44526708682616,0.13567550636876174,0.22718730423888078,0.0836291501357277,0.0003935274186551,3.061000967946009
백련산 힐스테이트상가앞,975,365,15.668493150684931,0.23185871655883897,0.03549571603427173,0.12467214547997901,2135.6325878650114,20.44028676342018,41.93566904196358,0.3442909599580346,0.12572127994404617,0.13901031648889667,0.0010697989722704257,2.9005871692484617
을지로5가(방산시장),6057,363,18.352617079889807,0.978985289702792,0.03527469228459922,0.11152806964875413,2483.6852701891326,25.059291504052837,39.58125213821416,0.19018312818973282,0.19828880216151307,0.12113479435604924,0.0009249342985502,2.917445306174625
현대시장사거리,2187,365,36.273972602739725,0.6530966767371601,0.03814199395770393,0.1324773413897281,1984.5284425981874,16.746148036253775,39.343932346723044,0.1741691842900302,0.16435045317220545,0.0790785498489426,0.0002854225550657,3.0839722725817404
연가초등학교 옆,167,362,15.3646408839779,0.2051420352391226,0.038655160014383315,0.13969795037756202,2286.1668967997125,20.882775979863357,35.72249690976514,0.2518878101402373,0.12998921251348436,0.10553757641136281,0.0006136173570481,2.9932815000985005
왈도강서캠퍼스 앞,5078,364,32.604395604395606,1.0139029322548028,0.0369902258173239,0.1261375126390293,1992.3327662622187,17.643073811931245,38.929641884001555,0.26095382541287493,0.19489383215369058,0.12226154364678125,0.0007703883119891,2.953189199516718
문정 법조단지3,1239,365,21.39178082191781,0.9937243852459017,0.04252049180327869,0.10617315573770492,2242.0689664446713,17.839267418032787,37.58998032389889,0.22041495901639346,0.290343237704918,0.14690061475409835,0.001886840463093992,2.6548286374186865
태릉입구역 5번출구,1684,365,103.86301369863014,1.0324188868372461,0.032313373780005275,0.12527037720917963,2435.2912577156417,21.740121340015826,34.537956744100065,0.07757847533632287,0.2567660247955684,0.10435241361118439,0.0005608998184617,3.016589743245335
명덕고교,2731,365,48.821917808219176,1.2082491582491584,0.04298540965207632,0.08316498316498316,1299.998433782266,11.721436588103256,31.35460473782273,0.2580246913580247,0.1409090909090909,0.155331088664422,0.0013562144914246175,2.781974147182132
성공회대학교,3917,361,16.434903047091414,0.5378392044496881,0.031687173436709924,0.07466711613011967,1626.1445912691722,12.312658014495197,31.264902042517715,0.11815270520815777,0.1469745491319737,0.11410753413113096,0.0007793664911082,2.9463513192040294
양천구청역 2번출구 옆,788,365,91.5123287671233,1.0527812705825998,0.044757798934195556,0.10232920184420094,1434.0974618286343,13.70636488833004,36.319432487344606,0.17091790910723909,0.25851745404466797,0.14918268367163642,0.0012682086423732274,2.822229893419427
고덕동 아남아파트,1033,365,43.94794520547945,0.7250171435696029,0.03833925565737797,0.11539180849074247,1488.5755277102419,12.907549404650583,38.25040734705969,0.3081478710803566,0.14294620036157346,0.16114955426719033,0.0011721649099113907,2.86764794932686
잠실역 8번출구,1295,365,108.67671232876712,0.9963697784052234,0.02836110620919152,0.12902412584768194,2624.988225477098,24.10141931580407,36.30277103440109,0.07394055512138553,0.2847707162124688,0.13925933395517684,0.001214608424995074,2.819308186975316
도림동배드민턴체육관,3203,365,39.76712328767123,0.9826386496727523,0.03961419221495005,0.1137444023424044,1720.6080688942457,16.455253186358938,36.32566624365482,0.30602824664140543,0.13647950396141922,0.1242163279366173,0.0009226540759905,2.902985314924749
구파발역 2번출구,905,365,59.36986301369863,1.144623904014767,0.029395477618827874,0.1244116289801569,1989.6976829718487,19.46506691278265,37.99622724041774,0.07586525149976928,0.2940009229349331,0.12233502538071066,0.0009141066289874,2.907505359971872
롯데캐슬2차 마을버스 정류장(18804) 뒤편,3958,360,15.094444444444445,1.1118881118881119,0.032756716967243284,0.09256532940743467,2235.0272948104516,18.008097165991902,37.25124539744423,0.26168568273831433,0.2493559072506441,0.16359955833640044,0.0013586203847206697,2.8050171475935
충북 미래관,293,365,83.73698630136987,0.8891179165030755,0.035237534354142126,0.11889804999345635,2037.274289032847,19.582417222876586,33.30809399477807,0.318544693102997,0.1787069755267635,0.16188980499934563,0.001160533484259392,2.8655620295917004
용답동 우체국 주변,4385,365,51.31506849315068,1.0003737319807795,0.0402028830752803,0.09434063000533903,1843.4822674853187,19.037907100907635,37.79074062281093,0.26027762947143623,0.17095568606513617,0.1391350774159103,0.0008061238903194,2.976970883652394
래미안허브리츠아파트 앞,4133,365,25.86849315068493,0.9985172632916754,0.03886888371107816,0.12868036432959118,2178.759897267528,22.85564499046812,37.9526149968494,0.1847066299512815,0.19466214785003177,0.0882228341453082,0.0005982072585626,2.9646303233493496
목동역 3번 출구,4540,365,104.67397260273972,1.1056902057268492,0.03884206669109564,0.1075747264827514,1612.4998879757109,15.607731769879077,37.11785283474065,0.13869549285452545,0.26760194733811443,0.11189341988169398,0.0007491361225168,2.9565477860680116
아시아지하보도 14번 출구,2637,365,83.21369863013699,1.0149145622757054,0.029730352615810095,0.13317749316827446,2534.463725677413,26.27274223817206,36.521897950551775,0.09231883580811906,0.2599677345010371,0.10723339808382445,0.0007635378239012,2.9464599820036828
KT&G강동지사,3683,365,34.49041095890411,1.1479863372785766,0.035666057669393916,0.1264596075939312,1908.0548852172537,20.798951465565175,36.221440964295496,0.18698864087695607,0.2021606164111526,0.09127015648582096,0.0004622385457582,3.031241313393445
마곡역4번출구,5057,365,56.74246575342466,1.0189754236878954,0.03278451064651634,0.10820337018975423,1389.5241475544399,13.101153976147941,35.417227994063246,0.07228043068900583,0.2937569407561199,0.1401670609820868,0.0011334243304304268,2.8496827295798903
반포미도2차아파트 옆,4312,363,14.870523415977962,1.007595405705817,0.0318636532048907,0.0892923304927751,2186.7370248240086,19.17265653945906,37.80095108695652,0.18951463505001853,0.22193404964801777,0.12226750648388292,0.0011634357091837362,2.8302294721826144
종로타워빌딩,3408,357,40.10084033613445,1.0032830399552948,0.032550991897177986,0.07655769768091646,2131.862869516625,22.956971221011457,39.6655232929164,0.1178401788208997,0.2197541212629226,0.1243364068175468,0.0011811601971576616,2.8246698125637075
봉은사역 7번 출구,2418,365,20.621917808219177,0.9957486382356848,0.03427660422479075,0.10083698684734954,3861.584449315795,28.740401222266506,37.81828040278854,0.15876179088614323,0.27886276072804567,0.15052477746778264,0.0011321358935298491,2.8917868704585397
강동역 1번출구 앞,1077,365,76.68493150684931,0.940192926045016,0.036620221507681315,0.11171847088245802,1771.9778428009963,17.8,34.77872689938398,0.22022150768131477,0.19199714183637012,0.09803501250446588,0.0005724476414981,2.9931150346218485
청운초교 앞 삼거리,351,365,18.276712328767122,0.8982161594963274,0.03267875880677559,0.1130265327537101,2287.390049467845,19.476090541148253,40.63247863247863,0.2956078548943187,0.14630490181382103,0.1322140608604407,0.0009714575931256,2.9169348818533534
신대방삼거리,4169,365,34.775342465753425,1.0097691641062003,0.03671314897975262,0.13109587961868746,2293.87028046955,20.284093594894824,37.33816244508833,0.13771370046482312,0.20144961789962973,0.07074765618845033,0.0002283507902307,3.11103407170757
월드컵공원,186,365,73.62465753424658,0.9887619543780002,0.015294161425966584,0.19815428124883713,3745.2836278048585,46.32698247311428,43.00654302603673,0.05142708294570759,0.16339820637814906,0.1456852602984408,0.001699965225479338,2.6673100929428206
벽산아파트,3784,365,88.79178082191781,0.9124625875528403,0.04350643339813015,0.1274028819155173,2859.819107038173,18.924156870005245,38.78726096229621,0.29414668764849267,0.1706007590484125,0.12801999444598722,0.0008823346942592,2.915574058359548
선린인터넷 고등학교,819,365,41.24383561643835,1.0506842035339445,0.03401089411452106,0.12282449847216687,1990.7784475886804,19.8917231300651,34.582737602528404,0.19961472034010894,0.18918559851202338,0.10860900757273814,0.0005062864170659,3.028110547705163
김포공항사거리,3776,365,16.18082191780822,1.0304774805282764,0.03995936335929563,0.1110734845919404,2032.6206163223833,19.996444293938367,37.577143988908695,0.19827294277006435,0.1930240433457501,0.09668134100914325,0.0007205793382424,2.9666766835606877
가양역 8번출구,1158,365,124.81369863013698,1.023399258072305,0.0353183923436574,0.1060868801720921,1800.253360405642,17.26718177228527,37.20503360792439,0.16087538687797703,0.2668525144324692,0.11273788879864785,0.0007742265762833,2.9491594940843227
고덕숲 아이파크 1,1058,351,9.213675213675213,0.8923933209647495,0.027210884353741496,0.11842918985776128,2002.9201267779843,20.821583178726037,37.19297568506368,0.22448979591836732,0.14285714285714285,0.14131106988249845,0.0008601903355746,2.9417068146111456
웰니스센터(민방위교육장 앞),4705,341,41.43108504398827,0.994266704416761,0.03206398640996602,0.09661664779161948,1744.6427838335226,20.973386183465458,40.12514718250631,0.24143544733861833,0.11494903737259343,0.10843714609286523,0.0011648276967020038,2.803223303186223
동성중학교 앞,388,363,12.02754820936639,0.9922125515345854,0.03000458085203848,0.09688502061383417,1935.0569354099866,17.232249198350893,37.54904023139627,0.23522675217590472,0.17315620705451215,0.11635364177737059,0.0005546821317229,3.020858054658407
아크로타워 스퀘어(영등포시장),283,365,85.56438356164384,0.9271877301399251,0.04076078255579392,0.11616662931062086,1843.0179164932267,20.317857257212385,35.83364338866628,0.30479331433511575,0.15939291088982102,0.14466395568505652,0.0010103696956081118,2.90738441669712
드래곤타워 앞,3707,365,24.39178082191781,1.0186454004268224,0.03616758396046277,0.1238908233179827,1972.8737560372901,18.188925081433226,36.2573213588442,0.19937099853981805,0.18173649331685948,0.08356733685274627,0.0003422380760487,3.0761929882346135
신창중학교 후문 맞은편 버스정류장,2917,358,29.20949720670391,1.1490867361575978,0.03490484842689108,0.10758343693219853,2732.6087348187802,21.430046858563642,38.19083782459579,0.1678301616142297,0.13053457014440087,0.11246055273979153,0.0007348213904281,2.9762557900029454
신정네거리역 교차로,4510,365,45.00547945205479,0.9681012966457662,0.039081999147744566,0.1292384488951117,2142.354358069032,18.154075607231995,35.21608582949309,0.19589699884336761,0.21184635052048456,0.1044012905582273,0.0004589513300261,3.0564851419465175
중랑교사거리,650,365,41.37534246575343,0.8849159051781221,0.02688385644285525,0.13124089524566282,3630.735043040658,26.812938683618064,37.2021309450278,0.08985564825850881,0.21566679909945702,0.07647993643226063,0.0004163974625134,3.047509409686514
대림아파트 사거리,250,364,18.173076923076923,0.9260770975056689,0.039304610733182165,0.1419501133786848,2358.5131746031743,20.573696145124718,36.75661375661376,0.2385487528344671,0.17732426303854876,0.10975056689342404,0.0005135069130813,3.0423728057667043
삼양역,1541,354,6.84180790960452,0.736168455821635,0.0342691990090834,0.14285714285714285,2203.7838893476473,21.463253509496283,41.056492027334855,0.08505367464905036,0.18909991742361684,0.0726672171758877,0.0002404488335925,3.1042653708388013
신도림쌍용플래티넘노블아파트 앞,3914,365,64.15890410958905,0.9618669399607139,0.04573405073020753,0.1272098385857033,1704.702934921854,15.664019130583313,36.51607505070994,0.30134938935861305,0.15372790161414296,0.14783499871893416,0.0009576168471038,2.929810897409749
을지로입구역 4번출구 앞,320,356,39.235955056179776,1.000143184421535,0.0350085910652921,0.07689003436426117,2464.6896570733106,28.115621420389463,41.7423273657289,0.16881443298969073,0.2063287514318442,0.122709049255441,0.0011793434562368489,2.792122949591933
JTBC 앞,4214,365,36.35068493150685,1.0503466988242387,0.027886644558335845,0.06519445281881218,2235.802132951461,19.781881217968042,38.30635055038103,0.07830871269219174,0.27276153150437144,0.16460657220379862,0.0014795287015409774,2.818645884405262
신성미소지움아파트,1425,362,22.980662983425415,0.6310854670032456,0.028609207837480468,0.08558721000120206,2319.2343250390677,20.40004808270225,33.141283124128314,0.1526625796369756,0.1523019593701166,0.10049284769804064,0.0005603938720506,3.0092059519639927
그랜드컨벤션센터 앞,268,365,72.44383561643835,1.0015505634974662,0.03645715150139929,0.12151123213070116,1782.2297757355745,18.634218289085545,35.480023551181766,0.09609711822101202,0.2556917025943575,0.10354738673322744,0.0006693087328685,2.968698615779373
몽촌토성역 3번 출구,4870,365,162.86575342465753,0.9932039161592033,0.034720586751000905,0.12380984422837533,2195.162511018399,20.873936009151162,35.18321499243394,0.1393028967466272,0.24829256804494837,0.10084782828112909,0.0005716517459422,3.009271801773391
은천교회 앞,3818,365,32.40821917808219,0.9815707160368585,0.048524811902950375,0.13534533772930932,1867.8424093329938,15.170513145658974,34.83589370977787,0.2744103474511793,0.16256657367486685,0.12765237974469523,0.0006760951445613,2.9899435538644266
남산타운아파트 버스정류장,483,351,5.8917378917378915,0.6537717601547389,0.033365570599613155,0.1450676982591876,2899.2322195357847,23.6968085106383,42.928531855955676,0.17553191489361702,0.21083172147001933,0.09381044487427466,0.0004797722585749,3.0347811227754873
삼각산동 주민센터,1528,363,15.809917355371901,0.4404948597316606,0.04565255270953128,0.15020038334204566,2257.373464018122,18.634431085554976,42.62425447316103,0.16309461578672244,0.13016204913748042,0.07910785851193587,0.0003605117729255,3.057572013360606
문래동 하이테크 시티,291,359,72.974930362117,0.9891594778227346,0.03225437056263837,0.07695243911748989,2257.7507027253987,20.700167951752043,37.869679137494096,0.06542484159096114,0.27857088327353235,0.1870371784105657,0.0021623061409930078,2.7076305311516617
중앙동 동진빌딩,2119,363,18.798898071625345,0.9788980070339977,0.0354630715123095,0.11474208675263775,2638.9252315357558,23.686254396248536,37.27437641723356,0.1862543962485346,0.16779015240328252,0.0738569753810082,0.0003787996788874,3.047913134550937
월계 고등학교 앞,5336,348,10.862068965517242,0.656084656084656,0.0373015873015873,0.05793650793650794,2180.0768888888892,17.073015873015873,28.765093684941014,0.1312169312169312,0.11031746031746031,0.24444444444444444,0.0033527313531722704,2.5126665476558916
에이스하이엔드타워8차 앞,1808,363,30.303030303030305,1.0178181818181817,0.034545454545454546,0.054636363636363636,1642.283761818184,13.372818181818182,37.31494661921708,0.03154545454545454,0.28445454545454546,0.31445454545454543,0.004583286960514232,2.370502406121823
양재역 11번 출구 앞,2242,181,22.25414364640884,1.0330188679245282,0.04270109235352532,0.08714001986097318,2217.34768123138,19.635302879841113,41.651988257272485,0.25521350546176763,0.20506454816286,0.11717974180734857,0.0011088420173866243,2.835844471131387
대진고교앞 교차로,5326,364,38.41208791208791,0.9917036189386353,0.03404377056215134,0.12308682591903876,1775.9020705192386,17.95122300100129,34.2029702970297,0.11707910170218852,0.20054355600057217,0.0793877842940924,0.0007079058584015,2.922409308377921
성내유수지 체육공원,4892,354,10.42090395480226,0.8324749254540526,0.02683654106804012,0.09541881268636487,1868.496158850637,17.602060178910275,37.06340859882462,0.1805367308213608,0.2119815668202765,0.12388181078883166,0.0007761780060415,2.9468090035354395
홍은사거리,117,365,81.68767123287671,1.0024148108398176,0.02867587872283338,0.13224443251945264,4720.337930641268,31.446069224577407,40.496163385521626,0.14680037563724174,0.24345988730882745,0.10222699221894285,0.0006881311774655,2.9665380212906247
수유2동은행빌딩 앞,1518,365,19.542465753424658,0.9809336884901163,0.038272816486751716,0.12967895696060563,2086.837015281087,20.69606056357774,39.22220226333752,0.1844946025515211,0.16528809757465301,0.0782279545773167,0.0003059570246958,3.087559131694176
심산기념문화센터,2509,364,21.98901098901099,0.9372813593203398,0.04010494752623688,0.09695152423788106,2629.104661419291,20.753248375812095,41.286263492532896,0.2587456271864068,0.20689655172413793,0.12643678160919541,0.001308801548334612,2.774941371865826
도봉구청 정문앞,1705,365,44.46849315068493,1.0261844618322962,0.04004682397880599,0.10658616228205287,2139.2247002649246,21.719610621649927,37.53436918229987,0.09691331402871048,0.23855584991682582,0.10843447723492083,0.0008403739675791,2.9142471172195403
도림고가도로 밑,3204,365,41.054794520547944,0.9057724391057724,0.04691358024691358,0.12665999332666,1785.5340100100086,14.74320987654321,38.40313051484693,0.22035368702035368,0.18952285618952286,0.1021021021021021,0.0005080039489681,3.0458770801104493
파크타워 104동 앞,4609,359,9.740947075208913,1.006863025450386,0.030883614526737203,0.17729482413497283,2289.9402344867026,22.104661138118388,38.58528314682943,0.12467829568201315,0.2336288247068916,0.12067486416928797,0.0007730353781915,2.9387505666866334
충무로역 6번출구 앞,336,365,34.342465753424655,0.9568408456322297,0.034383725568408456,0.09501396090945353,2117.4685807738347,23.27235739928201,39.527750556792874,0.2042281611487834,0.18978859194256084,0.11096928599920224,0.0008540991375812,2.915711058576029
청계산입구역 1번출구,2202,364,42.497252747252745,0.9728489236537591,0.04130842329820932,0.09108539659965091,1789.3474387484614,13.117396082487556,41.72786225402505,0.21436421229555885,0.2660159027732885,0.1369189992889004,0.0013770402801417797,2.7748126546381546
서울시 공공자전거 상암센터,420,365,37.156164383561645,0.8483999410116502,0.02462763604188173,0.20601681167969327,3973.643653590914,42.851865506562454,40.01595649848458,0.06724671877304232,0.1872142751806518,0.09991151747529863,0.0009946635724653,2.8488716577709345
문정 법조단지6,1242,333,5.702702702702703,0.95260663507109,0.023696682464454975,0.0832016850974197,2155.541553449184,18.711427066877302,35.71731448763251,0.18167456556082148,0.3617693522906793,0.17008952080042128,0.0016254943568037392,2.723577077202265
동대문디자인플라자,4765,363,52.66391184573003,0.9737406496835278,0.0306533451901449,0.11733012501961605,2558.943378668203,24.747031437987133,36.93643228521911,0.05612805356488989,0.227807710414814,0.1263273526180886,0.001010824201363256,2.895510707735152
상계주공7단지 아파트 앞,5325,365,33.87671232876713,0.8294379296401132,0.03323898099474323,0.12899312575818844,1878.1832947836629,19.22838657501011,37.35109355429232,0.11750909826122119,0.2126162555600485,0.081520420541852,0.0003559188551175,3.0637387854904907
서빙고동 주민센터 앞,825,365,64.86849315068493,1.173121594796638,0.02077965958525151,0.1565232081767116,6185.057905562365,41.94944460869198,37.188752288778446,0.09131224394982473,0.24935591502301813,0.10377159268488406,0.000871608773049,2.9202331011288165
서울가정법원,2243,356,19.43258426966292,0.6406475860075166,0.027753686036426712,0.09164498409945071,2748.676178086152,21.978606533680253,39.91081173260573,0.23344897369181844,0.26857473258167097,0.11679676206996242,0.001046551181905031,2.8567999600111795
영동중앙교회 버스정류장,4915,350,7.4,0.993050193050193,0.03166023166023166,0.07953667953667953,2185.1326563706566,23.05907335907336,36.92502218278616,0.18687258687258687,0.20926640926640927,0.11428571428571428,0.0008932474255833,2.9228359966564734
강일리버파크 10단지,1049,365,15.098630136986301,1.075666848121938,0.03774269642533116,0.12012338958446743,2237.2579912901465,22.84304119034658,39.16236080178174,0.25385592451460715,0.12502268190890944,0.12974051896207583,0.0007312039741635,2.9924081334443926
국민연금공단충정로사옥,4266,363,10.694214876033058,0.8495620814013395,0.03863987635239567,0.09041731066460587,2030.1491653786704,19.326635754765586,38.337636259323006,0.22411128284389492,0.2125193199381762,0.11695002575991757,0.0009536613566642,2.911072073087971
성북구 한예종 캠퍼스 본관,4419,351,16.102564102564102,0.8458952583156405,0.02423920736022647,0.0589171974522293,1636.5793506723294,17.398796886058033,27.6210111893908,0.10014154281670205,0.17569002123142252,0.09890304317055909,0.0009058926004227,2.8908835365580012
개봉역2번출구 A,1931,365,42.6,1.225802302398868,0.03492185992668339,0.10232169271335777,1641.7186545758568,16.651617467361245,35.774278018853806,0.228310502283105,0.24483889639205092,0.11544150749244324,0.0008892964255451,2.9199726940080213
해공도서관앞,1003,365,38.778082191780825,1.0004239084357778,0.03384202345626678,0.13028119259573265,2035.531393952238,20.699095662003675,36.906819885086186,0.18892185954500496,0.19097075031793131,0.07983608873816589,0.0006527976643965,2.9498908816801577
현대고등학교 건너편,2301,360,33.69722222222222,1.0467397576457012,0.016651553870249775,0.16140466573242107,6311.677959772484,48.09677685269145,34.73058684054535,0.05729123732585937,0.3096199818646443,0.1090594345066359,0.0011513233549253,2.8429712518252597
낙원상가 옆,327,361,37.30193905817175,1.014777959304916,0.03371454032377841,0.11755532452101589,1776.6470429229166,21.34442299123719,39.81282096688507,0.16478538541511956,0.1950839150452993,0.10129214317540472,0.0007416252274105,2.9357200629393327
제일강산수산입구,1741,365,35.515068493150686,0.8417804520558513,0.02823420504512844,0.12821106225410783,2661.7826459924395,22.360333256190696,36.37858790955238,0.10776826351924709,0.2103679703772275,0.07961120111085397,0.000360316016431,3.065179845248508
합정역 7번출구 앞,106,365,64.03013698630137,0.9763809849813871,0.02408968379615763,0.15775961661888666,4204.840527576912,36.507380942193315,34.48008480993488,0.06131530529288434,0.2800479226391682,0.12263061058576868,0.0008547456111347,2.9356335464041856
은마아파트 입구 사거리,3614,365,35.92054794520548,0.9925253603844101,0.03653420791701625,0.13622149340248646,2521.5996888109225,22.961330180764243,36.36295657175726,0.08855159789489742,0.22828159560674244,0.09183128670581954,0.0007712744904039,2.9388336122441014
래미안 강동팰리스(102동),1059,365,49.48219178082192,0.7281435136481922,0.03925585515752173,0.12507613088976247,1853.3627517856148,17.939206024029676,33.001569365976145,0.2238524998615802,0.19478434195227287,0.08764741708654006,0.0004587784884419,3.0352591789553167
장훈고 앞,5864,365,22.753424657534246,1.1659241420830824,0.045033112582781455,0.11089704996989765,1930.2748729680902,19.964599638771823,36.9953467427199,0.29729078868151715,0.1296809151113787,0.13895243829018664,0.0008502001074172,2.9705335146844223
회현역 1번출구,469,359,10.28133704735376,0.9460850717962612,0.03982660525602818,0.11920888648062855,2378.418117041452,25.30208615551341,38.57090126115042,0.16716337036033596,0.24329450013546466,0.11406123001896505,0.0006490080078571,2.9857615903372934
연대 대운동장 옆,141,362,14.762430939226519,0.6702844311377245,0.02900449101796407,0.08476796407185629,1961.9915512724565,20.25056137724551,31.63188593648736,0.08645209580838323,0.2099550898203593,0.10385479041916168,0.0007208247551803,2.9583761065369947
남부터미널역 1번출구,2297,363,19.853994490358126,0.8307201332038296,0.03801859303454974,0.11960593867073678,2379.173217705009,22.196614402664075,39.94749596122779,0.1216872485083946,0.2250589704454003,0.11641459691966144,0.0007506126170025,2.9457186175139842
세종대학교(영실관),3588,357,19.33613445378151,0.9973924380704041,0.026365348399246705,0.064030131826742,1477.880156453716,17.19455309285818,28.588214475314103,0.07822685788787484,0.22164276401564537,0.1179197450383891,0.0009628358392299,2.888697385475493
일동제약 사거리,2273,364,17.343406593406595,1.0361159512117852,0.027403769998415966,0.10296214161254554,3017.033259939806,24.454300649453508,39.31783236452278,0.09472517028354191,0.25376207825122765,0.1192776809757643,0.0008896844526883,2.929958904864892
삼성중앙역·플래티넘아파트 정류소,3636,365,17.813698630136987,0.8966471854813903,0.03783451245770532,0.11396493386650261,2856.637500768993,26.643801907105505,40.59419224407278,0.14241771762534605,0.22669947708397417,0.10719778529683174,0.000539831288743,3.02306299397935
삼환로즈빌아파트 105동 옆,1965,365,30.96712328767123,0.9213483146067416,0.03636202778023533,0.13217729806246128,2347.3322843492865,21.00707776696452,35.35173008515684,0.16420419357692648,0.2315314518269486,0.0788286295673715,0.0006535526653969,2.9641394402701287
건국대학교 정문 앞,3860,365,45.56438356164384,0.8905658108351873,0.033732186879923035,0.10624736937045277,1535.8705718237045,16.00625338223799,29.887416264496146,0.13553003427334498,0.19764295592568096,0.08105345439239973,0.000439361699724,3.0284411452389772
영휘원 교차로,656,365,28.073972602739726,1.1017858885527472,0.04557431443349273,0.11710744608178003,1859.648933346347,18.45847565141017,43.89614101953311,0.2445593832341173,0.17185517712501222,0.10744608178003318,0.0007722334356859,2.9526364411200596
방학사거리 (봄마당 앞),1733,364,16.623626373626372,0.9895884977689638,0.03536605519748802,0.11584862006279954,1970.1012295488347,18.811436126260123,38.98168701442841,0.11898859692612793,0.21467526028755576,0.09254668649809948,0.0003784540136962,3.0652089670520133
보라주유소 앞,5861,365,21.638356164383563,1.0026589009875917,0.03950367181564953,0.120790073436313,2433.8972562674094,23.751835907824766,36.55823760360622,0.20929349202329703,0.18662952646239556,0.09799949354266903,0.0004646091360223,3.0424250385859573
서울여대 남문,1642,361,21.479224376731302,0.7593500128965696,0.027856590147020893,0.10974980655145732,2230.0118854784623,17.77908176425071,33.568504921106076,0.12277534175909208,0.1925457828217694,0.08008769667268506,0.0005138307706109,3.003541972255829
월드컵참누리아파트,5506,364,26.104395604395606,1.0229425384129658,0.03399284361187119,0.12081667017470006,1975.685577773099,18.18069880025258,39.43279372087319,0.29635866133445593,0.15996632287939383,0.1408124605346243,0.0008951640617605,2.9226998832740176
둔촌오륜역 2번출구,4888,360,16.011111111111113,0.8350104094378904,0.03747397640527411,0.11138098542678695,2456.3022571131155,22.701943095072867,37.710265235877706,0.20454545454545453,0.1804302567661346,0.12300485773768216,0.0008730708013006,2.9346137507197696
신림동걷고싶은문화의거리입구,2175,365,28.71780821917808,1.002957450868155,0.03434459072696051,0.13384850219423775,2353.372900209883,24.404884564014502,34.97226310426809,0.07851555046746804,0.19299751955733638,0.07870635374928449,0.0002827981275794,3.0931228762133163
기자촌 사거리 A,945,302,4.347682119205298,0.5651180502665651,0.03274942878903275,0.1012947448591013,1556.8910891089104,12.613861386138614,39.9863130881095,0.21096725057121096,0.1728865194211729,0.09596344249809596,0.0005832703085471,2.980827210449335
우이초등학교 후문 옆,1516,180,16.11111111111111,1.0086206896551724,0.03620689655172414,0.11413793103448276,2355.615110344827,23.245172413793103,37.72669039145907,0.22689655172413795,0.17689655172413793,0.12724137931034482,0.0007738175452504,2.968188393494673
금천구립 독산도서관,1836,336,5.392857142857143,0.315121412803532,0.033112582781456956,0.1020971302428256,2280.156876379691,21.3476821192053,33.368852459016395,0.19039735099337748,0.21412803532008834,0.09823399558498896,0.0008793626254209,2.8803156358238113
하계2동 공항버스정류장 옆,1616,363,22.798898071625345,0.986950217496375,0.031174480425326244,0.12107298211696471,1940.5269671338804,19.12385210246496,37.71898907103825,0.13678105364910584,0.23815853069115517,0.08675688738521024,0.0005154952134809,3.015738985343809
롯데시티호텔,4785,359,16.61281337047354,0.9012407780013414,0.029845741113346747,0.06572769953051644,2324.695021797451,22.61737089201878,39.64884475844949,0.12340710932260228,0.25687458081824277,0.15593561368209255,0.0015106427745997554,2.764802038976642
양녕로 입구,2179,365,27.81917808219178,1.0525901122710262,0.032204057514280085,0.14831593460705142,2157.6723980697247,19.688891077407916,34.22628234226055,0.10980894228875321,0.21292101634823712,0.0800669686822927,0.0003336243450452,3.074112165687765
종암초등학교 뒤(새울센스빌),4128,364,18.483516483516482,0.8871878715814506,0.03953626634958383,0.11355529131985731,2078.965324019024,20.718043995243757,34.28361945636624,0.21953032104637338,0.17419738406658739,0.08784185493460167,0.0005102574497343,3.002531179789836
KB국민은행 염창역 지점 앞,700,365,39.553424657534244,0.8647918542633511,0.03130844358246173,0.1212855856479878,3044.1138276650267,25.71337535499065,37.38821186778176,0.14857657408048763,0.24270970423218122,0.10050564521715037,0.0005028459869344,3.0299050239710144
정금마을 마을버스정류장,2036,364,19.0989010989011,1.1237054085155351,0.03610471806674338,0.1281645569620253,2274.4879157077107,20.40722094361335,38.30544536602957,0.16455696202531644,0.18742807825086305,0.0798331415420023,0.0005257358245092,2.9881599399472725
위례송파꿈에그린아파트24단지 앞 성벽 다리 밑,1290,363,21.765840220385677,1.0306290342994557,0.04277939501328946,0.12087077585115807,2261.022103531198,19.17288950765726,42.95654155903358,0.3664093152765473,0.12036451082141501,0.1583343880521453,0.001215645834172886,2.934264605064081
동대문롯데캐슬아파트 앞,657,365,47.26027397260274,1.0500869565217392,0.03646376811594203,0.11628985507246377,1947.1995252173926,18.025739130434783,38.171451197782616,0.2831884057971014,0.15878260869565217,0.14771014492753623,0.0008547697962613,2.960071387347812
장수공원,737,365,18.23013698630137,0.830477908025248,0.03486624586714758,0.11902614968440037,2192.5830943793217,21.189510069131348,36.5587982832618,0.24045686804929364,0.1989780583107905,0.10940787496242861,0.0006081969214607,3.0039783103078506
항동지구 2단지 202동 앞,2808,348,5.209770114942529,1.0468836183121897,0.03474903474903475,0.12189740761169332,3366.7801654715936,31.321014892443465,39.28531073446328,0.17319360176503035,0.1831218974076117,0.09156094870380585,0.0006120628448952,2.9829184043295074
여의도 마리나선착장 앞,260,353,14.257790368271955,0.9125769918537652,0.022849195310947746,0.14603616133518776,4677.090774885755,37.148619113848596,38.305199516324066,0.10570236439499305,0.3095569242996225,0.13252533280349693,0.0010786892448204218,2.8544165935261985
독산2동주민센터 앞,3973,362,9.613259668508288,0.4781609195402299,0.05459770114942529,0.11379310344827587,1982.8828936781606,19.207183908045977,38.69752008382815,0.3454022988505747,0.16580459770114941,0.15775862068965518,0.0011700067710397675,2.9184554312473234
강동리엔파크9단지,3676,362,17.328729281767956,1.0141877889367128,0.03411445879164674,0.1111111111111111,2346.3752909293776,20.455443966204367,38.60245376304706,0.2174398214570381,0.16690578670492587,0.09357564163876933,0.0003808204045999,3.069151652720921
천왕이펜하우스 4단지 후문,1951,362,8.273480662983426,0.5565943238731219,0.03606010016694491,0.128881469115192,1659.071996661102,14.209015025041737,36.92024306874288,0.262771285475793,0.132220367278798,0.14290484140233722,0.001137018190832492,2.8960306043060777
왕십리자이아파트 후문(삼거리),3530,339,9.185840707964601,0.7042389210019268,0.04849068721901092,0.1233140655105973,1446.1438503532438,13.026011560693641,35.22730446927374,0.294155427103404,0.13455362877328195,0.16184971098265896,0.0011204006718506779,2.923528715257324
구역삼세무서 교차로,4902,364,23.104395604395606,1.0027348394768134,0.03733650416171225,0.07812128418549347,2087.695033293697,19.7179548156956,37.8038136162213,0.16789536266349583,0.20653983353151012,0.14316290130796672,0.0010289414870311643,2.9023204059146597
목동운동장 주경기장,4546,363,15.052341597796143,1.060212298682284,0.048133235724743775,0.1674597364568082,2244.7782924597377,21.704428989751097,36.54472091459314,0.16087115666178625,0.18338213762811129,0.11292093704245974,0.001065555411750807,2.8394077014196246
롯데캐슬클라시아 입구 앞,4421,339,4.932153392330384,0.881578947368421,0.02751196172248804,0.14413875598086123,3287.961812200957,28.84748803827751,38.84202569916856,0.1626794258373206,0.30203349282296654,0.14114832535885166,0.001264454542910851,2.8555530912014313
라인프랜즈이태원점 앞,4623,325,6.233846153846154,0.5646594274432379,0.032082922013820334,0.14461994076999013,3425.6319447186565,29.03405725567621,35.24078624078624,0.05133267522211253,0.2102665350444225,0.09526159921026653,0.0004238847894992,3.0534563352418775
한성대입구역6번출구 뒤,1302,364,24.096153846153847,0.9994299395735948,0.035457758522403376,0.11709041158362786,2148.4446117888497,19.48911184585566,37.93177858195952,0.1957587504275453,0.18378748147303614,0.08163265306122448,0.0004068816087668,3.051923932507066
센트럴파크타워 앞,4633,354,48.621468926553675,1.0834882640018593,0.028061817336741807,0.12584243551010924,3418.472226934696,26.92789914013479,36.34563963352562,0.06175923774111085,0.2875900534510807,0.14327213571926564,0.001005598351867255,2.916494478692184
천왕이펜하우스5단지 앞,2817,354,8.307909604519773,0.5810948656919415,0.028221693301598096,0.10336620197211832,1736.3412342740562,14.341040462427745,29.312959381044486,0.12240734444066645,0.21319279156749404,0.0856851411084665,0.0004629466512371,3.0252361123580185
복자사랑 피정의 집,1370,347,5.821325648414986,0.6292079207920792,0.03564356435643564,0.15495049504950495,2365.1953217821792,18.438613861386138,45.379760609357994,0.21831683168316832,0.15643564356435644,0.10346534653465346,0.0006584662179089,2.972690025007591
래미안신공덕3차아파트,3003,321,4.102803738317757,0.4654517843583903,0.025816249050873197,0.12072892938496584,1818.6140470766895,15.41533788914199,41.46413502109704,0.3492786636294609,0.1427486712224753,0.1738800303720577,0.0016509335266275346,2.730511617026341
아차산 휴먼시아 아파트 옆,3537,362,15.0939226519337,0.4289897510980966,0.03349194729136164,0.13360175695461202,2482.8737518301614,19.340959004392385,38.4546415732713,0.2375549048316252,0.15867496339677892,0.11584919472913617,0.0006117302902939,3.003803665917469
"선정릉 디캠프(D,CAMP)앞",2417,349,8.048710601719197,0.9038803844784621,0.030615877536489856,0.09042363830544678,2727.1306621573517,25.46991812032752,39.58980582524272,0.2221431114275543,0.2292630829476682,0.11747953008187967,0.0007275378096581,2.9759004027149714
제각말푸르지오 5-1단지 아파트,973,342,6.143274853801169,0.5597334602570204,0.042836744407425034,0.12089481199428843,2048.1434602570207,13.736792003807711,39.946236559139784,0.2546406473108044,0.14659685863874344,0.11137553545930509,0.0006321449636198,2.99368911109874
풍납중학교 측면,2643,359,13.501392757660167,0.7615019599752424,0.03569218073034867,0.12316897049721477,2223.870154734888,19.712193109139672,38.26419213973799,0.1357540746853724,0.22116773261811432,0.10748916855787084,0.0006420470210981,2.981758953030172
총신대 앞(육교),2068,329,5.507598784194529,0.3454746136865342,0.0380794701986755,0.11092715231788079,1533.3427980132453,16.305739514348787,36.60522598870057,0.20364238410596028,0.2086092715231788,0.0998896247240618,0.0008197435297672,2.912358263830485
영동3교 북단(우성캐릭터 앞 보도),2396,364,15.041208791208792,0.971324200913242,0.03269406392694064,0.11817351598173516,3459.2824968036525,27.642191780821918,40.55416486836426,0.17735159817351598,0.20493150684931505,0.0982648401826484,0.0006520890237207,2.945606033755079
강일 다솜 어린이 공원,1038,362,9.151933701657459,1.15876848777543,0.038031995170540296,0.11198309689103532,2702.8228614548743,28.818895261092667,42.391425583827115,0.19468759432538485,0.19348022939933596,0.08874132206459402,0.0006286117666594,2.946969496892854
sk신내 주유소앞(용마산로),1467,358,6.751396648044692,1.2292097641704594,0.03847745138601572,0.12163839470417874,2882.679685560612,20.321059164253207,40.2961768770152,0.07695490277203144,0.18742242449317334,0.10219280099296649,0.0004873064056088,3.032475205248973
신창아파트 입구 앞,4064,364,14.37087912087912,0.9705601223475435,0.03441024660676735,0.1106862932517683,2149.1636991015102,17.283693366469127,35.05739910313901,0.28197285413878803,0.15274326132670618,0.1406996750143376,0.0008722657740724,2.9599343194057255
은평역사한옥박물관,928,361,7.9390581717451525,0.6751570132588974,0.032449406838799724,0.15422191207257502,2943.168789253314,24.083391486392184,44.834680679062245,0.1688764829030007,0.18632240055826937,0.10118632240055828,0.0010441062814988973,2.831352758139569
금호역 3번출구,564,332,4.192771084337349,0.6716954022988506,0.03089080459770115,0.1372126436781609,3072.2516163793102,25.367097701149426,39.97136038186157,0.11063218390804598,0.13577586206896552,0.1788793103448276,0.0010342780447659312,2.9653818574077535
나루마을 마당공원,5887,184,90.17391304347827,0.9767357762777242,0.043213596914175506,0.12433702989392478,2033.0953495660576,19.301410318225653,33.907318582701535,0.33058100289296044,0.19756509161041466,0.1479026036644166,0.0013743706770975568,2.806621345571832
신명초교 교차로,4957,184,36.47826086956522,0.8000595947556615,0.041716328963051254,0.13066150178784267,1773.9780780691299,16.040822407628127,37.1707554517134,0.2401668653158522,0.16463051251489869,0.10041716328963052,0.0004546217475241,3.0407717727700283
성동구민종합체육센터 건너편,3559,184,49.11413043478261,1.0383976983512226,0.028438641141971893,0.1528162000663937,3046.1147449374807,34.919884917561134,35.7540074906367,0.10711519309505366,0.2730994799159013,0.10910700453690383,0.0010096994585914586,2.8499500215470643
휴젠느,5882,184,105.6086956521739,0.9785405516673528,0.042301358583779335,0.12618361465623715,1753.365866097159,18.142754219843557,34.20992071844524,0.3016673528200906,0.1876801152737752,0.14373198847262247,0.0010976657625721962,2.874839711508811
마장축산물시장 서문 인근,4396,184,12.565217391304348,1.0843425605536332,0.032439446366782004,0.11288927335640138,2147.9535380622838,18.975346020761247,37.150581101566445,0.19074394463667818,0.16176470588235295,0.10683391003460208,0.0004250531968673,3.0610702186359293
장학재단빌딩 앞,4346,181,14.314917127071823,0.37244307217290623,0.02933230412967966,0.10034735623311462,2327.554913160942,18.10227711308375,38.81769436997319,0.11462755692782708,0.18564260903126206,0.20069471246622925,0.0016741500810938134,2.7846935437633356
서울반도체고 앞,606,180,9.416666666666666,1.215929203539823,0.024188790560471976,0.13333333333333333,4662.441740412978,33.157522123893806,34.69435975609756,0.11268436578171091,0.17050147492625367,0.11032448377581121,0.0009488492819705,2.8722251542148878
영등포세무서,5894,126,29.603174603174605,0.9954423592493298,0.024128686327077747,0.09812332439678284,2375.8118525469167,22.432707774798928,37.29465186680121,0.12144772117962466,0.26246648793565686,0.16327077747989277,0.0011806483950546295,2.8736798147941607
둔촌역 2번출구,3691,78,41.69230769230769,1.019680196801968,0.01968019680196802,0.10209102091020911,1863.389563345634,18.785977859778598,37.39393939393939,0.09594095940959409,0.25461254612546125,0.12792127921279212,0.000918632341305,2.897186910625187
북가좌2동 주민센터,4280,75,15.24,1.0279965004374454,0.02099737532808399,0.12335958005249344,2274.0090901137355,19.27034120734908,37.52857142857143,0.2222222222222222,0.13123359580052493,0.11723534558180228,0.001152475941783159,2.8335824641613323
명지대사거리,4281,59,17.423728813559322,0.8754863813229572,0.04182879377431906,0.10019455252918288,2508.473443579766,22.330739299610894,39.479674796747965,0.2480544747081712,0.1566147859922179,0.13132295719844359,0.0007073872764496,2.9686534483351803
문정·가락 대여소 앞,2612,129,2.4186046511627906,0.9423076923076923,0.04487179487179487,0.16346153846153846,3014.744294871795,25.310897435897434,37.64745762711864,0.17307692307692307,0.1858974358974359,0.09935897435897435,0.0008380930856892,2.876090140374694
양재역 11번 출구 앞,2242,181,22.25414364640884,0.9955312810327706,0.04270109235352532,0.08714001986097318,2217.34768123138,19.635302879841113,41.651988257272485,0.25521350546176763,0.20506454816286,0.11717974180734857,0.0011088420173866243,2.835844471131387
우이초등학교 후문 옆,1516,180,16.11111111111111,0.8924137931034483,0.03620689655172414,0.11413793103448276,2355.615110344827,23.245172413793103,37.72669039145907,0.22689655172413795,0.17689655172413793,0.12724137931034482,0.0007738175452504,2.968188393494673
성동구민종합체육센터 건너편,3559,184,49.11413043478261,1.5183135996459003,0.028438641141971893,0.1528162000663937,3046.1147449374807,34.919884917561134,35.7540074906367,0.10711519309505366,0.2730994799159013,0.10910700453690383,0.0010096994585914586,2.8499500215470643
서울반도체고 앞,606,180,9.416666666666666,1.0914454277286136,0.024188790560471976,0.13333333333333333,4662.441740412978,33.157522123893806,34.69435975609756,0.11268436578171091,0.17050147492625367,0.11032448377581121,0.0009488492819705,2.8722251542148878
마곡수명산파크3단지 교차로,1167,365,120.84109589041095,0.9671707438728546,0.04572970276826808,0.12086516879406897,1183.6725902917894,10.917065318430181,34.5809301951964,0.28365112113723445,0.16369283787153965,0.1202983653388351,0.0008390943418474,2.9253142338093503
동신아파트 후문 옆,5306,79,45.11392405063291,1.058361391694725,0.08305274971941638,0.16554433221099887,1809.4478423120092,15.69304152637486,31.756002400960384,0.11167227833894501,0.18041526374859707,0.06846240179573512,0.0003114577835553,3.0748897011418044
서울교통공사사거리 교통섬,4105,364,23.678571428571427,0.9657732915651468,0.0423483002668523,0.08458057779324747,2092.4991797192256,22.59380438565959,39.80938071596551,0.1822717252581506,0.24179139111265807,0.14827706230421162,0.0009591061911986,2.9392255437841355
오목교 동측 지하보도,4598,365,57.75068493150685,0.9970112434176195,0.04226955737938232,0.12149532710280374,2359.596812941789,20.98581526637886,36.77778384279476,0.22923288581052234,0.21414678115660135,0.10232933251102994,0.0007165997122896,2.946773334338837
H타워 앞,5867,365,100.48493150684932,0.9279930201488671,0.038171060882842105,0.08863865637865692,1733.550214030588,16.919568121711155,34.150755667506296,0.37778444256618593,0.19903481746053386,0.18654742754314693,0.0019928744971200204,2.705371583263966
마곡14단지 1408동앞,3785,365,55.61917808219178,0.923008718782326,0.048963105265750456,0.1153637751834885,1187.3610506871578,12.76144032313679,34.2641092475068,0.2838776414954928,0.1495492832865376,0.13334318506477513,0.0007731225051845,2.9590974478552963
상계주공1단지 버스정류장 옆(대원빌딩 앞),5301,364,67.5934065934066,1.0013412453259634,0.033084051373760366,0.11672898715655991,1905.9805035766547,18.619167615021947,36.33486370157819,0.13306779385465778,0.20630791741180293,0.0797024874004227,0.0005784501189497,2.973530992851991
신도림역 1번 출구 앞,1906,365,156.2109589041096,1.0028763351281196,0.033288317519336336,0.10649455425574829,2432.9035750740964,19.20437764175597,36.69668051499321,0.2224424294508655,0.27840819404738937,0.14043180104179456,0.001405397447476398,2.7824396916195937
군자역 7번출구뒤,3518,365,136.1205479452055,1.0020731020046696,0.03614845825617905,0.10810321230174705,2001.4416643184936,17.669913855567184,34.75612543753125,0.19887690202077127,0.2418082280009661,0.11995813541582803,0.0008134933182224,2.9547041853227465
영도초등학교,735,365,79.86027397260274,1.0660400013722597,0.03986414628289135,0.13376102096126796,1997.286502452916,18.07924800164671,36.84835613641005,0.25640673779546463,0.1434011458369069,0.11166763868400288,0.000775774120515,2.9402310743664213
노원 마들스타디움,4016,358,28.156424581005588,1.0169642857142858,0.02896825396825397,0.10625,2525.004293650793,23.038690476190474,40.42597372125763,0.12748015873015875,0.1665674603174603,0.1191468253968254,0.000893739633199,2.904572542873328
방학동우체국 건너편,1706,365,29.997260273972604,1.0158005297287422,0.03726367704813225,0.12183761074070691,1842.2998118549635,18.85834322769203,39.61613512379354,0.13380217371449446,0.20230158005297288,0.08612658690291351,0.0002898383722975,3.0939808210328215
대림성원상떼빌아파트,4566,365,52.794520547945204,1.1639335755059679,0.04063310845874416,0.1233523611831863,1839.948856253242,18.074727555786197,36.05961483184823,0.2790866632070576,0.1401660612350804,0.11006746237675143,0.0008305092538857,2.927381335141811
관악 GSfresh,3816,365,22.936986301369863,0.8638318203535594,0.04073100812231247,0.11323459149546106,1521.0496165790719,16.533205924510273,34.82630667051689,0.24653607262302915,0.20234113712374582,0.10523172479694219,0.000627779490487,2.9873853415225295
상암한샘빌딩앞,4238,365,38.90958904109589,0.9605689339529644,0.02999577524292353,0.07660892831995493,2434.57593226306,19.046049852133503,38.349748826484394,0.2734121954654274,0.17018729756372342,0.15976623010843544,0.001411942406550643,2.809985701025761
동묘앞역 6번출구,3416,343,55.40233236151604,1.0595695416513182,0.03873072672735884,0.11487659843182656,2219.992088091352,24.585696995211283,39.01314108413944,0.13571541335578594,0.15287059937904543,0.06135873283165816,0.0001183776606053,3.143108599335328
기아자동차 사당점 앞,2090,364,29.892857142857142,1.035015164047422,0.036393713813068655,0.12710228839261098,2092.6898869589186,24.684863523573203,35.273346096575196,0.25861593603529087,0.18343902214869956,0.10651594522562265,0.0006234611022706,2.9972328446376695
동아1차APT105동 버스정류장(신도림중학교 방면),1956,365,56.227397260273975,1.012522535691663,0.03766505871461287,0.09954684987574916,1987.634765872434,18.13789407006773,38.42628836132021,0.29084441845734055,0.18087024314184086,0.11669833844954441,0.0009432434230054,2.8960962268492927
건영아파트 앞,3549,365,58.945205479452056,0.9993492911921915,0.04945386939344643,0.1197768998373228,1947.3855468277948,17.403997211247965,36.06856562633604,0.32526144550313735,0.15458982105507785,0.14729258656751104,0.0011221075963008453,2.9169311034062932
당산삼성2차아파트,4553,365,85.87671232876713,0.9232094432923912,0.0353485404370713,0.10811931727548253,1569.843418408043,16.436720370074973,35.26003961822438,0.26099856436433244,0.22070505662785134,0.14401020896474717,0.0008944023422725,2.943073718444122
군자교 서측 녹지대,626,365,56.772602739726025,0.9859086960718078,0.033249686323713924,0.11504681015346009,3803.328723096226,27.986922111765274,36.18526647532219,0.21281729562783513,0.23139658334137633,0.12624264067174984,0.0007999374303739,2.9487654061445916
서울강월초등학교 앞,720,365,23.08219178082192,0.45578635014836794,0.03643916913946588,0.11228486646884273,1743.0460332344207,16.725103857566765,39.81309310961353,0.16759643916913947,0.16961424332344213,0.08498516320474778,0.0003842897024912,3.0622979453660233
삼성중앙역4번출구(문화센터더 리빌),2318,346,6.953757225433526,0.8100581878636741,0.029925187032418952,0.0943474646716542,3447.7868869492936,26.600997506234414,38.7089588377724,0.15378221113881962,0.22360764754779716,0.11803823773898586,0.0009021711503545,2.918697966442735
청계천 영도교,431,365,104.27671232876712,0.9996584430256693,0.03218517642731405,0.11394866135939676,2613.800189958225,23.161372533564542,39.99053789362664,0.16371088515803578,0.17737316413126297,0.07664013031712251,0.0002943500051763,3.090322725426475
동양미래대학교 정문 옆,1925,365,117.73698630136987,0.9994415227812166,0.03050681807604598,0.11990971284963,3280.5802320007438,23.55668543770652,34.04951262738148,0.14434309117140595,0.22178526550937777,0.08998464187648346,0.0006674645714609,2.963848846453402
고려대학교 2번출구,1354,365,46.95068493150685,1.0079943980860127,0.025617085837661202,0.09389041255762386,2256.0968594269725,21.047732975433274,33.01917513288031,0.12925249460232247,0.21328120441150727,0.09669136955126335,0.000724324253912,2.9404303768880244
신창교,1557,365,26.682191780821917,1.0331656227538761,0.02618338638463908,0.10822466372317487,3361.929603655408,25.088612793921346,39.94791020711894,0.18728822261012423,0.18687750282369853,0.0776260396344594,0.0005089663111396,3.0026769112222724
관문주유소(GS칼택스) 앞,3764,365,60.07397260273972,0.9650659004879828,0.03803529894650431,0.12236056004013317,1582.0224166552653,15.096274000091212,36.29405795467358,0.21763123090254025,0.20814520910293247,0.1065809276234779,0.0005901053888687,3.0154096641669823
마포구청역,154,365,71.65479452054795,1.1729372180163646,0.03131452167928424,0.1411256404374092,2890.5273992505877,28.99155004970559,37.39824879227053,0.11619637531543932,0.2183987153016747,0.08476714842853865,0.0004841606947262,3.021208591037349
가산동 주민센터,1841,365,42.85479452054795,1.0170054980181562,0.04302518859480885,0.09998721391126454,1557.0241254315295,14.724715509525636,34.825700512202474,0.37156373865234626,0.1760644418872267,0.19057665260196907,0.001480340120886549,2.8687141284270936
새말소공원,290,365,86.94794520547946,0.9394378623645072,0.04064784471893118,0.09783841693975297,1293.315060814217,13.892614066044871,35.17586645020117,0.2618792538442148,0.171823796319637,0.11958028737080918,0.0008103713644069,2.912849864383036
을지로2가 사거리 북측,331,363,34.63911845730028,1.0200413551773502,0.028550978209002705,0.05948783203435661,2418.384703356132,23.739860028630506,39.90289934354486,0.10776204867186256,0.290122474948306,0.18490536026721807,0.001973789381730347,2.6899502494791445
가양오토갤러리,3775,365,34.64383561643836,1.0313167259786478,0.042941874258600236,0.10375642546461052,1702.0866927639372,15.57508896797153,38.7583168494875,0.2003163305654409,0.25527876631079477,0.12447607750098853,0.0009562658569842,2.8784397749086694
신길역 2번출구,4559,364,55.43681318681319,0.7455275286188612,0.03637444868427573,0.12131423757371525,2065.2064963576,19.01248823033847,36.72037351443124,0.19569849843897122,0.252688438475643,0.11868774468506864,0.000872776550489,2.9201500097400066
항동지구 6단지 602동 앞,2804,355,6.918309859154929,1.0826547231270358,0.025244299674267102,0.1478013029315961,3640.120101791532,32.5,42.89760765550239,0.125,0.1478013029315961,0.08835504885993485,0.000538089631956,2.9942161691178812
건국대학교 (행정관),591,356,26.176966292134832,1.0627749758557785,0.025646528597489,0.053653825517759414,1315.604136709947,18.546625174374935,26.938137835454203,0.04861036591909003,0.15409378688700504,0.13284687198197231,0.0013103891627158904,2.767111266095191
목동3단지 시내버스정류장,726,365,126.59726027397261,1.017918975069252,0.04230869113573407,0.11995758310249308,1903.9618903653086,19.000021641274238,35.65191167715047,0.25006492382271467,0.16254761080332408,0.12082323407202217,0.0008017093308044,2.9322316326956144
신사역 4번출구 뒤,2504,365,32.487671232876714,0.8295665373587452,0.030359251138471918,0.13003879237645471,3208.821593860684,26.762776184854108,36.864939024390246,0.07454882779558104,0.25906560971496034,0.12843649856636868,0.0007788514872409,2.9701536754742683
양천공영차고지,4538,354,6.3474576271186445,1.092567868268803,0.046283934134401426,0.09256786826880285,1607.315442812639,19.156208277703605,42.50344462109168,0.06631063640409435,0.20738762794837562,0.09879839786381843,0.0006045874959489,2.9973844151938014
동대문역 8번 출구,393,364,63.260989010989015,1.0305728058366266,0.029530551092196117,0.08255526121509532,2403.2823237938064,28.623138055326358,39.212819203268644,0.09067616276544925,0.14257176358188214,0.11703652234333609,0.0012681498707809511,2.7782478107991073
에이스에이존빌딩,2116,364,16.40934065934066,1.0165745856353592,0.03214465092918132,0.12087728109827557,2458.9911786372013,21.331156872593336,34.36895821297901,0.05658797923991294,0.2449355432780847,0.08638874937217479,0.000551181678539,3.003839301641219
관악우체국,2164,365,21.991780821917807,0.994269340974212,0.032515260994144764,0.12408122586271335,1789.455120219259,18.341597109754577,34.75228712174525,0.1391553506914165,0.1594618163697521,0.0662763174286782,0.0002105904117542,3.111159091654601
라이품 공영주차장 앞,2710,365,39.11232876712329,0.8021154384981788,0.0405575791538246,0.10850378257214906,2433.745984169236,17.79896329504063,37.54701854017037,0.24698795180722893,0.19907537125245167,0.11515830764920146,0.0007372709030697,2.957025311358169
문정 법조단지9,1245,365,45.32876712328767,0.9825929283771532,0.03372620126926564,0.1254759746146872,1987.077909942582,20.53230583257782,37.29419995802141,0.17431248111211847,0.2638863705046842,0.11084919915382291,0.0007717753357442,2.935211456752458
오류동 다숲오피스텔 앞,3908,365,30.794520547945204,1.2762455516014235,0.03727758007117438,0.1344306049822064,2153.6762233096088,19.345195729537366,36.13722222222222,0.21405693950177937,0.1806049822064057,0.0898576512455516,0.0003543934839844,3.072469599512207
신트리공원 입구,734,365,90.25205479452055,0.9959018881670816,0.040313277882338655,0.11523283346487766,1940.4177542347218,15.949486977111286,36.909579736804865,0.28000728553214743,0.16322627648594498,0.11933094529779613,0.0008643698897335,2.9263108404939384
한양수자인아파트 앞,4811,362,17.430939226519335,0.3993660855784469,0.03248811410459588,0.13391442155309033,2383.4869556259896,21.221394611727415,37.59601221483744,0.22234548335974647,0.1467511885895404,0.08922345483359746,0.0006878371577215,2.9484812104911793
봉림교 교통섬,2102,365,162.57808219178082,1.0290355740550379,0.02999612409632463,0.13646551288316677,3831.615012723077,27.9068603495054,34.980386883210926,0.08382062991860602,0.23526735309482483,0.08139397718272358,0.0004724303347077,3.039723808650464
브라운스톤 남산아파트,866,364,20.167582417582416,0.5604141125187304,0.0370521727285111,0.13499523225718568,2039.402179539572,18.47868137855878,38.40820101741945,0.22926031875766245,0.18662307587522134,0.08868001634654679,0.0006083507471103,2.9893615798757085
고속터미널역 3번출구,4316,361,19.390581717451525,0.7098571428571429,0.03014285714285714,0.11571428571428571,2732.9658871428587,24.18542857142857,38.410441202320264,0.12428571428571428,0.2998571428571429,0.131,0.001116329365079365,2.8341517343374587
동일로58길 입구,3863,365,32.85753424657534,0.9109480530309347,0.04869507212540649,0.11448344867839573,1703.2288968564994,14.883432002001168,33.5855472901169,0.2896689735679146,0.18552488951888602,0.11990327691153173,0.0008475599894329,2.9655844440260397
용답토속공원 앞,526,365,26.49041095890411,1.0789119867618162,0.03340572965146344,0.058537594373771845,1910.5745516599468,15.942393215430759,39.66469015230787,0.1945392491467577,0.22959975178405212,0.21284517530251318,0.0025382435589965673,2.5890101992197856
방학중학교 앞,1761,362,8.51657458563536,0.7719753486863444,0.036328251702886796,0.10444372364579954,2305.9731430424913,19.606876419072332,42.1397504456328,0.2458644177748946,0.1670450859552384,0.11676938047356471,0.0008701485025817,2.955078464051515
문정2동 주민센터,1250,337,5.356083086053412,0.8753462603878116,0.027700831024930747,0.09085872576177285,2837.265407202216,22.168975069252078,40.01349614395887,0.18448753462603878,0.12465373961218837,0.11301939058171745,0.0010378726162492784,2.8309144074094954
상암월드컵파크 1단지 교차로,416,365,20.013698630136986,0.5572895277207393,0.03285420944558522,0.09856262833675565,2269.294851471595,18.72347707049966,34.7122223947818,0.09404517453798769,0.28774811772758385,0.14140999315537303,0.0008583093701116,2.959735620992394
수명산파크1단지교차로,2739,365,130.33424657534246,1.0011561422685613,0.045215673085007985,0.10789960480955184,1387.0986302867234,13.545678129992433,38.09422217760152,0.3313293534011603,0.14563188430169008,0.16934331119145715,0.001248838018629072,2.873042985691979
종로6가역 버스정류장(동대문 방향),455,364,39.31043956043956,1.0262771682158083,0.04304982877909008,0.059053742399888184,2425.4456908239563,38.02075616744706,42.46649484536083,0.13320287930673003,0.12642392899573696,0.0948354182682228,0.0011579051608969764,2.8055552828241157
세운상가,3412,364,22.304945054945055,1.0008621751447222,0.033624830644168,0.09607094469762285,2075.178324916861,22.973026234757974,44.26891717923044,0.16701564232048283,0.14521492794679147,0.1171326518044094,0.0009082783715789,2.9003583295392845
광진구의회 앞,501,181,60.34254143646409,0.8826222303607398,0.04046877861197583,0.1069401208569859,1781.0840120856974,20.279802234023073,37.11844564682735,0.22468412378685224,0.19767441860465115,0.0971433803332723,0.0005645117973278,2.997938730620025
마천사거리 2,4493,363,10.93939393939394,1.0501133215814655,0.03550742885922941,0.11483253588516747,2877.707365902795,24.146058927222363,37.23703274413214,0.22739864014102243,0.226139511458071,0.13422311760261899,0.0009606126578287,2.9114909595517475
당고개공원 대여소,1634,365,14.610958904109589,0.9750609413088318,0.037689855615976,0.11438214888430527,2440.4310969435583,21.37521095068442,36.20828859780975,0.17063566472904557,0.18638664916557285,0.08475529720607539,0.0005656526745896,2.9667676044945157
구파발10단지 인근,959,364,11.37087912087912,1.0430055568978014,0.027059676250302006,0.14906982362889587,3104.792152693887,26.882821937666105,37.33737596471885,0.1087219135056777,0.18096158492389466,0.07006523314810341,0.0003580867035233,3.0581746548913795
마포아트센터 앞,5503,365,40.367123287671234,0.9935523279489615,0.04099362019818108,0.11619383738292385,1942.22866634994,17.45201574589385,40.711761167092796,0.23408443056875256,0.1914619247997828,0.10105877562101262,0.0006893667997647,2.9424736999423673
디지털미디어 시티역 4번출구(DMC역),948,365,22.28767123287671,1.0473263675476336,0.0395820528580209,0.10079901659496004,1809.3736594960055,17.127350952673634,38.89068100358423,0.13841425937307927,0.2883835279655808,0.17062077443146897,0.0014898222176638251,2.7884988926127523
LG전자가산A와 가산테라타워 사이,3987,365,33.85479452054795,0.9887513150441045,0.03957271182325807,0.08926114752771708,1398.6473885247228,12.364570688678482,33.125855256817964,0.3788136279032127,0.15659140568099053,0.24326292789512016,0.002153328918412406,2.7834092247932767
해뜨는 주유소옆 리엔파크 109동앞,1016,365,25.364383561643837,1.0075610282998488,0.03510477424929791,0.11579174767768416,1958.3854590624314,20.291099589544178,62.68531556449585,0.15262475696694752,0.22747893713545042,0.08284726722834306,0.0004662340980512,3.0320981232184216
오류동역 2번출구,1941,365,31.91780821917808,1.1981115879828326,0.04240343347639485,0.11184549356223177,2162.864363090128,19.744721030042918,37.70933333333333,0.23072961373390555,0.21802575107296135,0.1278969957081545,0.0008418807472764,2.948740318870541
목동아파트 1422동 1434동 사잇길,797,365,125.24383561643836,1.0048562803517522,0.043597147482171764,0.1260445377783611,1606.3249492496823,15.936977731110819,35.694434311324194,0.2691735573347333,0.1615260095375596,0.11386008662554141,0.0008157175289975,2.9253141763235146
본 서부병원 교차로 사거리,4657,365,36.74520547945205,1.0203549060542798,0.03347748285117805,0.1345809722636445,1716.3212466447958,16.937145839546673,37.08920584015529,0.18446167611094544,0.22621532955562185,0.08030122278556516,0.0006535829388495,2.947123003540257
마곡13단지 정문 앞,2733,365,163.14246575342466,0.9463449040253917,0.050548306379834415,0.1130871412497691,1077.5910084471107,10.130132500377853,37.46639913869042,0.35595412027474094,0.11906561203755016,0.18882563353317547,0.0017705050764127517,2.7447517661754137
답십리역 8번출구 앞,538,117,9.11111111111111,1.3395872420262664,0.05065666041275797,0.1200750469043152,2599.13030956848,22.93808630393996,40.704837117472856,0.09193245778611632,0.20168855534709193,0.17073170731707318,0.0014160700715464367,2.8239739406907653
엠펠리체 호텔 건너편,1197,365,64.58082191780822,1.014720855251994,0.03847785508230103,0.11102155099270321,1713.4518827422357,15.193449855761072,34.39166624880911,0.0787374851518751,0.27969624978788393,0.11038520278296284,0.0007751392173634,2.9573908278192693
올림픽공원 북2문 B,4481,365,66.8054794520548,1.0292814960629921,0.028461286089238844,0.130249343832021,3027.766099081366,25.10182906824147,39.2063499507574,0.12791174540682415,0.2577919947506562,0.11027723097112861,0.0008532945623111,2.8926573192872604
중랑천 뚝방길 산책로 입구,3879,365,38.443835616438356,1.0951396807297606,0.0294327251995439,0.11901368301026226,4152.139562428735,30.719712086659065,37.7574479303981,0.2718072976054732,0.22234891676168755,0.09627993158494869,0.0008006785426184,2.9331992798484956
독산역 2번출구 자전거주차장,1804,365,43.97808219178082,1.0018689259905307,0.042300024919013204,0.08484923997009719,2433.800969972587,17.930538250685274,38.74912663755458,0.2666957388487416,0.2742960378769001,0.13749065537004734,0.0013284291951909403,2.8281530249347684
배명고등학교,2631,365,21.85753424657534,1.100526447731261,0.03898220105289546,0.10278265229380797,2686.675047630985,24.093381799949864,34.677320221266136,0.22536976685886187,0.1506643268989722,0.09125094008523439,0.0007516163787272,2.9277615026580173
목동5단지아파트 534동,793,365,93.3890410958904,0.9694311614398451,0.03810836975973245,0.13958400563264586,1824.779566696979,20.202863261654002,39.751705944424906,0.13345263590225012,0.1934168451315751,0.0812919881479743,0.0005793285874301,2.9625345601837676
래미안금호하이리버 아파트 102동 옆,524,360,9.527777777777779,0.9259475218658892,0.035568513119533525,0.11632653061224489,3578.831690962099,24.73206997084548,41.20402010050251,0.2361516034985423,0.17463556851311954,0.15685131195335278,0.000749871203514,3.020280118466991
부산은행,4796,176,50.50568181818182,0.8189897626279672,0.02474969062886714,0.08381145235684553,2585.223183710203,24.361007987400157,40.59070875521144,0.1328608392395095,0.27697153785577683,0.16031049611879852,0.001275634590869504,2.8009695623802937
서울미래초등학교 사거리,1920,365,38.2,0.86516531592914,0.03772502330918741,0.11582873126299935,2234.9483956107015,18.772358889765474,36.952611054594776,0.1860431757871333,0.18589973463386644,0.0863515742666571,0.0004202550248725,3.037392607221184
구로거리공원 동측(신도림역 방면),1960,365,35.69041095890411,0.8957549704459967,0.03592538573731481,0.12044215859369004,1930.5349620019947,16.44461503032164,35.233410631466285,0.24172871727949644,0.14577416135718124,0.12366623167267982,0.0006031031372742,3.0238516454025244
천동초교입구사거리 버스정류장(십자성마을 방면),1076,365,57.75068493150685,1.059016082356848,0.03747805873143887,0.1276626025902557,1977.680901845436,22.59974382086437,37.31040295829028,0.1913753024337018,0.21680345367427298,0.10361022818919303,0.0005546305314694,3.015325075668006
방학초등학교 앞,1767,365,37.56712328767123,1.205950991831972,0.03595390898483081,0.11165402567094515,2304.3964119019834,22.08401400233372,37.42465171593612,0.21528588098016338,0.15781796966161027,0.09444282380396733,0.0004436475235649,3.0386528920078657
광진청소년수련관,577,365,50.413698630136984,1.0275528503885658,0.031139611977609914,0.13738383783490027,3386.983301451006,25.68034345959459,38.29338945283486,0.12461279278300091,0.23313950328786479,0.08396282810716808,0.0005158986226331,3.012307906921734
천주교 대치 2동 교회 옆,2324,365,28.263013698630136,0.9975765800697944,0.030922838309422256,0.12970143466459869,3238.002053121363,27.192128732066692,36.89798062332205,0.1149670414889492,0.2250872431174874,0.10701822411787515,0.0008497064578709,2.91711293888866
물넘이교,4037,365,76.1013698630137,0.9869676350937826,0.03697303524498686,0.13979191417359685,2476.047745616876,19.77654174316881,37.04960195958359,0.2020016560463693,0.18655722360226087,0.11606724988299673,0.0006732655100907,2.9711954022220377
이대서울병원,3759,365,57.134246575342466,1.1063105399443751,0.034573702886736356,0.08003260765320802,1634.3798978613222,16.2230267574566,36.83628269337785,0.07451807806655797,0.21425146254915123,0.13978133691378153,0.001250149688790137,2.826455298026383
신사스퀘어,4903,357,9.602240896358543,0.9145274212368728,0.024212368728121353,0.1277712952158693,5045.105492998833,39.79375729288215,35.911388140161726,0.050175029171528586,0.2759626604434072,0.13564760793465577,0.0012325897449047595,2.863579755379142
롯데 R&D 센터,2716,353,23.042492917847024,1.050528645193017,0.03319400049176297,0.031349889353331696,1458.6514273420207,11.602409638554217,36.98708195780106,0.05347922301450701,0.2741578559134497,0.33366117531349887,0.005678719046973492,2.239897880003471
성동세무서 부근,578,365,48.75616438356165,1.0056754326815014,0.037761294672960216,0.07344347044279613,2129.574633625534,17.213306360979995,37.35351449041502,0.2781523937963587,0.20897954596538548,0.14469543717689368,0.0013974076352588228,2.817594631388342
청구성심병원 앞,4671,364,18.697802197802197,1.0208639435791949,0.03335292389068469,0.13282397884219807,2391.554642962092,22.276373787834263,36.03503401360544,0.10152806347340582,0.20628856890978547,0.08830443726124008,0.0004620481536725,3.0326046083273472
등촌역 센터스퀘어,5088,365,36.6986301369863,0.9659574468085106,0.0339678984695782,0.12467338559163867,2132.4707443075777,18.59313176558417,35.59994987887394,0.10735349010824935,0.26308324001493094,0.0942889137737962,0.0005670592808838,3.0073226912121145
잠원역 3번-4번 출구사이,2259,365,42.93424657534246,1.1159466530534108,0.032352753493714505,0.139174270946334,3055.7642907280965,28.075489758152,40.28122557448804,0.12698615276625613,0.24886733456703464,0.11511709527152064,0.000783166454329,2.9170414154608038
강일리버파크 2~5단지,1042,365,15.745205479452055,1.2039324865147034,0.036018792413433094,0.11223246911432051,2643.409370106142,25.303288672350792,43.084729255940786,0.23751522533495736,0.1696537323821124,0.10127022794501479,0.0007536254535927,2.9726315301367974
원자력 병원,1693,362,16.497237569060772,0.4911252511721366,0.03014065639651708,0.10348292029470864,2229.871496985935,21.229738780977897,35.504943107629174,0.15840589417280643,0.13345612860013395,0.1455123911587408,0.0009393408604098,2.9133991744278793
중랑세무서,1451,365,75.18630136986302,1.114929125824436,0.026381955325583937,0.1231643770724775,3259.157469300005,24.183580512334657,35.4503994817534,0.12833873847611413,0.24800495572641473,0.10662099624676602,0.0006575899587103,2.9753216570891334
종로3가역 2번출구 뒤,334,361,37.745152354570635,0.9820196682812271,0.03331865551152209,0.11235872596506678,2030.1009261705553,22.66505210626743,40.683557394002065,0.12674299134008513,0.20592984001174225,0.09797446059004844,0.0005490975231134,3.011295704043031
교대역 5번출구뒤,2279,364,39.23626373626374,1.0854922279792747,0.038019885170144235,0.11574009242403024,2406.5552534659023,27.74646408066097,40.59038994942079,0.16874387340708583,0.21817672594874668,0.10194650609158382,0.0005822695817933,2.989805731463256
서울식물원(문화센터) 건너편,1196,353,21.195467422096318,0.9846297781341887,0.027666399358460304,0.05479818230419674,1678.4718323977554,14.145950280673617,35.976779151353156,0.2117080994386528,0.2280139000267308,0.19553595295375567,0.0022520580177420903,2.6299034329655613
KG타워 앞,4797,361,22.825484764542935,1.034223300970874,0.025849514563106798,0.0766990291262136,1863.5857330097085,18.26759708737864,40.889518805309734,0.18264563106796117,0.23410194174757282,0.14089805825242718,0.0011319050877923358,2.8729466802632704
청구역 2번출구 앞,374,181,38.75690607734806,1.0816821097647897,0.03193157519600855,0.10620099786172488,2406.5200926585885,23.49422665716322,39.16030188679245,0.13656450463292946,0.19828937990021384,0.09009265858873841,0.0004522137407532,3.0445378700595627
홍남교 사거리,4272,365,35.30684931506849,1.0633972220066734,0.031504617055947856,0.12159540622332583,3629.1555590905587,25.93396446030884,36.826547085201796,0.21308295181190345,0.20128811981066191,0.11298207495926127,0.0006009464323299,2.994330300200909
국민은행 연서지점,923,365,14.24931506849315,0.990578734858681,0.03768506056527591,0.1349740434531821,2381.8895250913283,22.173043645452797,42.880639509417435,0.19534704864449146,0.16919823110940205,0.10497981157469717,0.0003560806090782,3.0822304033806853
상아빌딩(우림시장 교차로),1456,365,34.18356164383562,1.088482808367396,0.03270016830968983,0.131281558066843,2068.8419812454927,19.436322834014586,34.784618211890105,0.14618898773743688,0.16838983730063317,0.07662098260799871,0.0003879523846573,3.0553603231796234
온곡초교 교차로,1692,365,53.07945205479452,0.6985134716630536,0.02885310209559203,0.12774852895633323,1838.978947042429,16.758593991947972,35.875746160533176,0.12764529782182307,0.20486218643542892,0.080365438216166,0.0004925987213307,3.013826703172973
중랑데시앙플렉스 앞,4815,357,12.165266106442576,1.0398342159797376,0.025328114206769514,0.06769514160718397,3063.0473889016807,20.131475938291505,39.394629780309195,0.17499424361040755,0.2116048814183744,0.1922634123877504,0.0018991467782353262,2.7716698301967297
홍남교 버스정류장,4264,365,16.624657534246577,1.0232366512854318,0.043671720500988796,0.13546473302570863,3285.8823022412644,23.92254449571523,38.92023056898475,0.28378378378378377,0.16924851680949243,0.13974950560316415,0.0009925996606926,2.8888069758156094
삼각지12번 출구,848,359,18.518105849582174,1.1143200962695547,0.0299338146811071,0.1510228640192539,2599.3830159446456,22.649669073405537,37.112742330133635,0.09025270758122743,0.23661251504211792,0.11913357400722022,0.0008025875731229,2.9620972391430183
송파소방서 맞은편(성내4교),1282,365,42.90958904109589,1.1707955561231005,0.03709615630187715,0.12450517175328821,2985.4396322308776,22.950197931298685,38.198730395817776,0.2518835397778062,0.15566338909462393,0.1291661345932831,0.0007217278587159,2.9817289011972945
신내동 한살림 중랑지구 앞,4828,365,29.336986301369862,1.05668658946582,0.04258498319013822,0.11991034740381024,1690.89825737766,14.007657825924543,32.22752533507682,0.2742809114680613,0.17818453492715727,0.13111692192753083,0.0007855302283157,2.963327082263368
진미파라곤 앞,201,360,47.705555555555556,0.9908000465820426,0.025387213229300105,0.0874577850238733,3457.223239781062,27.826773028997323,39.05063553467809,0.10614882962617911,0.297135204378712,0.18341679282636544,0.001641022843051217,2.768880472784264
주식회사 오뚜기 정문 앞,2323,136,12.647058823529411,0.9459302325581396,0.029651162790697676,0.03313953488372093,2617.647796511628,24.28953488372093,40.14277180406213,0.04534883720930232,0.28488372093023256,0.3319767441860465,0.006141655023736554,2.1519257791779944
연희 브라운스톤 아파트 앞,3119,316,37.18037974683544,0.994637841518427,0.03515192782364457,0.12911737169120777,2356.812306579283,21.668822878542855,33.5037771019327,0.2029959996595455,0.17558941186483956,0.0860498765852413,0.0004832879194571,3.0134585941316674
개봉역2번출구 B,3920,363,14.066115702479339,0.9986290638464551,0.046415981198589897,0.10810810810810811,2142.374694477085,20.771249510379945,35.43163972286374,0.24245985115550334,0.18057187622405013,0.12397179788484136,0.0006953904103357,2.98350361660732
양문교회 앞,2066,365,39.21095890410959,1.1048071548351035,0.04485746226942426,0.11172442705422024,2303.823512437116,22.914058133035216,37.05245562365677,0.1732811626607043,0.16021520402459474,0.07238680827277809,0.0003042618501713,3.0709615692533405
농수산식품공사 (강서지사),1181,358,10.578212290502794,1.0417216794296276,0.03670451544758384,0.04330604700290468,1896.7365223131771,17.582783205703723,43.31009120329509,0.06891998943754951,0.1946131502508582,0.19012410879324004,0.002130863396924582,2.687129286982281
우영테크노센터 앞,4377,365,59.95342465753425,1.1239775167938582,0.029840515468628617,0.09294886441529955,2369.5182867979706,27.100397568889093,35.08898976037158,0.03701503450166796,0.36407256774665264,0.22839647214732897,0.0025317034458289525,2.6074676992281156
노원소방서인근,1666,365,20.34794520547945,0.8471792109869395,0.03770028275212064,0.13168170189847853,2312.298287330012,19.10986939544904,35.1033250466128,0.15632152955432882,0.19200215430187154,0.075669853238185,0.0003658410908056,3.048475838351915
봉원고가차도 밑,162,365,20.945205479452056,0.25310660562459125,0.03845650752125572,0.1223021582733813,2047.6304905166787,15.680575539568345,31.393367111929987,0.20863309352517984,0.15683453237410072,0.09640287769784173,0.0006964302807115,2.958951225552891
가좌역1 번출구 앞,155,365,41.88493150684931,0.9306645735217164,0.041274201988487705,0.10177917320774464,2208.3576981946617,18.90561224489796,36.807085747817794,0.27008110936682367,0.23220826792255367,0.16156462585034015,0.0011929102690063664,2.863131025870927
선사고등학교,1032,364,16.98076923076923,1.129428895000809,0.024753276168904707,0.12069244458825433,2669.3153664455576,24.287170360783044,38.383661004008395,0.19042226176994015,0.20546837081378416,0.08979129590681119,0.0006264511098644,2.97257172469896
나이아가라관광호텔,3761,364,17.392857142857142,1.0477017848681094,0.03490759753593429,0.12952140262201864,3199.50045016585,25.27594376875691,37.083126550868485,0.20344337387458536,0.19665139788343075,0.09461380508608434,0.0005673119433619,2.97663574117486
연신내역 5번출구,906,365,71.25479452054795,1.1082743771147339,0.03333589664718548,0.13534297139341742,2700.9463161334943,23.047869886188867,35.252907488986786,0.07359274069517072,0.2589203322054752,0.11058135958166718,0.0006297356438234,2.992846450244072
고려사대부속중고 건너편,1316,359,7.487465181058496,0.8262648809523809,0.03794642857142857,0.12425595238095238,2626.729810267857,20.510044642857142,33.17892052698682,0.10900297619047619,0.15401785714285712,0.0822172619047619,0.0003200770325491,3.082403985647721
충정2교,198,361,11.958448753462603,0.9585360203845263,0.03034514709288858,0.1014593467685893,2508.993412091731,20.99930507296734,37.32550724637681,0.21450081074820476,0.20616168635626592,0.1172110261755849,0.0007647958462026,2.947042241044417
백석예술대학교 제3캠퍼스 앞,2225,331,5.429003021148036,0.5809682804674458,0.042292710072342796,0.07568169170840289,1970.5198441847524,13.414023372287145,36.769573520050926,0.1196438508625487,0.29716193656093487,0.22370617696160267,0.002780874833950564,2.6277127676729077
녹사평역1번출구,811,356,19.230337078651687,0.3359626059012562,0.03578732106339468,0.13277826468010517,2368.7151679813046,18.890885188431202,34.98296880602366,0.07215892491966111,0.23020742039146946,0.11875547765118318,0.0009248463803954,2.9224422323325223
화곡본동시장 입구,3792,365,19.53698630136986,0.9363343149628384,0.03968587855840695,0.11344832421820221,2070.9198485485895,17.552517178516336,37.653207424291764,0.16855980928341047,0.218342448464451,0.08007292104894125,0.0003445042819835,3.078870683851143
서강대역 2번출구 앞,150,365,32.56986301369863,1.02414199192463,0.029441453566621804,0.12626177658142665,2595.0836532637954,22.70323014804845,34.95038863832646,0.14745962314939434,0.21845558546433377,0.08075370121130551,0.0004218526888641,3.0358824999507648
우리은행 시흥남자동화점 앞,1868,365,12.169863013698631,0.9362899594777128,0.03939666816749212,0.11773975686627645,3121.20365150833,23.05673120216119,38.26299522337735,0.289959477712742,0.16141377757766773,0.12561909049977488,0.0007251184656514,3.003543137198908
명동성당 앞,322,351,19.045584045584047,0.9597606581899776,0.033657442034405384,0.12774869109947645,2369.978127150338,26.388930441286462,38.913927182750086,0.11952131637995513,0.2547494390426328,0.13986537023186238,0.0011945216831101655,2.8031795763482674
위례포레샤인18단지 1812동,4883,321,8.29595015576324,0.1310552009012392,0.04693954187007135,0.15358618099887344,2466.6796582801358,18.78445362373263,40.51695652173913,0.22268118663161846,0.12054074352234322,0.07885843034171987,0.0004894835821554,3.0211329853267
독립문역 사거리,348,364,30.282967032967033,0.725120203211467,0.03773927243037286,0.11104055157398167,2150.838035017691,16.250476276875624,39.23375815977619,0.30717590492606367,0.12673500861834347,0.15313435543862833,0.0010019842083044681,2.954489704293514
가좌삼거리,3121,365,35.961643835616435,0.976611305805272,0.03458784092640561,0.13355172939204632,2053.898405454824,18.031616638732288,37.61444734551784,0.12128599725735181,0.22809690690233125,0.08860277312204784,0.0005439518985536,2.996050357539435
녹번초등학교(서오릉로),982,365,26.13150684931507,1.0255818829943384,0.03396938561543301,0.12287691339903543,1935.768821555881,19.313063535332354,37.72095249491444,0.1635563011113441,0.2244705388970434,0.09383518557349549,0.0006139767159842,2.995371451428432
녹천역 4번 출구 옆,4033,363,13.81267217630854,1.1063023534104508,0.030913442361388113,0.13003589948145194,2550.1269285999197,22.541084962106105,37.13961255845023,0.13422417231751096,0.15416832867969685,0.12325488631830873,0.0010449663845986813,2.854626042067064
상월곡역 1번출구,1326,365,22.482191780821918,0.9166463563246405,0.04277358030709237,0.12210577626127224,2552.063140385084,21.474043382890567,38.58000280465573,0.15927370216914455,0.1742627345844504,0.06836461126005362,0.0002318127751322,3.103385529569891
롯데캐슬시그니처아파트 앞,5328,365,26.70958904109589,0.863268027489999,0.03805518514719458,0.11519130167196635,2325.9272735665204,22.84962560262591,40.16345202769535,0.22638219304544055,0.16647861319109653,0.09939480972407426,0.000570825812454,2.995177176122156
아현래미안푸르지오아파트 104동 앞,5507,346,8.621387283236995,0.23030506201810258,0.028159570901776735,0.09654710023466309,2191.837163928931,19.078109285953737,40.04706734250543,0.33389205497820984,0.11397921555481058,0.15688903788132752,0.0012739104409722915,2.886267010666566
성지아파트 옆 도로변,1855,346,4.017341040462428,1.1165467625899281,0.039568345323741004,0.10719424460431655,3017.5710359712234,32.22230215827338,52.21746431570109,0.2014388489208633,0.11942446043165467,0.11726618705035971,0.0010684797485752406,2.8413896217018637
파크팰리스,3405,347,29.00576368876081,0.8849478390461997,0.03199205166418281,0.10581222056631892,1699.7318658718327,18.39751614505713,39.71943731159987,0.30432190760059613,0.17536015896671633,0.12319920516641829,0.0009846626275952,2.880320977209738
목동아파트2단지 222동 앞,4526,365,41.70958904109589,1.0024960588544403,0.04308985811875985,0.11862848134524435,2042.536855622701,18.39582238570678,40.00275195239866,0.3200210194429848,0.14010772464529692,0.1735417761429322,0.0012473285413372407,2.8681093120645778
청량차도 육교 밑,667,364,14.85989010989011,0.727491218339804,0.03549639489739324,0.11998520983545942,2431.1462895174695,20.424292845257902,38.11042421658495,0.25254205953041226,0.1815492697356258,0.1149935293030135,0.0007928904161782,2.964403990368213
길음8골어린이공원 옆,1346,365,23.21917808219178,0.9497345132743363,0.03233038348082596,0.12188790560471977,2173.81900058997,17.00566371681416,42.04802561366062,0.23740412979351033,0.1504424778761062,0.1465486725663717,0.001003217065056285,2.9530534197525045
보아스아파트 앞,759,315,19.653968253968255,1.0549184299790018,0.04797286383459861,0.12340494265869811,1753.5808738491357,16.03650460345663,37.61461794019934,0.2650621870457115,0.16087869487966402,0.135034727830722,0.0007626714956576,2.9646666996794107
거여동사거리 송파둘레길 입구,4881,356,6.429775280898877,0.9895150720838795,0.049366535605067714,0.11227610310179117,1974.307260812582,16.197903014416777,37.57669322709163,0.25382262996941896,0.17343818261249455,0.11882918304936653,0.000566492822849,3.0296431158226116
송파레이크힐,4896,329,4.2522796352583585,0.8842030021443888,0.027162258756254467,0.0814867762687634,2068.4811579699785,18.41529664045747,38.57924376508447,0.2537526804860615,0.19156540385989992,0.10793423874195854,0.0008196858322449,2.9332330571626937
용산 파크타워 앞,840,364,14.173076923076923,1.018802093428959,0.031207598371777476,0.13568521031207598,1767.4175033921306,18.783679007559606,38.54870277651343,0.188020934289591,0.1948051948051948,0.08024811009885637,0.0007096564788184,2.9304709513093425
화곡본동시장 버스정류장,1130,364,14.796703296703297,0.9559970293353138,0.03620497586334943,0.11864092090605273,1696.9895154103222,14.69513553657631,37.614057783527386,0.16134422577051616,0.20980319346453769,0.08744894170070554,0.0004825023838199,3.0306567979012233
불광역 9번 출구 맞은편,4653,351,21.210826210826212,1.0377434519811954,0.028072531900604433,0.13190060443250504,2366.6379126930824,23.48650100738751,39.28473767885533,0.09872397582269979,0.23653458697112156,0.0842175957018133,0.0005438403815378,3.005255932852889
서울혁신파크,919,365,15.32876712328767,0.9998212689901698,0.035924932975871314,0.13672922252010725,2481.06290616622,24.994995531724754,41.35453996376082,0.12010723860589813,0.2434316353887399,0.1065236818588025,0.0006482268454296,2.9751464827855383
디에이치퍼스티어아이파크 159동 앞,4933,204,5.686274509803922,0.9568965517241379,0.03017241379310345,0.14051724137931035,2732.6373706896547,23.45603448275862,47.17155963302752,0.22241379310344828,0.1560344827586207,0.15689655172413794,0.0011468655040295943,2.881170368121179
방학동학마을도서관,1723,175,10.382857142857143,0.9554210236653825,0.035222894881673086,0.1309851403412218,2245.9070941111722,19.707209686296093,42.445139283683915,0.21188772702256464,0.1205283434232251,0.11777655476059438,0.0008696954406195,2.92039188065133
용마지구대 B,1480,365,18.068493150684933,1.1293404094010615,0.030326004548900682,0.14329037149355572,4106.3780909780135,31.712661106899166,38.89733059548254,0.11705837755875664,0.24973464746019713,0.0931008339651251,0.0006376584277317,2.992666693817884
아리랑시네센터 앞,1344,347,7.161383285302594,0.7187122736418511,0.023340040241448694,0.1420523138832998,2219.140869215292,19.124748490945674,39.671688081524145,0.08893360160965795,0.2346076458752515,0.08209255533199195,0.0003838858660571,3.0636413153715165
강남구청역 2번출구 뒤,2353,364,22.85164835164835,0.5627554700649194,0.03125751382543881,0.09942293820629959,2576.911317624429,22.67155566241885,39.34880198292481,0.12106275547006491,0.25318586198605436,0.12983890358259198,0.0008096177522866,2.9472754160059877
한국전력공사(동대문 중랑지사),1454,365,24.58082191780822,1.0841506910387873,0.034886312973695946,0.11781096745430228,1687.130031208202,16.840169415960766,34.710251171734164,0.1758805171645118,0.18925546143557737,0.08114132857779759,0.0004446582059173,3.03597884689495
북한산보국문역,1357,363,7.763085399449036,0.9641589779985805,0.0361958836053939,0.1433640880056778,3031.619996451385,29.869765791341376,44.82035685320357,0.12668559261887863,0.15684882895670688,0.10007097232079488,0.0005151340106962,3.025614440513541
구룡사 삼거리,2258,356,11.370786516853933,0.4409584980237154,0.04125494071146245,0.10770750988142293,2071.921519268774,16.24629446640316,39.60509745127436,0.22900197628458496,0.19145256916996045,0.1133893280632411,0.0008317244016032,2.9421634223983775
신영동삼거리,447,344,3.796511627906977,0.9196018376722818,0.039816232771822356,0.12710566615620214,4017.43584992343,27.042113323124042,41.54306436990027,0.14931087289433387,0.18376722817764166,0.09800918836140889,0.0005914664024967,3.0147771920361026
명일동신동아아파트 앞,3661,357,8.53781512605042,0.9698162729658792,0.035761154855643046,0.10072178477690288,2069.144645669291,18.95472440944882,34.83305647840532,0.1466535433070866,0.16371391076115485,0.09776902887139108,0.0006763682508846,2.9732272820644337
무악재역 4번 출구,3111,358,7.148044692737431,0.9488081281750684,0.025400547088706527,0.13286440015631107,3630.028702618211,27.368894099257524,40.22712933753943,0.16686205549042596,0.23876514263384135,0.09769441187964048,0.000534472708251,3.0261914400660737
동명근린공원 진입로 (아리수로),1053,363,10.112947658402204,1.0057205121220376,0.036229910106238085,0.11168618904930537,2181.624745301008,26.579678561699808,39.931405721316516,0.18687006265322803,0.17515663307000817,0.10133478616180877,0.0006298707429287,3.0010085023604907
영어마을 관악캠프,2130,316,5.177215189873418,0.48655256723716384,0.02078239608801956,0.13447432762836187,2008.5508068459658,23.7940097799511,42.099236641221374,0.07762836185819072,0.25122249388753054,0.1100244498777506,0.0011815095391719454,2.802894778522707
수서동 성당 맞은편,2422,363,16.754820936639117,1.0388030253206182,0.03189740217033871,0.13515291022689904,2484.8961048997044,20.030253206182177,41.46446942274719,0.15356790529431108,0.18974021703387045,0.10506412364353832,0.0006387567972146,2.971676930333283
우이동 먹거리마을,1572,346,4.46242774566474,0.7376943005181347,0.033031088082901554,0.17422279792746115,3954.1821437823824,27.99417098445596,44.57048940832725,0.11852331606217617,0.2072538860103627,0.16839378238341968,0.001716931811741404,2.702227401530031
월계2교 버스정류장 앞,1349,360,12.069444444444445,1.0982738780207135,0.029689298043728423,0.1291139240506329,2677.8550356731876,22.12036823935558,38.19054054054054,0.24073647871116227,0.13901035673187573,0.08952819332566168,0.0006064511592745,2.984799377578639
용마복지센터 앞,4834,350,14.342857142857143,0.44183266932270915,0.0350597609561753,0.09561752988047809,2365.7601274900394,20.111752988047808,32.05218651848273,0.11752988047808764,0.1653386454183267,0.11115537848605578,0.000593815530265,3.0113381509583963
흑석동주민센터 입구,4180,356,7.216292134831461,1.1852861035422344,0.030751265083690152,0.12378357337485403,4406.397571039316,31.480342545737642,39.40602582496413,0.23082911638769948,0.15998442973919813,0.08913974309069676,0.0004487596743613,3.0367583950433055
잠실나들목5,4863,357,13.817927170868348,1.0520981147374822,0.027163997567403203,0.14149604703020474,3178.561603486722,29.58159335090209,40.01843657817109,0.14169876342996146,0.2574498276910602,0.10784512467058585,0.0009178501726728,2.8611887438974595
이촌역5번출구 앞,855,353,6.172804532577904,0.9224414869206058,0.034878384580082605,0.15419917393299679,2626.931890775585,26.089949518127582,36.371024734982335,0.12620468104635155,0.27351996328591094,0.11381367599816429,0.0009179747178304,2.8895688112373885
관악우체국 교차로,3807,364,11.107142857142858,0.9633935196636161,0.03710116250309176,0.12317585951026465,1836.4435147167942,17.661637397971802,35.15468796214138,0.2503091763541924,0.1419737818451645,0.130596092010883,0.0005924489818315,3.0332714048267158
길음뉴타운푸르지오아파트 3단지,1379,291,8.625429553264604,0.046215139442231074,0.027888446215139442,0.12669322709163347,1667.5158804780879,11.455378486055777,43.32249198350893,0.450996015936255,0.08486055776892429,0.2868525896414343,0.003265449710674787,2.6314585943107986
삼육대 도서관,1679,329,11.106382978723405,0.6948549534756431,0.013136288998357963,0.06951286261631089,3972.8005692391907,26.50437876299945,28.69389796598866,0.042145593869731796,0.15790914066776138,0.12178434592227695,0.0012406223664433844,2.811615493523743
공릉동 풍림아파트 112동 앞,5331,359,7.512534818941504,1.0441230997404523,0.028921023359288096,0.10048201705598814,1713.0312829069333,15.517241379310345,36.40130772374336,0.3314794215795328,0.1624026696329255,0.13348164627363737,0.0010848604504645825,2.865792252406646
K스퀘어 마곡,6183,184,53.22826086956522,0.994792730243006,0.02858893199918317,0.10588115172554625,1350.1568041658156,12.556463140698387,37.475765645805595,0.1416173167245252,0.23820706555033694,0.16632632223810495,0.001476500169945179,2.7518232880416553
광진문화예술회관 앞,501,184,65.16304347826087,0.8040033361134279,0.03452877397831526,0.12110091743119267,1697.0887631359444,18.80116763969975,36.51535595609707,0.21075896580483738,0.2079232693911593,0.0926605504587156,0.0005705894267989,2.997538681614746
서대문우체국 정류소 옆,4277,184,8.951086956521738,0.9678202792956891,0.03885853066180935,0.11900425015179114,1990.7976381299331,19.802671523983,32.646872525732384,0.2034001214329083,0.1791135397692775,0.10443230115361263,0.0004716803545959,3.045708717859819
서울경찰청,461,184,27.918478260869566,0.9602881058983843,0.032898578937122835,0.08604243722016741,1643.4507397313605,19.627992992018687,40.89419876367094,0.2569593147751606,0.19661280903250924,0.13256764648627603,0.001023400899471876,2.852323200021269
K&S빌딩 앞,3501,184,63.52717391304348,0.9864830182222603,0.04029429378047737,0.12079733082385148,1955.7393412610156,20.963042176405168,35.01838434086731,0.19958935751561296,0.1851313200444863,0.08358285567627684,0.0003401439244598,3.0719281090776156
오금현대 아파트 상가입구 앞,5782,184,20.081521739130434,0.9889039242219215,0.03382949932341001,0.12016238159675237,2080.640836265223,18.20784844384303,36.775707384403034,0.1634641407307172,0.23599458728010825,0.1128552097428958,0.0007523026287011,2.93874327356314
마스터밸류에이스 지식산업센터,6178,184,25.320652173913043,1.0100880017171068,0.0403520068684267,0.10259712384631896,1986.7915174930238,20.59111397295557,35.45194934194189,0.08800171710667526,0.28589826142949126,0.20068684267010087,0.0015985208478750147,2.847921634245062
둔촌신성미소지움아파트,3655,142,21.45774647887324,0.9038398424680013,0.034460124712832295,0.13948145717098787,2318.514223826714,20.70659665244503,37.99831932773109,0.2622251394814572,0.17919264850672792,0.1279947489333771,0.0007238767744122,2.968164979227575
한강버스 여의도 선착장,5891,108,141.62037037037038,0.9116704805491991,0.014449166394246486,0.19718862373324617,5746.693268388362,47.32206603465185,34.98792783231627,0.028636809414841452,0.22353710362863682,0.11343576332134685,0.0013075297647471105,2.76771752874679
헌인릉 입구,4343,211,1.7725118483412323,0.7994652406417112,0.034759358288770054,0.0962566844919786,4181.555080213904,29.334224598930483,35.99076923076923,0.19518716577540107,0.17112299465240643,0.19518716577540107,0.002856647236758908,2.529164536517027
서울추모공원 입구,4322,286,1.9475524475524475,0.5906642728904847,0.02154398563734291,0.13824057450628366,4450.770861759424,25.49012567324955,54.31713554987212,0.01974865350089767,0.25673249551166966,0.2333931777378815,0.00419393754872878,2.244880162513764
강동구 자원순환센터,4968,19,1.7894736842105263,0.8529411764705882,0.0,0.029411764705882353,2828.9508823529413,21.735294117647058,54.81481481481482,0.0,0.08823529411764706,0.47058823529411764,0.009509563629373318,1.6687379971639458
광진구의회 앞,501,181,60.34254143646409,0.9347189159494598,0.04046877861197583,0.1069401208569859,1781.0840120856974,20.279802234023073,37.11844564682735,0.22468412378685224,0.19767441860465115,0.0971433803332723,0.0005645117973278,2.997938730620025
부산은행,4796,176,50.50568181818182,1.0218247271909102,0.02474969062886714,0.08381145235684553,2585.223183710203,24.361007987400157,40.59070875521144,0.1328608392395095,0.27697153785577683,0.16031049611879852,0.001275634590869504,2.8009695623802937
청구역 2번출구 앞,374,181,38.75690607734806,0.9636493228795439,0.03193157519600855,0.10620099786172488,2406.5200926585885,23.49422665716322,39.16030188679245,0.13656450463292946,0.19828937990021384,0.09009265858873841,0.0004522137407532,3.0445378700595627
광진문화예술회관 앞,501,184,65.16304347826087,0.8514595496246873,0.03452877397831526,0.12110091743119267,1697.0887631359444,18.80116763969975,36.51535595609707,0.21075896580483738,0.2079232693911593,0.0926605504587156,0.0005705894267989,2.997538681614746
서울경찰청,461,184,27.918478260869566,0.8183764843293752,0.032898578937122835,0.08604243722016741,1643.4507397313605,19.627992992018687,40.89419876367094,0.2569593147751606,0.19661280903250924,0.13256764648627603,0.001023400899471876,2.852323200021269
K&S빌딩 앞,3501,184,63.52717391304348,0.8465223714603474,0.04029429378047737,0.12079733082385148,1955.7393412610156,20.963042176405168,35.01838434086731,0.19958935751561296,0.1851313200444863,0.08358285567627684,0.0003401439244598,3.0719281090776156
염창역 1번 출구,1169,365,63.63835616438356,1.0592388496641985,0.03784225934217324,0.10973824694334423,1868.6423652488363,16.940201480971243,36.82722663350234,0.14508351988978818,0.26941622180127434,0.12915446874461856,0.0008871438072244,2.9199668945870476
잠실주공 521동 건너편,1232,365,86.69589041095891,1.0061307040829226,0.03254961446087726,0.14419795221843004,1837.3929263051473,19.356750094804703,37.795708406819514,0.06645809632157755,0.30691442295537863,0.12760712931361395,0.0014170481118198606,2.736301959219289
광진 캠퍼스시티,3579,365,72.34520547945205,0.9543664318715444,0.03930924789820495,0.10524123305309399,1997.7479205483592,18.606756040293874,32.696869092082814,0.2342649397864122,0.21866242520639248,0.10929334242217678,0.000732792072129,2.9768503589606814
성수아카데미타워 앞,508,365,146.41095890410958,0.9374812874251497,0.040568862275449105,0.07651571856287426,1731.5976912425187,17.486732784431137,38.20334397260564,0.28276571856287425,0.2307447604790419,0.14245883233532936,0.0013687958647948617,2.7991827329166536
대방역6번출구,259,365,91.83287671232877,1.0523583639130045,0.03791879232674006,0.10051015841761389,2646.7582037053626,21.719860377696232,40.09026720199363,0.37068528297383574,0.15567290193621527,0.16683075270741968,0.0015197584019869196,2.8406462474416303
보라매공원 보도육교,2176,365,70.93150684931507,1.059289300888374,0.038084202394747003,0.13178833526458092,3395.3193742757785,27.367052916183855,37.15569368473396,0.21467748165314793,0.19729625337968326,0.10104287369640788,0.0005448999088109,3.002577170785457
청파동삼거리 앞,4638,363,20.05785123966942,1.1219612690564482,0.038868287323169895,0.11358329899739047,1998.2938923224829,21.135420958659523,38.41233494902223,0.21865128416426316,0.16096690015107817,0.08254360664743854,0.0005278470367841,2.9998167247907137
"발산역 1번, 9번 인근 대여소",1153,365,235.72876712328767,0.9966992480329145,0.037993514719726645,0.11854813402912565,1506.345152078662,13.6430655152776,35.66705936518254,0.12469636568612638,0.2511709533826897,0.0960123661975105,0.000589755623566,3.001519282993186
"마곡역 버스정류장(마곡나루역1번출구, 웰튼병원 방면)",1191,365,106.85479452054794,0.9925388441618379,0.03910055894569509,0.12855750987128864,1340.5032870109221,12.605635608430337,34.31275939760465,0.11417363212142967,0.28016511973744934,0.10281524024409004,0.0008193209022907,2.9237122858193243
영등포전화국사거리 (서강어린이공원),287,365,68.47123287671234,0.9957986555697823,0.03653169014084507,0.12580025608194623,1716.781677736875,19.736395646606915,34.796156139626625,0.2425176056338028,0.19374199743918052,0.12291933418693982,0.0007702293568058,2.9436408612311036
서울역 서부교차로(3),4794,365,42.821917808219176,1.118042226487524,0.035892514395393475,0.08707613563659629,1760.6163026231593,15.707421625079974,39.860840691268585,0.3127319257837492,0.20505438259756878,0.16487523992322456,0.0012580642140772146,2.845249566837063
가락미륭아파트 앞,1258,363,14.702479338842975,0.7234401349072512,0.03391418399850103,0.12385235150833802,2011.6529361064263,16.871275997751546,38.38,0.19392917369308602,0.18868278058834553,0.09387296233839236,0.0004563180866953,3.035211958933373
섬유센터 앞,4906,365,49.013698630136986,1.0014533258803802,0.02806036892118502,0.09295695919508105,3717.420245947456,29.38982671883734,38.78130304217261,0.10134153158188933,0.23107881498043598,0.1693683622135271,0.0014359630605628134,2.839481510159839
금천구청앞(M빌딩),1865,357,9.11484593837535,1.1029502151198525,0.04025814382298709,0.10817455439459127,1978.0177535341115,17.538721573448065,39.4336850037679,0.18592501536570377,0.2538414259373079,0.13675476336816225,0.0012266584907229259,2.823865582829926
도봉한신아파트 주변,1770,365,33.0,1.0297218762972187,0.039103362391033625,0.09995848899958489,2436.880313823162,20.944126193441264,34.30812550281577,0.14744707347447072,0.18804483188044832,0.1266085512660855,0.0010387849634830135,2.8689623474215664
버스정류장 앞,1736,362,14.51657458563536,0.8068506184586108,0.03177925784966698,0.11512844909609896,1793.8175661274977,16.039010466222646,34.863861386138616,0.10218839200761179,0.22435775451950524,0.0867745004757374,0.0008067814506978,2.9176529561286966
은평뉴타운 푸르지오,904,364,18.38736263736264,1.1255042581801882,0.03436426116838488,0.13566412669953684,2057.605357836546,19.021365605856865,42.8104216660953,0.32660989093082327,0.11265501269983565,0.15090392947855968,0.0010842189645908372,2.8952346373447577
영등포역 1번출구,3219,365,110.81643835616438,1.1570411392405062,0.04519382911392405,0.12020371835443038,1695.9788449367127,14.216920490506329,36.99216544731839,0.20606704905063292,0.2526206487341772,0.12124208860759493,0.0010503755405885603,2.885503051206805
중부경찰서앞 사거리,4784,361,14.75623268698061,0.9245353857706026,0.035104186221137604,0.07058381828421251,2115.9449127088433,23.269194668669044,37.46696793630299,0.1434203116200488,0.23014830110756523,0.12333395907640322,0.0010614270462654908,2.890584140313797
등촌5단지아파트 버스정류장,1117,365,114.22465753424657,1.004269404202245,0.038568550321404584,0.10771850714765423,1495.3556572004225,15.293893312865778,35.87369508178418,0.1598867888323899,0.22613451021778758,0.10783843423198695,0.0006522065317601,2.964555633622767
월계 롯데캐슬아파트 뒤,5309,365,32.945205479452056,1.044158004158004,0.0340956340956341,0.12124740124740124,3165.9937222453195,21.71800415800416,38.231039726287776,0.23168399168399167,0.15800415800415799,0.09147609147609148,0.0005994611475381,2.9894317695326786
영등포공원 분수대 앞,295,363,9.451790633608816,0.9828038472748469,0.040221509763917224,0.12357913144855727,2133.1485601865347,20.36403380938502,38.078769438810006,0.366656951326144,0.14164966482075197,0.18595161760419704,0.0014118284084447708,2.854902843044366
역삼빌딩 앞(하나은행 옆),2349,354,14.556497175141242,0.515039782650883,0.02969144187851737,0.09043275761692218,2530.9056510770415,25.499320784009313,38.62345276872964,0.11915389093731807,0.17601397244323697,0.1228410634581797,0.0007333160096527,2.9673471802012186
우장산동 가곡어린이공원앞,5061,365,117.47671232876712,1.0271927983395135,0.03948319690291285,0.12707852328645725,1673.8655040929077,15.374332423797197,34.62911367417726,0.16847407822010774,0.2016604864852259,0.07735721448727816,0.0004342508241852,3.0406957070759795
증미역 2번출구,3769,119,45.69747899159664,1.098749540272159,0.03972048547260022,0.08845163663111438,2450.5729109966906,22.005148951820523,37.528294573643414,0.16973151894078706,0.2655388010297904,0.16164030893710923,0.001427297749470371,2.804447556500998
신목동역 2번 출구,744,365,99.96986301369863,0.9905176902628189,0.039847625311737786,0.09559045191701608,2065.7815273096085,16.154430102222587,40.41714357194233,0.1931266957165173,0.2252185590177862,0.12058428567513498,0.0008932918794014,2.89474252905948
구의역 리버비스타 오피스텔,3570,365,89.31780821917808,1.0120548449434066,0.035213643753259104,0.12935186037238122,2119.699477316647,22.011318671206404,34.89660609970254,0.1153645593693445,0.21643507867856815,0.08904634827152541,0.0004426275684208,3.034344667996786
미호 플랜트 앞,1030,365,44.0,1.0014321295143214,0.04508094645080946,0.11693648816936489,1761.6816886674978,16.471108343711084,35.55627120991758,0.23069738480697385,0.2222914072229141,0.10572851805728518,0.0007424471389547,2.945244452114168
엘아르베뉴 102동 앞,3988,365,29.912328767123288,1.0361787873236856,0.045337973987909876,0.09177505037552665,1412.252614031872,12.561916101850155,33.8970465890183,0.23520791353727788,0.2868657263235025,0.13995237222934603,0.0012238401228892126,2.871164406252444
삼육서울병원 버스정류장,670,365,91.06027397260274,1.058218250744652,0.02909408189668141,0.11547371904804886,2879.754273550566,22.98992087131811,32.15841259429321,0.10972711135180671,0.2203568312422902,0.08734241959262268,0.0004229096590832,3.0505503596975236
LH 서초 4단지 403동,2549,362,15.624309392265193,1.0144978783592644,0.03129420084865629,0.10944130127298445,3670.6021428571435,25.24045261669024,40.89444554259735,0.33663366336633666,0.15364214992927863,0.1456859971711457,0.0010931339458961048,2.8774205343461157
자교교회 앞,4710,348,24.887931034482758,1.0452603625447408,0.02805680637339799,0.12423507678097218,2272.1558780741248,24.546472693684333,38.425715405723246,0.199399607435631,0.17457568410114305,0.09918023322941924,0.0007831165430153,2.9184939464037596
반포천 앞,2540,363,31.831955922865014,1.0420597144093466,0.035655560363479014,0.11414971873647771,2049.769136304631,17.204673301601037,38.82025414686196,0.1731717871051493,0.22881869320640413,0.11389009086975335,0.0006469394794989,2.9759636228227415
왕십리역 4번 출구 건너편,559,365,56.632876712328766,1.028058632867302,0.0291713027913502,0.12926321900246723,2660.3402462386903,23.871317304436168,37.988390823751594,0.08204731266024866,0.2801993130472643,0.1177495041362295,0.0008659522757442,2.9187339262795895
한강대교 북단 교차로,829,345,64.34492753623188,0.9217982792017658,0.02000090094148385,0.13883508266138114,4383.472867246272,32.382855083562326,35.5245357006699,0.11770800486508401,0.25501148700391907,0.10716698950403171,0.000821435646833,2.936754553717037
레이크펠리스101동앞,2646,365,105.94246575342466,1.0382218314412062,0.03817011042437094,0.13607799529338746,1863.9030292999548,20.974889446326515,37.19514492981189,0.17574801520597894,0.2025653624350255,0.08073650727973312,0.000548724311029,2.9794416392551653
마곡엠밸리10단지 앞,1168,365,61.52602739726027,0.905330186578795,0.05757670214187113,0.11680099746181591,1070.8306336554303,9.876430511644475,38.95340483399189,0.2836532039007882,0.14939662466046222,0.13487999287527275,0.0009147718823566,2.9108217515405794
종로꽃시장 입구 옆,457,364,31.689560439560438,1.0344169917641959,0.03814477676636324,0.08019072388383182,1822.253173818812,22.03233636757694,43.136556318126765,0.19540528825314263,0.19895968790637192,0.09622886866059818,0.0007845742232278,2.930124257198373
프라자 아파트 앞,1027,365,29.44931506849315,0.9712531398269606,0.03953856172667225,0.12373244022699786,1815.6434691599218,17.994790213043075,37.96779388083736,0.2765838682668155,0.14094334356684343,0.11601079170155364,0.0008428482114472,2.923509167992571
삼전역 4번출구,1221,365,54.391780821917806,1.0553568730166725,0.03324434594267869,0.13181886868483353,2219.8973701707555,23.265451065330176,36.86318234610918,0.18742759280713245,0.2005742205208281,0.0927819473127487,0.0004550538710836,3.037489477645081
K+ 타워 앞,2365,364,19.195054945054945,1.0520967511092028,0.028481465578932302,0.13596679547731502,4017.960788607414,30.905538857878916,37.890243902439025,0.037784456848432804,0.28080721339630743,0.12423071418348361,0.0007846571640503,2.9613967640333136
연남동주민센터 앞,498,365,68.6027397260274,1.068570287539936,0.040375399361022364,0.11553514376996805,2047.5313845846658,22.399281150159744,34.752095695582554,0.15706869009584665,0.21561501597444088,0.09480830670926517,0.0006429614994426,2.9632094986876782
답십리파크자이아파트 앞,4108,365,92.28219178082192,1.010420686993439,0.037051331532226936,0.11614167384140367,1681.123482765779,17.45459133687617,36.469780312489455,0.3103345901493335,0.16028857287058754,0.1553008936258647,0.0010853428492250945,2.9137423141830863
서초현대4차아파트 201동 맞은편,2212,365,24.08219178082192,0.9879408418657566,0.04152445961319681,0.14232081911262798,1837.0082389078507,15.697952218430034,36.86078098471987,0.23208191126279862,0.14903299203640502,0.10273037542662115,0.0006375225255541,2.9668681079277452
문정 법조단지7,1243,365,70.77808219178083,1.0140899589688008,0.032553998606487576,0.07141751180614694,2505.8637512580335,20.971316869242084,38.0985092761344,0.09185569404660525,0.29507625609661686,0.18181466284741038,0.0016896144266837492,2.7758814401185408
뚝섬역 5번 출구 정류소 옆,513,365,36.92328767123288,0.993618757883802,0.03465162870074943,0.08933738962677154,2149.2757995102775,24.224827483861393,35.60949399221526,0.15990205535356533,0.256956295911553,0.14083252949469466,0.0011256378999761774,2.84877011530249
한성대입구역2번출구,1306,364,39.90934065934066,0.998347903903077,0.024230742754870242,0.13010256763268396,2400.214762855373,20.758862807186617,35.295778145695365,0.11192951056653129,0.23411578440145936,0.09058993598127625,0.0004651375259413,3.0341710819080614
잠실대교북단 교차로,546,365,60.23287671232877,0.9948146463497839,0.03793495565158062,0.12904252899704344,1907.8934541733017,18.36711394132363,35.12076560041951,0.18721855810780078,0.19608824198317032,0.08237434614509893,0.0003516128277217,3.0690760264971533
독립문 앞,3113,363,17.898071625344354,0.893951054332769,0.024472833615514854,0.14021856241342157,2447.514352778206,22.591195936586118,41.347524047025296,0.31445282438048333,0.17223333846390643,0.14868400800369402,0.0010616059094257192,2.9040160206896197
양천향교역8번출구,5064,365,75.35068493150685,1.0118896120423226,0.03719594226084427,0.0926080791186416,1478.2416718176169,12.259171726720721,34.79621990234046,0.2698614696578555,0.23710140711922334,0.11747809329891284,0.0009115451814061,2.9068150597155045
목동아파트 8단지 상가동 앞,786,365,72.16986301369863,1.00801002201807,0.04426391314251006,0.1396249335661681,1441.5360443398367,16.362273175916787,37.39184404912802,0.21471414471186695,0.18601472932958774,0.09129906613013439,0.0006643999172417,2.943446569203145
여의도역2번출구 앞,5853,360,55.794444444444444,1.0008463606492084,0.031862989146669324,0.06656377576421388,2276.1961545354966,21.96101762421587,38.47910598252297,0.18644827242855722,0.22358856915264363,0.19869560888180823,0.0020471939702118905,2.6889975245229896
상도중앙하이츠빌 입구,2088,350,8.234285714285715,0.8022206800832755,0.02116585704371964,0.13566967383761278,3567.880780707841,27.008674531575295,39.729421031902326,0.2758501040943789,0.14712005551700208,0.11346287300485773,0.0005169595085253,3.0445479985160615
방이삼거리,5768,362,156.14088397790056,1.0711922580188595,0.03426923553243812,0.12805406648620915,2187.6226037188444,20.603241158466464,35.84605050483847,0.11998655414609982,0.2381154574244113,0.10070236894715426,0.0005611832711058,3.011096062066975
래미안 구의파크 스위트,3542,365,73.78082191780823,0.9974006683995544,0.04259190493873004,0.13063497957668027,1775.7002116598578,16.19008540660973,34.95631129792383,0.26984775343483103,0.17155588562940957,0.13271444485703676,0.0007472154404179,2.974464188141813
청암예술학교 앞,4031,365,48.64931506849315,0.9466126034803176,0.037055808976741565,0.13696007208424846,1997.953389085994,17.194627470856563,36.37507960093399,0.12412006532635017,0.18420904432054963,0.10581742411443375,0.0005833438968441,2.996393976704441
노량진근린공원,4158,353,6.351274787535411,0.3710972346119536,0.039250669045495096,0.09812667261373774,1865.8175245316677,24.177966101694917,38.27456940222898,0.22569134701159677,0.1311329170383586,0.11552185548617305,0.0009144072151253,2.918510947755054
아시아선수촌아파트 교차로,4497,365,53.6986301369863,1.0075,0.036581632653061226,0.11096938775510204,2020.4935938775457,20.350561224489795,34.99251986909771,0.31045918367346936,0.1798469387755102,0.15081632653061225,0.001049283212434634,2.9056687371719923
용산역 맞은편,853,365,98.87671232876713,1.031809365475201,0.025519534497090608,0.16400665004156276,3326.229653366586,27.26281518426157,35.61182087143626,0.07639235245220283,0.26730396231643117,0.10066500415627598,0.0009154060121547,2.9091356837644344
노원역9번-10번 출구 앞,5333,365,79.84383561643835,1.0475242768417803,0.037779226572418764,0.12452389939265003,1873.470758329619,22.21967539374807,33.7085201793722,0.07109769069759463,0.2858319321964108,0.1122396458840888,0.0008835620785848,2.921475611511189
둔촌오륜역 1번 출구,3692,365,60.367123287671234,0.9628755559589725,0.039575201960606335,0.10919488063901243,2367.619263864937,20.47885086684215,36.97750323694432,0.23241354270672598,0.200508305346283,0.12117636380139785,0.0007005461422769,2.973323842724448
휘경119안전센터 앞,4117,364,24.11813186813187,1.0,0.028704863879712952,0.11709761931882902,3092.1259972662033,24.58685499487413,32.87683750496623,0.15104225993848958,0.22781637999772184,0.0985305843490147,0.000552276507928,3.0055863582390874
도봉한신아파트 버스정류장,1729,365,31.161643835616438,1.0327940917882892,0.03525584666783893,0.14401266045366626,2494.630722700897,23.721294179708106,35.93631872852234,0.13100052751890276,0.20327061719711623,0.07429224547212941,0.000345290457235,3.0606606052562713
이태원지하보도,810,358,17.407821229050278,0.9704749679075738,0.030327342747111682,0.14216944801026957,3289.742803273428,25.039473684210527,36.68260609683204,0.11392811296534018,0.22609114249037227,0.0980423620025674,0.000601489814557,3.0066595001869936
구산역 2번 출구 예일여고 버스정류장,950,355,25.907042253521126,1.3137979776013917,0.03751223224964662,0.13841470044579754,2331.551694030662,22.761117755789932,35.953941651148355,0.18712623681635315,0.21061215613787104,0.11340654561269979,0.0006781920884149,2.9733799492989843
롯데캐슬SKY-L65 D동 앞,4136,365,55.1013698630137,1.0691626889419252,0.03291567223548131,0.12191726332537789,2299.4839508751,23.022623309466987,37.551661807580174,0.21594073190135243,0.18993635640413684,0.08288583929992045,0.0005574482645264,2.984183711549829
천왕차량사업소 입구,3906,365,18.942465753424656,1.5592999710731847,0.0404975412207116,0.10355799826439109,3593.482105872146,29.45082441423199,43.60703658323123,0.21246745733294764,0.1926525889499566,0.15244431588082152,0.0014389736325195156,2.8292810356932314
월드빌딩 앞,6171,365,38.75616438356165,0.915099674819737,0.03930439700268627,0.13297045101088648,1981.313266647816,20.559380743673124,37.493742017879946,0.09861444931429379,0.2422592959140393,0.09776615297610632,0.0004716813203684,3.042260730210207
신설동역 10번출구 앞,613,365,52.5972602739726,1.0629753099281176,0.0366183977497656,0.10818835295343265,1947.1942098135237,21.229867694551515,40.63253449527959,0.1751744973434733,0.21340764662985728,0.09745806854880716,0.0005707838097756,2.9999978373082516
영성빌딩(PAT),1472,365,22.583561643835615,1.2268591532209148,0.03421084556593473,0.11367220672085405,1958.6367863641885,19.92854543248817,31.60489897592029,0.15212907921873103,0.202353512070848,0.10396700230498605,0.0007004252914239,2.9555202101383307
(시립)고덕평생학습관,1070,364,32.57967032967033,0.7677713129268909,0.03356100851673834,0.12749810270680495,2054.1947196222277,22.479382747280546,64.84547175450832,0.10068302555021504,0.17977907074795513,0.09815330129015937,0.0007763359672652,2.933230263310277
홈플러스 잠실점,4486,365,76.15890410958905,1.012159148140154,0.033527591913087275,0.12159148140153968,2176.9128631556227,22.56982516727822,38.749266229281766,0.08939492049787755,0.28850996474566515,0.13716814159292035,0.001170577805327935,2.8346820409220457
포레스 주상복합 빌딩,1028,365,54.12876712328767,0.9931163638204181,0.043528875841473906,0.12668927468745256,1467.883928734121,17.477754719846132,35.78249416272526,0.179126385584856,0.20995090347724854,0.09611783165460343,0.0004541383071581,3.043223324465044
뱅뱅사거리 랜드마크타워 앞,2327,365,32.635616438356166,1.1411182001343183,0.03450302216252518,0.07656145063801209,2366.2106128273995,22.958025520483545,38.71812865497076,0.13608126259234385,0.27669576897246473,0.14212558764271324,0.0010030783978662219,2.917397273538407
개포고등학교 정문앞,2427,363,23.209366391184574,1.0034421364985162,0.03596439169139466,0.12083086053412463,2776.3679465875366,26.169020771513352,39.77433309300649,0.16688427299703265,0.21780415430267064,0.09851632047477744,0.0006202695913693,2.9808970894967186
서울대벤처타운역,3819,364,60.52472527472528,1.0259180246016977,0.03013934909899687,0.1330398075439154,4578.436077345564,31.81421633153284,38.22593960460569,0.10108483500521992,0.2503744723344379,0.09141664018882484,0.0004800618613201,3.040265567119373
하계동 중평어린이공원 앞,1617,365,69.42465753424658,1.123559589581689,0.036464088397790057,0.11921862667719021,2237.775271507499,19.644672454617204,36.073617339312406,0.3204419889502762,0.1627466456195738,0.1477900552486188,0.0011358857692014058,2.8636175159090373
강남경찰서,4905,342,41.6140350877193,0.9989460370994941,0.025295109612141653,0.07061551433389544,4405.944390809446,31.379707700955592,37.816677642410276,0.045109612141652614,0.2527403035413153,0.20236087689713322,0.0024787312742040857,2.6151498377245397
한티역 3번출구,2370,360,11.258333333333333,0.9696521095484826,0.039723661485319514,0.13249444855662473,2115.6276042437694,21.69750801875154,37.80043518806341,0.13101406365655072,0.20700715519368368,0.09523809523809523,0.0007069861250391,2.93833701450955
국회의사당역 5번출구 옆,204,360,45.075,0.9833610648918469,0.028655943797374746,0.07117766685154372,2401.0667973131212,23.2547605842115,40.52875434830879,0.15936402292475504,0.20928082824921426,0.16299993837431442,0.0015922485758204815,2.7402517318214348
마곡역 교차로(2번출구),1190,365,104.5041095890411,0.9958578020134228,0.03185297818791946,0.12125104865771812,1407.3819775062937,12.831061241610739,36.34921612714449,0.12549811241610737,0.30405830536912754,0.1322881711409396,0.001197640977663454,2.802231360282733
능산삼거리,1435,353,7.895184135977337,0.7753857194115537,0.02798708288482239,0.12414782920703266,1802.013810548977,14.672048797990671,32.83641594739005,0.19698600645855757,0.16684607104413346,0.10441334768568353,0.0005081011826527,3.0238015647339087
서울시립대 정문 앞 B,623,352,48.64488636363637,0.5810313613268703,0.03153652981370087,0.11487472989546224,1929.0963300823469,19.65625182503066,29.632863265588277,0.10850902295158557,0.20288500846814228,0.0825789873269871,0.0005279638951168,3.000224990633492
파르코 앞,1652,364,11.447802197802197,1.0,0.029757619390448763,0.13510919126469884,2180.4370410367173,18.768658507319415,39.72800863464652,0.13294936405087593,0.23278137748980082,0.0902327813774898,0.0004758525605449,3.0292118303791855
도봉동실내스포츠센터,4084,364,22.343406593406595,0.901512357063814,0.031722611582441905,0.12012787409320054,2245.293879257346,20.170539776220338,38.01071166544387,0.17275298167957703,0.19205705151850486,0.08410180745112504,0.0006403482476638,2.94796406912941
혜화역 3번출구 뒤,341,365,32.25753424657534,0.9887888568031256,0.03083064379140479,0.11151690164769831,1727.1031637506362,16.635213181586547,36.83913813459268,0.19296755563105147,0.18116188211313064,0.08314931204348565,0.0004983730094369,3.0019274204511492
천일초교 사거리,1060,365,23.397260273972602,0.976463700234192,0.04039812646370024,0.11850117096018735,1815.4056170960182,18.389227166276346,37.64298163292666,0.1592505854800937,0.20386416861826698,0.0806791569086651,0.0003581959747977,3.0666958608217296
신정숲속마을아파트,767,365,20.945205479452056,0.4227599738391105,0.051275343361674296,0.11419228253760628,1500.804291693917,12.627599738391105,35.3265391014975,0.37593198168737735,0.14126880313930673,0.18273381294964028,0.0017100535339609872,2.7644270356668534
서울특별시 중부교육지원청,3404,308,4.652597402597403,1.041172365666434,0.025819958129797628,0.055826936496859735,1974.3762107466853,21.85903698534543,38.82585278276481,0.1346824842986741,0.2107466852756455,0.10746685275645498,0.0011072812810565605,2.847463582495579
HW컨벤션센터 앞,3429,335,4.829850746268657,0.26823238566131025,0.03646477132262052,0.15389369592089,4346.895970333745,30.203955500618047,42.937029431895965,0.26823238566131025,0.14894932014833126,0.16749072929542647,0.0013286901079718975,2.8612333408126958
신촌역(2호선) 1번출구 옆,128,365,27.50958904109589,1.030574643959765,0.02987750224081267,0.12060551737874714,2683.8053341300674,25.40105567174584,34.51263195350492,0.11721940045812171,0.26073100288815854,0.11124390000995917,0.0007113613890416,2.9693665143336405
미성동 신림체육센터,2105,365,28.986301369863014,1.0510396975425331,0.040359168241965976,0.12674858223062382,2212.6217608695656,21.78015122873346,37.11936811658694,0.19206049149338372,0.18865784499054822,0.10122873345935728,0.0004593461604586,3.0419743734501203
독바위역,946,365,14.876712328767123,0.981767955801105,0.04180478821362799,0.1432780847145488,2563.5760534069973,23.55709023941068,42.439525055343125,0.15082872928176796,0.19558011049723756,0.08103130755064457,0.0004296019600994,3.046380441267755
북서울 꿈의숲 서문,1548,362,17.93646408839779,0.5316494686585553,0.020637609733559218,0.17434159864469428,2393.167659017403,30.284922223933467,36.699185376515004,0.07161558601570922,0.23471430771600188,0.0916371476975204,0.000812627002028,2.924282885516145
월드컵파크 4단지,491,362,13.024861878453038,0.8638388123011664,0.02481442205726405,0.09353128313891834,2935.414532343584,24.621633085896075,38.011747430249635,0.1200424178154825,0.23732767762460233,0.12852598091198303,0.0010958759551286785,2.8669041384094256
신답역 사거리,642,365,59.99178082191781,1.0013700506918757,0.03534730785039047,0.10809699958898479,1642.9635822258724,14.832442800383614,36.75202227124698,0.2826414577339362,0.2143215965657396,0.1454537151207928,0.0010655440266123183,2.9019102404301433
서울역5번출구,485,363,29.53994490358127,1.0480276042152383,0.027883987690012123,0.09530914855917187,3128.3705259722096,26.275389349995336,40.76833225178456,0.19425533899095404,0.27408374522055395,0.1635736267835494,0.0013204033589881332,2.8443404020182563
은평예술회관,900,364,16.043956043956044,0.9667808219178082,0.03595890410958904,0.10856164383561644,2207.4959623287664,20.552568493150684,42.745345016429354,0.1732876712328767,0.23321917808219178,0.13236301369863013,0.0008072835220283,2.9388043828515755
용마한신아파트사거리,1459,361,10.263157894736842,0.9765182186234818,0.022941970310391364,0.12307692307692308,3400.8443967611333,27.251821862348176,36.91235888294712,0.1641025641025641,0.15762483130904184,0.06774628879892038,0.0002344390748663,3.1005022027932867
먹골역 1번출구 뒤,1407,365,41.136986301369866,1.1092241092241093,0.034765234765234763,0.12713952713952714,1774.842964368964,18.23782883782884,32.243943446694686,0.12727272727272726,0.21651681651681653,0.08291708291708291,0.0004118062765665,3.049545520795069
연신초등학교옆 마을마당,974,335,5.474626865671642,0.7753544165757906,0.04580152671755725,0.12213740458015267,2273.121417666303,21.032715376226825,43.43950294310007,0.2268266085059978,0.17502726281352238,0.08724100327153762,0.0006181928854132,2.9636432609122005
연의근린공원 건너편,750,364,24.568681318681318,1.1029855753102986,0.039024935703902495,0.11092474561109247,1948.5331287040142,18.36307726713631,31.76478927696868,0.282120093928212,0.1707480711170748,0.18237727831823772,0.0013135858720896988,2.872443033201418
화곡역 1번 출구 앞,1129,365,41.30958904109589,0.996153335986205,0.03515055047088473,0.11685899986735641,1924.6086808595303,17.243003050802493,35.31546827321806,0.13808197373656983,0.24585488791616925,0.0996153335986205,0.0005884187013311,3.0042726554460994
풍납근린공원,5759,364,24.37912087912088,0.9952670723461798,0.03538426864998873,0.11020960108181203,1846.5197464503058,17.161482983998198,35.273289620190525,0.13331079558260087,0.26211404101870633,0.12643678160919541,0.0008785043823489,2.911082566518585
호돌이상가,4887,365,25.602739726027398,0.9982878544676298,0.04312466559657571,0.11910112359550562,2562.196927768859,20.72605671482076,42.63978561635299,0.22953451043338685,0.22065275548421617,0.09245585874799359,0.0007133060023095,2.9319656529848683
상도역 1번출구,2024,360,12.869444444444444,0.8527951651197928,0.026764515432764948,0.12475717677530758,3294.0567645154333,27.774444204619037,37.53401445302766,0.17461687891215194,0.189294193826894,0.09475501834664364,0.0004870110128572,3.038741097988672
양지사거리,519,365,26.726027397260275,0.8522808815991799,0.030240902101486417,0.11091747821629934,2291.785789851358,18.594259354177346,38.01551094890511,0.1865709892362891,0.22696053305996924,0.08703229113275243,0.0005682550517463,3.007741594322532
상명대입구,446,364,13.010989010989011,0.8663429054054054,0.03272804054054054,0.12542229729729729,4444.893251689189,30.594383445945947,38.05810546875,0.11444256756756756,0.20418074324324326,0.10346283783783784,0.0005589638347702,3.0123823270345116
양재동 꽃시장 입구,2256,355,9.816901408450704,1.000286944045911,0.026111908177905308,0.09440459110473458,3153.6261147776177,25.674605451936873,40.48746786632391,0.1727403156384505,0.21951219512195122,0.157532281205165,0.0016280470937252206,2.728856426498927
삼성디지털프라자관악점,2174,364,17.423076923076923,0.9738252917060864,0.03595080416272469,0.13181961526332386,2229.9423383790604,21.49889624724062,35.172503242542156,0.10674865972879218,0.18953011668243455,0.07836644591611479,0.0002735000956218,3.0927563032476133
온수역 북측,1943,362,8.649171270718233,0.9259022676461195,0.04024273395081444,0.12296390929415522,2602.414407537527,23.63270520600447,36.03891771682728,0.07505589268604279,0.23954008304056212,0.10188438198658575,0.0006801205853114,2.9752949889301386
합정동주민센터 앞,497,365,68.44657534246575,0.7159268302445663,0.02998038666293079,0.14774046351519032,2725.4166753392337,26.452467678021055,35.259890581905324,0.06272265140295401,0.2622583356682544,0.11543849817876156,0.0008197127608752,2.924840586443719
구로공구상가 앞,3923,360,7.758333333333334,0.9878267096312209,0.03293949158610813,0.09774436090225563,1755.2049087003218,15.48764769065521,38.67972742759795,0.10776942355889724,0.22735409953455066,0.10848549946294307,0.0008570628284605,2.9121238752284437
삼호아파트 2동 ( 간선도로),2334,330,8.06969696969697,0.9556890724746526,0.039804731505820506,0.06609087495306046,2069.249098760796,17.528351483289523,39.03885567890692,0.16785580172737513,0.12917761922643634,0.09312805107022155,0.0008805935513785,2.8746567412631823
여의도고교 앞,215,363,43.269972451790636,1.0245750302412937,0.026357674922009296,0.10587636085821608,4276.354353472972,33.02406570318966,37.79865212782069,0.20500413828229452,0.242821671866047,0.11829120774177118,0.0009636252162646,2.876574058291664
독산주공 14단지 버스정류소,1847,358,7.23463687150838,1.0451737451737453,0.0416988416988417,0.10270270270270271,3142.492752895752,23.900772200772202,39.30645921735031,0.27644787644787644,0.294980694980695,0.14942084942084943,0.0015142131237691075,2.7910131499343542
정릉꿈에그린1단지 201동 앞,1314,358,6.243016759776537,0.992393736017897,0.042058165548098436,0.13243847874720358,2517.0325861297533,23.703355704697987,46.24089490114464,0.1843400447427293,0.167337807606264,0.09664429530201342,0.0004521036339704,3.040020987983455
이문대성유니드아파트 앞,666,364,20.5,0.9971857410881801,0.028276601447333155,0.13937282229965156,4175.933444116859,32.73706781023854,36.96697162350752,0.11739480032162959,0.2669525596354865,0.1297239346019834,0.0008226392809704,2.9448849429086192
상암중학교 옆,410,354,8.268361581920903,0.658353262726341,0.02801503245644004,0.12538435257943287,2560.9664537068675,21.230953194396992,38.846301264852436,0.12162623846942261,0.2077212162623847,0.08404509736932013,0.0005830140600284,2.97351027698971
뚝도아리수정수센터 버스정류소 옆,510,364,28.206043956043956,1.0495763124573878,0.0240576604655693,0.15632609330865882,4603.528718223433,40.569689295802085,34.637481910274964,0.06652381416187786,0.31362618096815037,0.11970390571734683,0.001212397800491326,2.8303741668845923
현대백화점 미아점,4423,365,21.671232876712327,1.0107458912768648,0.03008849557522124,0.1463969658659924,3012.868791403287,24.699620733249052,37.76799172454559,0.2228824273072061,0.1815423514538559,0.10745891276864729,0.0005794378667226,3.0051750878182255
월계초안아파트 1단지,2903,365,14.397260273972602,1.0325404376784015,0.04262607040913416,0.1351094196003806,2266.9587516650818,19.957754519505233,38.978728022574344,0.22759276879162701,0.15509039010466225,0.09743101807802093,0.0004938449242959,3.027307891829769
방배래미안아트힐아파트 앞,4340,348,10.724137931034482,0.17631296891747053,0.02867095391211147,0.08869239013933548,2191.2013531618427,15.164523043944266,38.9800261951539,0.15139335476956056,0.21864951768488747,0.18863879957127547,0.0018189488896470834,2.751486118558916
꿈마루어린이도서관 앞,680,365,42.75616438356165,0.9436114315007048,0.02761758298090478,0.11732666922978342,2502.286662821992,23.309304113802384,31.74990416315265,0.11585287709855184,0.18973471741637832,0.06939638600538255,0.0002858402555087,3.0862449152819194
위례포레샤인아파트 2318동,2634,179,17.64804469273743,1.118391896169674,0.0319721430832542,0.09876543209876543,2710.20356441912,21.46786957898069,42.96064283371597,0.3121240899018677,0.15004748338081672,0.14561570117125672,0.0010794015161680152,2.882199359819427
송파 파인타운 11단지,2657,363,21.490358126721762,0.9378284835277528,0.03884117420843482,0.12370208947570824,1928.3614626329959,16.829252659915394,40.47330169089291,0.24676323548263043,0.14344314831431867,0.11806178695039098,0.0009192641654116,2.901338701839297
상도 아이파크 아파트,2057,361,9.905817174515235,0.45357941834451904,0.040548098434004476,0.12360178970917227,2462.7672874720374,21.593400447427292,39.86288265306123,0.24328859060402686,0.11661073825503357,0.09200223713646533,0.0004662655961443,3.0388429112555198
길동 동호빌딩,3682,362,11.798342541436464,1.0266916413018028,0.035120580660266916,0.12690236478576447,1772.2393256848522,19.177007726527744,36.79910044977511,0.2296885975181456,0.16483259189885272,0.09623039100913135,0.0004667370629997,3.02955155542497
왕십리KCC스위첸아파트,3532,357,7.358543417366946,0.7350590026646364,0.04986676817662733,0.0852683669585078,1343.032489531786,15.816901408450704,37.66136270909833,0.373429767795965,0.08869432813094785,0.2021317091739627,0.0026102006783559942,2.5965096308061355
남산도서관 앞,4621,359,20.685236768802227,0.21694047939671424,0.028144357662267708,0.1365472663614328,2786.5864354969026,29.81214651225424,43.658589964045646,0.11082682467007811,0.16671155399946136,0.09143549690277404,0.0008683031959966,2.8793741615936996
서초종합체육관 입구,2536,325,4.3015384615384615,0.8919885550786838,0.030042918454935622,0.1223175965665236,2351.3239699570818,19.45636623748212,39.456108597285066,0.13662374821173104,0.1680972818311874,0.1251788268955651,0.0010014668580975749,2.85526462013431
인헌초교,2159,356,7.367977528089888,0.9298513152878384,0.025924513915364086,0.14868471216164697,1989.2276286694625,22.48913457872665,38.678370177719984,0.07396111322912695,0.18490278307281738,0.07929851315287838,0.0004451524960102,3.0371910401386724
옛골 입구,2541,314,3.8025477707006368,0.23450586264656617,0.025963149078726967,0.15326633165829145,5784.322805695141,28.05108877721943,42.843601895734594,0.17504187604690116,0.20770519262981574,0.12897822445561138,0.0013827892720629014,2.7893289749979107
양천해누리체육공원,4536,363,37.011019283746556,1.3193896538890957,0.04562709341272795,0.05731298846296985,2131.6391194640864,20.02493487160402,30.417593622543567,0.1267584666914775,0.07130628954224041,0.21972459992556756,0.0030384848739963047,2.47185678401831
흥국사 정류장,991,307,3.436482084690554,0.985781990521327,0.03033175355450237,0.14976303317535544,3753.3177535545024,32.88151658767772,42.51059085841695,0.11848341232227488,0.15450236966824643,0.10426540284360189,0.00100592822613049,2.8695128370235863
현대벤처빌 앞,127,357,7.0,0.7334933973589436,0.03681472589035614,0.12444977991196479,2021.1829971988802,20.88515406162465,34.7059097254537,0.11404561824729892,0.2316926770708283,0.11644657863145258,0.0005533534275388,3.0206619725938104
서울연신중학교,952,365,14.991780821917809,0.8786549707602339,0.052083333333333336,0.12554824561403508,1211.968773757309,13.180190058479532,37.5093608779858,0.28965643274853803,0.15003654970760233,0.16703216374269006,0.0012438333500763767,2.872805325240943
"500번,507번 버스 종점 앞",1858,328,8.024390243902438,1.1595744680851063,0.03685410334346505,0.14209726443768997,7679.151580547113,46.93161094224924,40.74354485776805,0.09536474164133739,0.3054711246200608,0.1675531914893617,0.0011179199592165222,2.9238173220154877
이화여대 인문관 인근,3117,339,7.640117994100295,0.9393822393822394,0.024324324324324326,0.09111969111969112,2032.6897876447867,17.624710424710425,30.09710930442638,0.10733590733590734,0.17992277992277994,0.12316602316602317,0.001155244116151452,2.84042522751935
양강중학교앞 교차로,725,357,6.568627450980392,0.8635394456289979,0.04051172707889126,0.15053304904051173,1878.778942430704,17.433688699360342,36.99900199600798,0.11130063965884862,0.1982942430703625,0.08187633262260129,0.0003972140389534,3.0588853387092465
녹번 힐스테이트상가앞,978,356,8.165730337078651,0.6639146886824906,0.036807705538355696,0.14035087719298245,2230.3121190230477,17.840385276917786,40.42354277062831,0.1217750257997936,0.2504299965600275,0.11867905056759546,0.000599740056454,3.019832913828886
이문삼익아파트 앞,4132,363,8.179063360881543,0.9120916133378242,0.04513304142809026,0.13944088918827888,2467.6484641293373,22.283933984506568,37.36644591611479,0.29774334792859547,0.15762883125631527,0.1825530481643651,0.0011991968272904315,2.9111659510609753
잣절보도육교 아래,760,364,14.857142857142858,0.959319526627219,0.04955621301775148,0.11002218934911243,2519.1629567307696,20.669933431952664,36.25198370147974,0.23446745562130178,0.15347633136094674,0.09911242603550297,0.0005432442097008,3.0245164310614903
서울미술관,3428,334,4.610778443113772,0.5551948051948052,0.03636363636363636,0.18246753246753247,3662.5797337662343,28.434415584415586,39.973168963016676,0.1987012987012987,0.18701298701298702,0.09935064935064936,0.0007966375255336,2.949005872687534
남산공원 야외식물원 앞,859,338,6.7485207100591715,0.33844804910127135,0.029811486190267425,0.15607189829022358,3016.3901359053048,23.973695747479177,37.94074902179989,0.09031126698816308,0.19947391494958353,0.09031126698816308,0.0005719896671444,3.002290774015848
약수역 10번출구 앞,382,361,10.681440443213296,1.0391597510373445,0.03112033195020747,0.12525933609958506,2690.9014963692944,27.661047717842322,39.01675142087945,0.12318464730290457,0.1654564315352697,0.07598547717842323,0.0002359182082159,3.1108644434157284
이대역 4번 출구,159,354,10.497175141242938,0.6205597416576965,0.02852529601722282,0.13213132400430572,2183.8445129171155,21.56243272335845,35.909807631661934,0.09445640473627556,0.23439181916038754,0.1127556512378902,0.0008872252946912,2.914039275763488
논골사거리(금호도서관 입구),3531,333,6.42042042042042,0.19831618334892423,0.027128157156220765,0.16043030869971936,3307.4484565014036,23.19317118802619,41.3864258347017,0.18849391955098221,0.15247895229186154,0.09541627689429373,0.0002822279524959,3.0998487112313553
창1동주민센터,1725,365,13.276712328767124,1.1221626083367726,0.04230293025175402,0.1110193974411886,2127.585501444491,17.776516714816342,41.88681655595299,0.2789929839042509,0.11617829137432935,0.11927362773421378,0.0008178607560329,2.959954232665523
오정초교 앞 보도육교,1971,343,4.553935860058309,0.7426376440460948,0.03841229193341869,0.10115236875800256,2649.988066581306,19.870038412291933,33.85820895522388,0.046094750320102434,0.1914212548015365,0.10947503201024328,0.0008475923278519,2.9329352094080177
삼청공원 앞,465,286,5.615384615384615,0.4738480697384807,0.03300124533001245,0.09651307596513076,2613.50602739726,24.91407222914072,46.5699558173785,0.22229140722291404,0.24719800747198006,0.1357409713574097,0.0015577906489449677,2.6693139951797833
이수성결교회 옆,4178,318,4.132075471698113,1.0837138508371384,0.02968036529680365,0.14535768645357686,3379.044079147641,26.743531202435314,37.86415425065732,0.0852359208523592,0.22146118721461186,0.08904109589041095,0.0004839604439409,3.033008826810554
중랑캠핑숲,1453,334,5.212574850299402,0.9396898334290638,0.017805858701895463,0.10855829982768524,2697.646088454911,24.63641585295807,40.17038539553752,0.21424468696151638,0.14704192992533027,0.09879379666858128,0.0008690513155391,2.912863970777057
박석고개(은평소방서) 앞,4681,332,5.093373493975903,0.9396806623299823,0.03311649911295092,0.1028976936723832,1634.5518923713778,14.290360733293909,35.1461061337009,0.16972205795387346,0.2318154937906564,0.08574807806031934,0.0006493013699184,2.97635883549531
신금호역 2번출구 앞,4363,232,2.0172413793103448,0.8931623931623932,0.03205128205128205,0.17735042735042736,2436.1616239316236,22.08974358974359,42.62206572769953,0.10683760683760685,0.19871794871794873,0.09615384615384616,0.000591259405362,3.0161401045001845
신설동역 4번출구,4140,184,49.19565217391305,1.0276182059213435,0.03711886875828546,0.11577551922227132,1768.8965466195311,19.55777728678745,35.9581407991302,0.15753424657534248,0.18946089262041538,0.08340698188245692,0.0004144659836889,3.033613391416399
청량리동 주민센터,4145,184,36.39673913043478,1.0527101687322682,0.030013438853217857,0.10855606988203673,2365.5674063013294,22.29012990891444,37.01469435736677,0.11139316111691802,0.20680901896371512,0.09810362849036883,0.0006133665644794,2.985822072362234
신도림역 3번출구,3939,184,163.3423913043478,1.1013142571951422,0.03856263516885709,0.1271003160871735,1912.6148531026447,17.070237897188488,36.594331114451364,0.11788387955415072,0.33269006820828484,0.1586757611046415,0.0014309786832208263,2.7926527080569334
더리브 세종타워 앞,4399,183,57.22950819672131,1.0348515229638118,0.028454120118399696,0.11057003723861358,2136.9625780578635,24.90575766256087,34.701215066828674,0.09767974792323117,0.27967153633151914,0.16490021961233647,0.0016035679978416244,2.7373817749838603
위례동주민센터,2606,141,55.326241134751776,1.0898602743238046,0.03781566465837713,0.12767593898218177,2378.507904114857,21.85207024740418,39.748913987836666,0.22509934623766184,0.22035636456864505,0.11408793744391744,0.0008006404635988,2.922771495857725
언주역 4번출구,2381,184,14.603260869565217,0.9921845924823223,0.037960550800148866,0.10494975809452921,3338.2709117975437,30.0215854112393,37.492445703493864,0.11760327502791215,0.20729438034983255,0.11574246371417939,0.0006793482442776,3.0100664993313777
창동역2번출구 하나은행365 앞,4096,184,77.80434782608695,1.2912126292260409,0.03562447611064543,0.12573344509639564,1385.1529596255928,14.333542889075161,36.930037817396006,0.1035205364626991,0.24909192511874825,0.1050572785694328,0.0006410158949569,2.9877566530021658
공덕역 1번출구,5514,184,41.22282608695652,1.1110085695451548,0.032432432432432434,0.12669742913645352,2778.207949901121,23.939617666446935,39.116421365966595,0.12155570204350691,0.2504943968358602,0.10639419907712591,0.0006099979608047,2.99606257442399
오스템임플란트비전타워,6182,179,17.268156424581004,1.0566159818828857,0.04432222581688774,0.03849886768036234,1525.6133257845358,14.484956324813975,37.07168299198575,0.050145583953413134,0.47913296667745064,0.3849886768036234,0.00580519855590273,2.3171274714814856
의원회관출입구 앞,5889,178,7.47191011235955,0.9308270676691729,0.02180451127819549,0.0887218045112782,2149.740263157895,25.581954887218046,36.87169811320755,0.058646616541353384,0.262406015037594,0.16090225563909774,0.001878093573532829,2.665530246874958
한강버스 뚝섬 선착장,5153,148,154.3310810810811,0.9123068166892868,0.017030777986953287,0.1575675320695241,5184.316430541568,41.7274199903682,32.948793774319064,0.032003852720984195,0.2828247449761394,0.10065233571209667,0.001203068273178773,2.8072179001170765
데시앙플렉스 지식산업센터,6189,30,12.066666666666666,0.988950276243094,0.058011049723756904,0.058011049723756904,1649.4121546961326,14.831491712707182,38.545171339563865,0.0856353591160221,0.30386740331491713,0.20994475138121546,0.0018466549827199682,2.762840263004148
여의도역 4번출구 옆,211,1,1.0,4.0,0.0,0.0,2305.02,14.0,,0.0,0.0,1.0,0.03993055555555555,-0.0
위례포레샤인아파트 2318동,2634,179,17.64804469273743,1.2576764798987021,0.0319721430832542,0.09876543209876543,2710.20356441912,21.46786957898069,42.96064283371597,0.3121240899018677,0.15004748338081672,0.14561570117125672,0.0010794015161680152,2.882199359819427
위례동주민센터,2606,141,55.326241134751776,1.322650942186899,0.03781566465837713,0.12767593898218177,2378.507904114857,21.85207024740418,39.748913987836666,0.22509934623766184,0.22035636456864505,0.11408793744391744,0.0008006404635988,2.922771495857725
언주역 4번출구,2381,184,14.603260869565217,0.983997022701898,0.037960550800148866,0.10494975809452921,3338.2709117975437,30.0215854112393,37.492445703493864,0.11760327502791215,0.20729438034983255,0.11574246371417939,0.0006793482442776,3.0100664993313777
대륭포스트타워6차 앞,1867,365,144.95890410958904,1.089094689094689,0.040275940275940274,0.06717066717066716,1565.8734016254054,13.007144207144208,35.70730935316859,0.2229068229068229,0.3453978453978454,0.21296541296541296,0.002151572112236448,2.700526724148765
홍은2파출소 옆,3127,364,20.873626373626372,1.0102658594366938,0.027375625164516977,0.1198999736772835,3830.2098446959726,27.104501184522242,39.876111622201776,0.17280863385101342,0.24769676230586996,0.10397473019215583,0.0008853241003043,2.8923450012065897
목동아파트 703동 앞,771,365,77.5095890410959,1.0396592555936517,0.03771517443710014,0.12385564313739351,1736.215070517128,20.617298787600298,36.144295438796725,0.15273408504471386,0.22689194443462585,0.11088331978367678,0.0007054368148397,2.9503749392278915
성수사거리 버스정류장 앞,514,365,81.7041095890411,1.0127758030983838,0.03832740929515123,0.0937227550130776,1893.3161944202297,20.26041177654081,34.449594483407125,0.17088055797733215,0.21054925893635568,0.12071624974850781,0.0008485767478709,2.929581522052111
등촌1-10단지 교차로,2721,365,152.6767123287671,0.9816785400254814,0.040465124625405996,0.09408365783193066,1339.9725967663737,11.425556731925278,33.79372341107809,0.2821253611355357,0.21364868017298616,0.13923232903260538,0.0009772028854385,2.930875404655888
가산디지털단지 9번출구 인근,1851,365,81.58082191780822,0.9950633038922658,0.042213789166134934,0.0707928938442422,2113.511953857006,16.408368875306444,40.32236335642802,0.2966383450314001,0.2596634986734728,0.15192934143802264,0.001705978269537333,2.733410719488207
코스트코 상봉점,1448,365,61.484931506849314,1.0206755191159433,0.02851795740130113,0.1502094287496658,1926.3881329649762,18.117592014971926,37.641933287950984,0.07343374030835041,0.23313430175563676,0.08992068443097763,0.0005798022911881,3.0040294903768183
신길역3번출구,258,364,55.27472527472528,1.0131709741550696,0.038518886679920476,0.10427435387673956,1620.5661853876736,17.522763419483102,34.19827229158038,0.3624254473161034,0.1974155069582505,0.18111332007952285,0.001658680222069395,2.7684069252605967
목동현대아파트 후문 앞,4532,365,50.47123287671233,0.991640429920747,0.04044077733145152,0.133156009119531,1850.2629600477674,17.135761589403973,35.20293708064312,0.1971012919335577,0.17603951796764739,0.08381283248290088,0.0004175232773971,3.0329369964280324
KT플라자 영등포점,296,365,82.8054794520548,0.9576826363155109,0.03338406564319746,0.11557040762308099,1560.7207563525674,17.006253308628903,35.1959659652055,0.22763366860772893,0.2127779248279513,0.10121095817893065,0.0006491586566943,2.9786707145938833
서울남부출입국관리소,3758,365,66.44931506849315,0.6727962397954976,0.044693658777933534,0.09672631318545395,1085.9815704626033,10.126412138204008,35.7625427731457,0.2557928589098705,0.1493361919683351,0.09136637255710399,0.0006575835810867,2.959481551460596
천호역효성해링턴타워 앞,1012,365,82.61369863013698,1.0017576440936526,0.03810439742654374,0.12363202228560058,1716.3979717450397,17.84138091132188,33.898597344305216,0.1280095509716787,0.25160841016117264,0.09166279763878755,0.0005828113821442,3.0001367211470322
헬스케어,1605,365,34.5972602739726,1.1227431105479886,0.029695913842255305,0.13026607538802662,2690.6256279695913,21.568498574596134,38.380773672055426,0.12987012987012986,0.2097719353816915,0.09803611023123218,0.0005650468140183,3.007945222235069
응암역2번출구 국민은행 앞,996,365,100.71232876712328,1.4149347116430904,0.03329706202393906,0.12886289445048965,2637.998264417851,23.135310119695323,37.559400087124274,0.10625680087051143,0.26373775843307945,0.10443416757344941,0.0007562275491514,2.934190074330535
중화역 2번출구,1433,365,42.56712328767123,1.1190062431614856,0.03282486966595868,0.12505631717834845,2015.5584430713793,19.684044538842763,32.57556486607811,0.08379996138250628,0.2035785544184849,0.08688936088047886,0.000569886069563,3.0026049417184204
을지로입구역 2번출구,433,360,56.230555555555554,0.9109815738773898,0.027565084226646247,0.08521464209850318,2072.1458622733785,20.92580151163365,38.73540393754243,0.21859408190485602,0.2523835399891321,0.13056365163266315,0.0011124490935045884,2.8433292057048734
강북중학교 앞,1512,365,51.8054794520548,1.0133269871489767,0.030990533608334654,0.1330054471415728,3168.679474324395,24.618594320165002,36.62312985291332,0.18282299434131893,0.19503939922788088,0.07192342270876302,0.0004654138682526,3.018396211481288
송파여성문화회관 앞,1262,365,71.41917808219178,1.0042580942151296,0.03383458646616541,0.11792235691268989,1983.0339830443465,20.631463863740986,36.63240753164274,0.20009206690194872,0.2068052785023784,0.07971459260395888,0.0004456410868267,3.032918191830467
가락2동주민센터 인근,4458,365,14.095890410958905,0.9611273080660836,0.03848396501457726,0.11059280855199223,1911.2573138969865,16.48765792031098,37.775920487915066,0.22254616132167152,0.19611273080660838,0.09271137026239067,0.0005010629940347,3.039623111776131
구일우성(아) 육교 밑,1907,365,46.18630136986302,0.9794756198837348,0.048463637442163955,0.11027405386166805,2020.9707913156947,16.848973780994186,36.42165665293999,0.3325424130976391,0.16947443350338118,0.1727369794756199,0.0013532729790146113,2.873202897662864
녹천역 1번출구 앞,1702,365,18.71232876712329,1.121229868228404,0.032210834553440704,0.13133235724743778,2200.035503660322,20.022108345534406,37.93946689595873,0.22313323572474378,0.18301610541727673,0.12196193265007321,0.0007929749623726,2.927769932173188
뚝섬역 6번출구,3548,365,66.85753424657534,0.9027168790722452,0.03401221161332623,0.10814244150309388,2294.1084559275523,23.92697619145187,35.463497372193025,0.17145432938573127,0.25226406589353767,0.12871368274392492,0.0009375832453841,2.8941725053341356
대치동 삼성로,2326,363,17.608815426997246,0.6140488110137672,0.037077596996245306,0.1296933667083855,2229.5342099499367,20.497809762202753,37.734780994803266,0.0987171464330413,0.2418648310387985,0.11091989987484356,0.0008613493473886,2.923875510712704
중화동 우리은행 앞,1470,365,36.78630136986301,1.0500484099203098,0.03128025620019364,0.1222909063826618,2081.8436717062646,18.988828479928504,35.00764286955011,0.17017948908914873,0.20771579652938107,0.08706337975720563,0.0005194789555478,3.014562640929914
넥센 유니버시티 앞,2729,365,57.99452054794521,1.0428949357520787,0.03330498866213152,0.05952380952380952,2066.1781198034782,16.370701058201057,35.89499052261034,0.08956916099773243,0.327286470143613,0.18287037037037038,0.0017662347261452943,2.747131991656118
한성백제역 1번출구 뒤,4865,365,96.64383561643835,1.0039121190644933,0.035095676824946846,0.12277817150956769,2149.083110134658,20.859277108433734,35.85255834829444,0.20805102763997166,0.21856839121190647,0.10701630049610206,0.0006104008465875,2.9974559897670394
북위례3,5778,360,13.675,0.4592728011375178,0.04143814747105423,0.1545805403209425,2313.6599837497465,16.994921795653056,41.377103579047166,0.13731464554133657,0.17814340849075766,0.07982937233394272,0.0003013511898664,3.078333101673428
강서초등학교,745,364,17.453296703296704,1.1172674327089565,0.03541633873760428,0.11805446245868094,1915.1207287895484,17.297497245395874,39.31178564736744,0.24696993546356055,0.1969148433810798,0.12970250275460413,0.0009720729584933,2.897217602597526
강서면허시험장 앞,1161,364,12.447802197802197,0.6404767159567425,0.03442948576473185,0.07216949900684176,1753.4804877510478,15.001544912822776,38.713844570252185,0.07812844846612227,0.16354005738247626,0.09401898035753697,0.0008957639161559,2.894666642412062
강동리버스트7단지,3674,363,10.316804407713498,1.088384512683578,0.04165554072096128,0.1020026702269693,2856.241671562083,23.697730307076103,45.415708182714425,0.24218958611481978,0.13190921228304406,0.08331108144192256,0.0004528124974624,3.046553720335777
삼성생명 앞,4135,365,71.96712328767123,1.0333104918532054,0.037003197807217905,0.13400335008375208,2184.051945332723,21.106936196132175,40.87936078243025,0.15570275620526874,0.20268006700167504,0.09079488350845134,0.0005682288224797,3.001300597906652
고투몰 gate 15옆,4307,364,17.917582417582416,1.2781355412450168,0.03296534805274456,0.130328120208525,2474.8525467647955,23.394050904630483,38.23909316060202,0.17325973627721558,0.17755289788408463,0.08356332413370132,0.0005751714418459,2.9744844534687926
독산역 1번출구 A,1833,365,24.75890410958904,1.0542215336948102,0.056434657519088195,0.09427907491424145,1443.5804780347457,13.635055881376562,37.46969696969697,0.31304636494411864,0.15193095053668254,0.18645568219541883,0.0013522883490616948,2.868255066328671
올림픽공원 남2문 앞,1267,364,36.76373626373626,0.9414138394858765,0.0302645344492602,0.13861904050216708,2386.2085353459875,25.655806306979525,37.7986642920748,0.16836048423255118,0.18592138693767746,0.09176505753997907,0.0006014010957723,2.975738074239502
송파역 2번 출구앞,1212,365,42.5972602739726,1.0583354772317983,0.03608181116542321,0.10174942114741446,1804.5630885001285,17.379727296115256,36.42463069038288,0.18947774633393363,0.25,0.10805248263442244,0.0009317166748587,2.8896673701467708
봉천역 2번출구,2169,365,37.04109589041096,1.1386834319526626,0.033579881656804735,0.12285502958579882,1929.9850044378677,18.475443786982247,34.616325445360275,0.11834319526627218,0.21316568047337275,0.07366863905325444,0.0003932448798673,3.0570993321492708
서울시 도로환경관리센터,731,365,93.6986301369863,1.0397076023391814,0.035380116959064324,0.14181286549707603,2359.775773684209,20.783099415204678,38.693542328313356,0.11093567251461989,0.26514619883040935,0.1286549707602339,0.0009173472179474,2.8894665914107827
겸재정선미술관,3782,365,56.07397260273972,0.9325255289001808,0.03703522743929252,0.10353251575707235,2271.5186788488804,16.424243904822397,36.495657078398196,0.27820393804661164,0.2201592807934724,0.13358088630478332,0.001085993053863169,2.8571221002440805
가락몰 업무동,2658,360,47.19722222222222,1.0234241657348009,0.044788417397445705,0.10358425048555117,2039.135743628978,18.479018303807898,41.55914358394573,0.11247130833970925,0.19692778529809898,0.12006356306279795,0.0005408959409778,3.048001777177305
길마중4교 하부,2277,365,31.254794520547946,1.081609396914446,0.04032258064516129,0.125,3912.438234572233,31.136658485273493,39.8012570437798,0.16549789621318373,0.2134467040673212,0.09528401122019635,0.000590271511141,2.9895348992105086
구룡초사거리 (현대아파트10동 앞 ),2358,365,16.86849315068493,0.9200909533863895,0.04174110768231282,0.10768231281468248,2330.9939483514695,22.02939743381517,40.48750960799385,0.29023875263927235,0.197823615397109,0.1333441611174273,0.0009639884097133,2.9131958844349546
신세기아파트 앞,2820,364,22.38736263736264,1.0487176340655295,0.040127623021229596,0.10602527917535894,2106.1603055589644,18.92428518836667,36.802823456407076,0.35096330838139644,0.17192293532948827,0.16590992759847834,0.0012400435555291324,2.895254472215521
동작구민 체육센터,2056,365,35.09315068493151,0.9535482863611523,0.03669295026934187,0.09313763759856351,1814.8783535014418,17.10882972909673,37.980733374766935,0.26254976969318444,0.2192989304395347,0.11999375439144351,0.001015188445734015,2.8415351586379884
이태원역 3번 출구,4634,355,15.312676056338027,0.8037159676232524,0.0358719646799117,0.1569168506254599,3456.289495952906,29.175680647534953,35.05169029443839,0.049668874172185434,0.2213024282560706,0.09142752023546726,0.0004586674326427,3.0415661697144234
곰달래 문화복지센터 A,1141,365,46.52054794520548,1.1502355712603063,0.038633686690223795,0.12691401648998824,2947.152478798586,22.155064782096584,39.65912305516266,0.21060070671378095,0.20853945818610128,0.09593639575971731,0.0005215731064006,3.0236402343142377
봉화산역 4번 출구,4843,365,30.443835616438356,1.1724262059035278,0.032937365010799136,0.13372930165586752,2356.880738840892,19.088012958963283,37.451773490976976,0.10853131749460043,0.22516198704103674,0.08981281497480202,0.0005261235418661,3.008729616642364
양천 해누리타운,795,365,104.28219178082192,0.9890444788902609,0.044978062685547646,0.11861913143998108,1540.8234477051217,15.459947980978903,35.95090245955298,0.14631006489241521,0.23009221553739853,0.0977064340698316,0.0007303336015367,2.926393873110845
굽은다리역,1044,365,114.16712328767123,1.0396678745410477,0.033548510954860694,0.1310023757529217,2128.2378111876324,21.40243814643277,37.8730864879801,0.1517602169374385,0.21163399006503325,0.08535912265124428,0.0004720312753892,3.0264840321543134
일원에코파크 주차장,4917,365,33.90958904109589,1.1214349196089521,0.03870081602973257,0.10454875979639654,2296.2482612911,19.031348468934315,40.13328962158111,0.30879857800759475,0.13096873232608872,0.14316878080310252,0.0011245396448741737,2.8699613818318515
어린이대공원역 2번출구,3853,365,40.53150684931507,0.7208327700419089,0.03650128430444775,0.09733675814519399,1615.6802007570634,14.211437069082061,33.062591329761325,0.2681492496958226,0.17750439367311072,0.17256996079491685,0.0011893642622264433,2.8884224244031658
신방화사거리,1106,365,97.09041095890412,1.0436819233591061,0.038405101868051246,0.12407585078164682,1582.4183723686424,14.74030701506857,36.07467989542133,0.21586997008860545,0.19710480275410575,0.09413623793667814,0.0006574452474896,2.9646908635644666
월드컵경기장역 3번출구 옆,418,365,61.679452054794524,0.9674410340692045,0.019810775996091146,0.197130546795185,3666.1853244791896,30.50890596544219,38.79567269449011,0.0492604273086661,0.25589659307955404,0.10878159285746014,0.0010932050966860898,2.8308137199619963
동서울농협 앞,4804,365,43.73698630136986,1.0671510899523928,0.03019293410172889,0.11507141067401654,1603.015127161114,15.106426960661489,33.49104933779654,0.07886494612878978,0.2788774743172137,0.1014156852919068,0.000742151898622,2.9662845068584733
성북구청,1305,365,43.4986301369863,1.097877432764376,0.029224664609183094,0.12149650437740127,3356.5048963910044,26.91528626314795,37.34913252122554,0.15834225609372046,0.19355041884486993,0.0903193298482081,0.0004463284288689,3.0337302625704425
공릉동풍림아파트 101동,2901,365,44.24657534246575,1.016780185758514,0.044334365325077396,0.12780185758513932,1615.3535145510825,14.987863777089784,37.18122977346278,0.3529411764705882,0.12086687306501548,0.19201238390092878,0.001759931855529676,2.736630048455653
망우지구대,4813,365,50.323287671232876,1.0540614111498259,0.03212108013937282,0.12995426829268292,1825.5274504573176,16.91991506968641,36.26370038412292,0.1514590592334495,0.20034843205574915,0.07954050522648083,0.0004078422721272,3.0511632757969624
마곡문화공원,2719,365,111.62739726027397,1.1558020812880425,0.03534262713528372,0.06413214215590025,1399.3026914392317,12.749533673669744,36.63564677590739,0.09544963675633222,0.33094443353622616,0.19104653445906145,0.0023227869962395577,2.6310104843964006
중랑구청 사거리,1431,365,33.04383561643836,0.779454439930354,0.03059447806981179,0.12552856313738495,2060.034998756321,17.508913025453943,32.08221037324285,0.06317884089213166,0.24906724152226184,0.09543155625570018,0.000621229445103,2.990097443072071
마천동 성내천 쉼터,2642,363,28.429752066115704,1.0171511627906977,0.03013565891472868,0.12112403100775193,3408.297282945736,24.96375968992248,40.46567097637093,0.22616279069767442,0.13498062015503876,0.12810077519379845,0.0005433609946818,3.0427719076284045
길음래미안아파트817동 상가 앞,1347,359,8.682451253481894,0.9939043952518447,0.031119666345845363,0.11934552454282965,1995.535765158807,16.42316329804299,40.04121797252135,0.22649983958934872,0.15623997433429582,0.1042669233237087,0.0005933642697222,3.009292497428755
보라매공원역 2번출구,4181,365,38.605479452054794,1.0007096728408205,0.030586899439358457,0.13057980271095027,2182.7258874458867,23.395784543325526,38.44151565074135,0.15399900645802284,0.23248882265275708,0.09268327301114186,0.0007929852025599,2.8968932971517423
마곡13단지힐스테이트마스터 후문(1320동 앞),5070,365,106.84109589041095,1.001769366874375,0.05200400030771598,0.11116239710746981,1297.2536028412446,12.41477549555094,37.68396988447587,0.37374669846398445,0.12511218811703465,0.1830397210041798,0.0016365775611188503,2.7783366346412097
신대방삼거리역 6번출구쪽,2015,365,50.397260273972606,1.0136993748301169,0.0353900516444686,0.12894808371840175,2656.244064691496,23.218537646099485,38.69156214367161,0.20842620277249252,0.18896439249796138,0.09241641750475672,0.0003485653717061,3.081422940526424
양재역 8번출구 앞,2537,365,38.37534246575343,0.7588348682801457,0.028414364246448203,0.10323409723709574,2113.4678567858937,18.450274862568715,38.82838965545732,0.14971085885628616,0.3092025415863497,0.14328550010708932,0.0011410660519553415,2.8558958196359945
동원베네스트 건너편,4617,346,5.187861271676301,1.0256267409470752,0.0467966573816156,0.12367688022284122,2294.307164345404,20.38941504178273,43.14321926489227,0.21949860724233983,0.15431754874651812,0.08635097493036212,0.0007566406004161,2.9312434452579237
LIGA 아파트 앞,1011,365,109.25205479452055,0.993831030418537,0.035684730546430274,0.11427639992978408,1930.821926925296,19.535045264187374,35.136685634653354,0.2018707525641347,0.20558216515786043,0.11460240238734107,0.0005898156946108,3.0062970879924764
이튼타워리버 2차,3865,365,51.33698630136986,0.9994663251147401,0.03837122425018678,0.1314974917280393,1716.2468966805425,18.514195751947913,35.508481948673335,0.16218379763048352,0.18865407193937453,0.08218593233002455,0.0003830437984265,3.04674781580817
서초구립반포도서관 앞,2211,364,37.370879120879124,0.9974270381533485,0.029993383812394324,0.13342645004778358,1892.7959714768785,18.38175402484746,38.63464190493702,0.10615305447327797,0.24104976843343381,0.1269572888333456,0.0009139710027627,2.9035999882140353
도림신협 앞,254,365,49.90958904109589,1.053960586265576,0.044134599549871,0.11544162046440139,1960.7990190481416,19.26063566997859,38.35573223903565,0.2195751221386617,0.15441620464401384,0.10309051984410167,0.0005323500619783,3.010155182411447
발산역 6번 출구 뒤,1124,365,186.93150684931507,1.0055107723875127,0.035834676828374615,0.12422687967169867,1527.1386332991344,15.392290781181298,35.40966053434724,0.1253554155063755,0.2712736332991353,0.11002491572622014,0.0008974649431384,2.8942876961639707
창신역2번 출구,3418,344,4.712209302325581,0.6730413325107958,0.04256631708821715,0.11782850092535473,1927.5420727945714,16.412708204811846,44.16414970453053,0.23195558297347318,0.12399753238741518,0.107958050586058,0.0004122512412803,3.0658599951742445
광진광장,3581,365,68.24383561643836,0.8307840539564013,0.03380304307679955,0.09574852462965193,1489.3778252840327,14.35360712995303,33.01428571428571,0.22092416395680275,0.23778553936328237,0.11558071379822554,0.0008955221106558,2.9174066581156346
경희궁 자이 2단지,395,364,26.84065934065934,1.0028659160696007,0.03183213920163767,0.10747185261003071,2118.9274595701118,18.8546571136131,40.566479820627805,0.3601842374616172,0.15568065506653017,0.20122824974411463,0.0015651208752053513,2.8424558207782535
종로2가 사거리,3432,360,37.57222222222222,0.8976785450243975,0.032751737394647346,0.10572231258317315,2094.23294395978,22.13307703681798,40.085168366035475,0.10941889693922816,0.22379121691557002,0.09840307555818424,0.0006099965056294,2.984176541376099
신일해피트리아파트 앞,711,364,36.32967032967033,0.25226860254083483,0.04181790683605566,0.11116152450090744,1735.4459921355115,14.135964912280702,36.64025569854488,0.2920447670901391,0.1484422262552934,0.12220205686630368,0.0008375097837964,2.9213190925939365
대치삼성아파트 앞 교차로,2325,365,24.194520547945206,0.9861850300079267,0.03623598686445476,0.13905559959234515,2619.687728456573,24.89955837391009,37.19903647625602,0.08821198052315705,0.2073377873400521,0.09840335182878496,0.0007809929789983,2.941189298275933
잠실 파크리오 120동 앞,4496,365,43.07671232876712,0.9993639890606119,0.03720663995420721,0.12192329708070979,1674.4721446288863,18.663613814157603,39.002407880335646,0.2358328563251288,0.1861604019589137,0.12459454302614005,0.0007247679361001,2.9565251023596577
국립현대미술관,314,360,37.50833333333333,0.9920017773828038,0.029623046730356217,0.15218840257720506,2069.6365518773614,25.941864770791675,39.8049083015859,0.08960971635932756,0.20106642968229282,0.13248907650151817,0.001568889201077512,2.687264649623364
홍연2교 사거리,4273,365,19.671232876712327,1.0221448467966574,0.03955431754874652,0.1096100278551532,3080.87853481894,22.89289693593315,37.81772035071528,0.25097493036211704,0.20863509749303621,0.12701949860724235,0.0009680921202936,2.890926584614155
갑을그레이트밸리 앞,1812,363,19.37465564738292,1.112185411630883,0.03071235603583108,0.08047774776055737,1642.918164367979,17.011659320346936,36.64054982817869,0.12896345798379072,0.315086023034267,0.16991326603156548,0.0015382134732943099,2.7959960678655813
서울중랑우체국,1474,364,18.38186813186813,0.9889403676580482,0.03018980720370647,0.10297414437303841,1886.2392542220891,16.282917351666416,36.086764446015195,0.07861306232252278,0.17336720968465102,0.10745777910626214,0.0004898909802094,3.0422512945466096
이수교차로,4332,365,53.25205479452055,1.050162062046612,0.0251582034264547,0.1445181869630087,3925.429189175286,29.752893965118073,35.56620949144314,0.09744302104234193,0.26238617070535575,0.10377115810052992,0.0008742692587395,2.915723733115388
당산skv1센터,3201,365,53.56438356164384,1.031814229451179,0.03283719502838729,0.07805227354099535,1499.239429696691,16.053501099687995,36.0815718622902,0.1777402690399468,0.22331338550457774,0.11820367244642217,0.0009110472280637,2.893642898684812
창신두산아파트,3401,352,5.670454545454546,1.0105210420841684,0.04308617234468938,0.09468937875751503,2006.8909519038077,18.889779559118235,39.770079705702024,0.3997995991983968,0.18687374749498997,0.2339679358717435,0.0023465992327563173,2.6653948202562674
도봉통합복지센터 뒤 중랑천 변,4076,363,48.137741046831955,1.0934531303651138,0.02054480943115486,0.12841936591507383,4802.673949296096,31.15926519400252,39.743799870606,0.10518484605699896,0.24230284994849488,0.09785967723474877,0.0007287534674512,2.9497289477125
마포구중앙도서관 정문 앞,4213,365,77.87671232876713,0.9340369393139841,0.03349164467897977,0.12763412489006157,2443.2183292875998,23.316235708003518,39.56731918400989,0.07243623570800352,0.22518909410729993,0.10469656992084432,0.0010914959349530608,2.817262206354494
현대자동차서비스 앞,836,362,27.704419889502763,0.9989031807757504,0.022335227839266128,0.12384086150164524,4895.362945458169,34.3018247083458,38.74578779599271,0.08904177884136005,0.26443314388274003,0.12753016252866686,0.0010933363811139075,2.861647578897945
동부센트레빌 앞,4089,365,38.90684931506849,1.085698190268291,0.03851841419618337,0.1241461868882473,1992.5374466586861,18.80635166537568,37.18364209393497,0.23843391310471093,0.16928385324977113,0.10527427645940426,0.0005606371120608,3.023616707378161
양평1 보행육교 앞,229,365,66.15342465753425,1.0204174604489356,0.028162014412325024,0.08282945415389713,4090.698443634558,30.082332477428974,38.45158589898614,0.0879234655843618,0.3149589994201938,0.20549987575581877,0.002282766560556432,2.6991635182554212
신설동역8번출구,605,365,39.13972602739726,1.0214195716085679,0.03919921601567969,0.11486770264594708,1988.486248075039,22.55837883242335,39.101304621188305,0.14601707965840682,0.22637547249055018,0.10702785944281114,0.0006407290976631,2.9815821686388797
e편한세상 상도노빌리티 앞,2084,363,17.44077134986226,0.8497867635444637,0.030642868425209288,0.12351919128099827,2618.964440056863,22.43863528668457,36.670999808831965,0.09335018164586953,0.21987047859737796,0.07581740641288896,0.0003254135136409,3.081559891490932
구암초등학교 버스정류장,2184,237,6.822784810126582,0.2585034013605442,0.03896103896103896,0.15893630179344465,2195.896672850959,18.877551020408163,40.654761904761905,0.16202844774273345,0.17996289424860853,0.06617192331478046,0.0002013245329241,3.1147930080146913
대륭포스트타워1차,2801,364,56.7967032967033,1.0330366644094031,0.032069265744413274,0.05567379317016542,2749.608085518042,21.309422462997002,38.232620909992285,0.02471703589049047,0.45071103801876755,0.32301441424010835,0.0046734125536217605,2.3740679747460516
문정시영아파트 5동 앞 공원,2627,365,42.42191780821918,0.4395505037458021,0.03855592870059416,0.11605528287264273,1952.8457917850674,15.35662619478171,37.6006301102693,0.27208731593903385,0.16216739860501161,0.13413846551278738,0.0009205779113353,2.919597214688585
마들역 7번출구,1688,365,70.72602739726027,1.0072438504745302,0.03362386209568081,0.11109819872167345,1568.9341615339908,16.95281812899477,37.73048384946905,0.1621925237265156,0.25527793918264574,0.10695332171218284,0.0006960865584389,2.9556714195617095
역삼동 디오슈페리움 (우성아파트 사거리),2409,364,27.88736263736264,1.0147768692739632,0.03034183824253768,0.09604965028076051,2585.7753108068177,25.20480740813713,39.63512401551663,0.09624667520441336,0.29169539946803275,0.12550487636686042,0.0008161345490847,2.964326395664673
서울시립24시간게스트하우스,4394,365,20.019178082191782,1.2416860544683181,0.05912139044751608,0.08074449158341317,1883.7909333515804,16.13699192555084,46.751063829787235,0.1265909401943342,0.2857533871629944,0.21801012727521554,0.0024326439516946037,2.614293909093483
용문사 버스정류장,1139,365,23.61917808219178,0.7507249739009396,0.040598538452615705,0.10335227931794455,2153.682410393226,19.365734833545993,34.27262631871183,0.240691335111936,0.13699106832154043,0.13281521865212853,0.0009063219096201,2.9365396334345086
창동19단지아파트 관리사무소앞,1743,365,34.706849315068496,0.9838964319545311,0.04610041048310704,0.12677612882854436,1664.8130967792872,16.54341648247553,39.19227036089297,0.24305336280391537,0.1573255446795074,0.10317335017366593,0.0007319506407853,2.943466846869648
암사정수센터교차로(강동롯데캐슬퍼스트아파트),3663,361,13.78393351800554,0.7039790996784566,0.03456591639871383,0.09827170418006431,1730.9776808681668,13.676647909967846,38.578727357176035,0.29019292604501606,0.1270096463022508,0.13243569131832797,0.0010665027429984754,2.8626709378790154
장안동삼거리 교통섬,627,365,36.06849315068493,1.0126091910368402,0.03653627041397645,0.12988985947588302,2768.016771743257,22.969844284086594,38.63070837828119,0.16695784276490694,0.17994682871249526,0.08059248006076719,0.0002898668319352,3.0916427502085493
구룡역 1번 출구,3647,364,14.332417582417582,0.9214107724746022,0.04159478627563734,0.08261452942304007,1403.1861567950932,14.41192256085873,41.10725141120278,0.23787617404638683,0.2603028560475369,0.14050220433199156,0.0012495054501113867,2.8039387935043467
더리브오피스텔 앞,5865,365,61.917808219178085,0.8678318584070797,0.035132743362831856,0.12008849557522124,2162.2474097345134,20.697522123893805,34.46893862507345,0.3194690265486726,0.1726991150442478,0.16889380530973452,0.0012019491650786193,2.9027669675495007
개봉센트레빌레우스아파트 앞,3932,354,9.177966101694915,0.8888888888888888,0.03662665435518621,0.10803324099722991,1952.9761618959683,19.560172360726376,35.11583421891605,0.28593413357956293,0.12003693444136657,0.131425053862727,0.0009186308061484,2.922036786173857
유니베라 앞,587,365,48.35616438356164,1.0553541076487252,0.03065155807365439,0.09648725212464589,2548.4239212464618,27.484759206798866,35.922030589000975,0.05960339943342776,0.391671388101983,0.23852691218130312,0.0022688639174448786,2.712137651182432
숙명여대 입구 교차로,818,365,35.42739726027397,1.095893589049571,0.03046941458510556,0.1170829788879437,2228.868264635373,20.234397958394556,33.58440603162928,0.19619518985383963,0.16711777898074393,0.07292552780140747,0.000334596676649,3.0730092979792007
더시그넘하우스 앞,3643,364,19.728021978021978,1.0066843058069908,0.036345912825511764,0.0974794596852806,2921.6150508285755,25.91171146079933,40.578760162601625,0.19133825372510793,0.18952792090238127,0.10639186742793483,0.0007849177288943,2.9264581329053465
코오롱테크노밸리,1850,360,11.133333333333333,1.0713572854291418,0.03318363273453094,0.07110778443113773,1811.3291516966067,17.25374251497006,34.55873015873016,0.05064870259481037,0.344061876247505,0.1656686626746507,0.0016991134165468128,2.7567198315532577
도심공항타워 앞,4914,363,31.47107438016529,1.027048319327731,0.03860294117647059,0.10311624649859943,3361.6037386204475,28.245710784313726,39.96364737958194,0.04980742296918767,0.2779236694677871,0.1875875350140056,0.0020233309060960986,2.6816634873109906
마곡9단지 910동 상가앞,3774,365,50.63013698630137,0.9856601731601732,0.0428030303030303,0.11433982683982684,1248.0666655844157,12.701893939393939,37.33817126269957,0.29908008658008656,0.16412337662337662,0.1462121212121212,0.0009664583665192,2.9263354540528983
서대문역 2번 출구,4267,365,33.97260273972603,1.0067741935483872,0.03201612903225806,0.1146774193548387,2289.3368233870965,20.530725806451613,40.99667436489607,0.16274193548387095,0.2254032258064516,0.10774193548387097,0.0005403289036305,3.02200885237853
제니스스포츠 앞,2822,363,13.790633608815426,0.935477427087495,0.041550139832201356,0.11606072712744707,2360.7756412305216,17.505193767479025,36.26299694189603,0.3116260487415102,0.21454254894127048,0.11266480223731522,0.0011302056012830767,2.821833436834719
앰배서더 호텔 주변,477,364,17.24175824175824,0.29525175270873166,0.03202676864244742,0.12061822817080943,1973.345079668579,17.8229764181007,33.68097489996362,0.14228808158062461,0.1755895474824729,0.08221797323135756,0.0005956567608851,2.96942095224029
양재시민의숲역 3번출구,2274,365,49.43013698630137,0.9768318368251857,0.0350293759006762,0.09466799689613124,1857.5003530650697,17.056146768650926,38.89637131933731,0.20385766544728967,0.25994900787052433,0.12919853674758897,0.0009667177622019,2.8982562440429227
미아역 1번 출구 뒤,1527,363,21.853994490358126,0.9776881381570655,0.03390898777259549,0.12076137652842557,2199.798891970249,21.249590318920962,35.915170278637774,0.16853649312996344,0.18416740199168033,0.08874322450523131,0.0005735696379426,2.9942948817304975
성내5교,2644,365,34.915068493150685,1.0970652856246077,0.03868487131198996,0.12633396107972378,2890.3460655994963,23.143361581920903,39.01544262883821,0.21516007532956685,0.20566541117388576,0.09439736346516008,0.0005359363052836,2.9976355727654793
서울북부수도사업소,1509,358,14.251396648044693,1.0423363386907096,0.04429635437083497,0.11622892983143865,2382.2546119168946,20.80184241473932,45.07448244824482,0.12250098000784006,0.16248529988239904,0.10662485299882399,0.0006394859022891,2.9849221934404073
서울대입구역 1번출구,2111,365,29.345205479452055,0.9956119876762207,0.031462981981140885,0.12958640649799272,2150.0942797124458,22.347026421435906,34.952987158012284,0.08411912986649239,0.2235085426197367,0.07730370646998413,0.000413841717025,3.04382216906862
연해피빌 앞,5319,365,39.863013698630134,1.0527147766323024,0.0363573883161512,0.08742268041237114,1818.195239175258,17.200962199312716,32.26714744845967,0.13780068728522338,0.1500343642611684,0.13573883161512026,0.0008715057096633,2.9097881888738355
은천초등학교 육교,2145,365,19.317808219178083,0.8591689122110339,0.04197986101262232,0.12026662884697206,2627.593040703445,21.789675223372573,35.10016806722689,0.27854205077294003,0.16167919444050488,0.16536661466458658,0.0009926764354604,2.946742875021158
남서울중학교,3803,365,28.101369863013698,0.9614897143414254,0.04221507263332359,0.11270351954762602,2024.0588407916541,20.321341522862436,34.084526558891454,0.207663059374086,0.17870722433460073,0.0947645510383153,0.0004129862441813,3.0521076775534777
한남 유수지 복개주차장,809,361,20.94736842105263,1.0144141761438772,0.021555144141761438,0.14136471832848452,5642.411564400951,39.67164771224544,36.91746731768782,0.0879396984924623,0.2585294895530283,0.11293308648505686,0.0008275995994409,2.9505152322464903
금호역 1번출구 앞,522,359,8.172701949860723,1.0081799591002045,0.049079754601226995,0.1356509884117246,2244.0834185412414,17.512269938650306,42.206218024399845,0.1032719836400818,0.24812542603953647,0.10668029993183367,0.0004534765407007,3.065015382131324
북한산힐스테이트 7차아파트,964,364,12.873626373626374,0.6493811352966282,0.04353393085787452,0.13316261203585147,1545.397735808792,15.982287665386258,35.804151404151405,0.2268459240290226,0.1873666239863423,0.10734101579172002,0.0005822672284391,3.0025118232089154
한강트럼프월드3차 앞,4619,365,34.96986301369863,1.0053274835474773,0.025853964274522093,0.1278596051394547,3594.2804920087738,28.212864305860233,37.76232222871615,0.16186148542776557,0.20965214666248827,0.09158570980883736,0.0006141214026217,2.980976197949201
의정관,4583,305,8.226229508196722,0.9143084894380231,0.03507373455559984,0.03068951773614986,2690.270557991232,22.33519330410522,43.714893617021275,0.13750498206456757,0.3184535671582304,0.23515344758868076,0.0028384064103208345,2.4889603326878826
낙성대로 입구,2122,365,15.887671232876713,0.9679255043973098,0.032591826176927054,0.1253664424900845,1907.6511381272633,20.08242800482842,36.17245683378407,0.11105362993619589,0.22797033971374375,0.07656492498706674,0.0003238180838572,3.0824021892093745
한천교 동편,4025,310,23.66774193548387,1.0921357503066649,0.02848575712143928,0.13711326155104267,4342.033530053155,31.731361591931307,32.39387096774193,0.11571486983780838,0.22079869156330925,0.08095952023988005,0.0006598722135931,2.9576975956663016
효창공원앞역 5번출구 옆,4627,361,11.132963988919668,0.8633988554366758,0.03334162727046529,0.11545160487683503,1777.0279696441892,18.852202040308534,37.529956584659914,0.24782284150286144,0.21174421497885046,0.10350833540681761,0.0006947383686234,2.9792104690763574
안암역 3번 출구,4414,364,21.40934065934066,0.9351982548440908,0.031181829847298857,0.11433337610676247,2375.882764018991,22.35493391505197,29.602132262051917,0.07198768125240601,0.2109585525471577,0.08854099833183626,0.0005822939606397,2.997745479456711
주원 리젠트 앞,5067,364,22.123626373626372,1.0016143052278654,0.036135601639140695,0.12082453743946356,1871.02574320129,16.629827393517942,37.31567048184259,0.2531975661244257,0.15112380479324478,0.1271575810257047,0.000772502543963,2.960324956105769
한국SGI 양천문화회관 앞,714,364,23.62087912087912,0.8118167015585019,0.044428936962084206,0.11328215864154455,1957.7302547103982,16.958013491509654,35.84434910845958,0.274482437776227,0.18643870667597115,0.13491509653407768,0.0008989738859624,2.935013839279234
청계8가 사거리 B,568,365,72.5095890410959,1.0434141917932442,0.03132320713368095,0.12412151439582861,2405.3918812816464,20.596085543716466,37.34278406381411,0.17437466938713822,0.22130280359706792,0.09744577949066727,0.0005520312942838,3.004931237861393
면목 대원칸타빌아파트,1410,359,7.462395543175488,0.3247480403135498,0.029861888764464353,0.13960432997387084,2614.6752295632705,21.414333706606943,39.24667221297837,0.17469204927211646,0.16237402015677493,0.08846584546472565,0.0003871118624421,3.0573414283731504
송파소방서 (방이119안전센터),1299,365,19.265753424657536,0.8988907849829352,0.050483503981797496,0.11433447098976109,1743.6764718430047,17.15543230944255,40.97091144149967,0.2443117178612059,0.1680887372013652,0.11333902161547213,0.0006474832883793,2.9775835877056736
강변그대가리버뷰 입구 맞은편,3700,364,48.34065934065934,1.1015571720845647,0.022959763582632416,0.14423732666515118,3742.5366384405497,32.086553762218685,38.132861421181595,0.2548874744260059,0.18055239827233463,0.09479427142532394,0.0006869426311347,2.939213787017156
면목동 새싹어린이공원 앞,4819,365,36.87671232876713,1.1170876671619614,0.03313521545319465,0.12206537890044576,2655.1596433878153,21.06181277860327,35.31379251410015,0.22548291233283807,0.18276374442793464,0.099925705794948,0.0005369502664264,3.016429416835471
세양청마루아파트 앞,4953,365,42.76438356164383,0.9974373758728938,0.03952847716061247,0.11025690306874239,1631.5191428022274,16.889486834518546,36.55764483810077,0.21724646037542444,0.18649497085015054,0.11422897046575693,0.0005768291038221,3.015926313410362
DMC래미안e편한세상203동옆,3129,365,21.04931506849315,0.9940127554340752,0.04047897956527398,0.11336717428087986,2010.204453989327,17.795913054796305,40.995579942082,0.31771443446570347,0.16035402837433294,0.16178576077053233,0.0011958919142980825,2.879235091415706
양원지구 힐데스하임 앞,4837,361,15.390581717451523,0.753959683225342,0.029877609791216703,0.11735061195104392,2266.4070302375817,17.40928725701944,34.07759882869693,0.265658747300216,0.15784737221022319,0.11411087113030957,0.0008500669838422,2.9364238556443154
안천중학교,3974,357,8.941176470588236,1.0172305764411027,0.03540100250626566,0.08552631578947369,2564.544097744361,26.232142857142858,40.226063829787236,0.35964912280701755,0.12155388471177944,0.19360902255639098,0.00168309571443228,2.758924770152259
산기슭공원 앞,3972,344,4.959302325581396,0.5234466588511137,0.04630715123094959,0.1160609613130129,2126.0130128956625,18.482415005861665,38.114583333333336,0.3786635404454865,0.11488862837045721,0.1735052754982415,0.0015193575998769789,2.8804932131687964
서울시립대 후문,639,365,17.764383561643836,0.8090684762492288,0.03285009253547193,0.11906230721776681,1519.6227791486733,19.57788402220851,28.15314459433783,0.10533621221468228,0.19494139420111042,0.08359037631091919,0.0005469074309957,2.9917394946304396
수락산역 4번출구,1627,365,34.635616438356166,0.996203132415757,0.034250909666192056,0.12173706691979118,1807.4148631545631,16.02317671254548,37.868300866809584,0.12838158519221643,0.24497706059167854,0.10567948109476348,0.0006262608025272,2.9879586991310063
청구아파트 앞,2821,364,36.217032967032964,0.9491769703405901,0.04513388454828188,0.11772737616627475,2193.04864522491,17.77205491921414,35.00678201895487,0.26154896457558974,0.17765303800348936,0.11211408632329516,0.000709200187572,2.989923092249208
도봉산역 교차로 앞,1730,345,5.898550724637682,1.0909090909090908,0.020147420147420148,0.14496314496314497,3300.3009140049144,24.645208845208845,36.919637804187886,0.03292383292383292,0.25257985257985255,0.12137592137592138,0.001146902570428369,2.8374642918760955
주홍교 하부,2269,356,7.014044943820225,0.5314377252703244,0.02523027633159792,0.11814177012414898,3147.5898317981564,24.37845414497397,36.8741226017782,0.14537444933920707,0.21025230276331597,0.09731678013616339,0.0006568485462045,2.976784754097821
고덕동 래미안 힐스테이트,1034,364,16.065934065934066,0.8835499316005472,0.0350547195622435,0.1253419972640219,1902.3170246238042,17.33361833105335,36.69538027032479,0.280608755129959,0.15731874145006838,0.1509917920656635,0.0009184004417842,2.925037357057345
중앙고입구 삼거리,352,355,8.019718309859154,0.5286266245170355,0.0273972602739726,0.10607657182999648,2063.7789216719357,18.911134527572884,39.182760049730625,0.21952932911837023,0.13487881981032668,0.12925886898489639,0.0011823977924288994,2.807301743433796
솔밭공원역,1538,344,4.729651162790698,0.9778733866011063,0.03810694529809465,0.14812538414259374,2893.410135218193,25.139520590043023,40.82312925170068,0.10755992624462202,0.1604179471419791,0.07129686539643516,0.0002100697008805,3.112000785072511
항동프라자,2812,363,11.818181818181818,1.1515151515151516,0.030303030303030304,0.12447552447552447,2194.799878787879,20.29020979020979,39.08171631593331,0.1599067599067599,0.2363636363636364,0.10046620046620047,0.0005717804275497,2.991098187313798
신내 우디안 111동 앞,4830,335,10.271641791044775,0.5989537925021796,0.024702121476315026,0.12089508863702413,2749.5086777099677,18.936646323743098,37.1201732226633,0.32170880557977327,0.1098517872711421,0.17465852949723917,0.0011702495623558988,2.9162452073524023
낙성대역 5번출구,3813,365,10.271232876712329,0.9927980794878635,0.03440917578020806,0.13150173379567884,2410.7742891437724,22.454521205654842,34.87836970474968,0.10216057615364098,0.22539343825020006,0.0957588690317418,0.0004971005170251,3.0240734289653517
인왕산 아이파크 정문,3427,357,7.619047619047619,0.7665441176470589,0.029411764705882353,0.09338235294117647,2852.5431360294115,20.727573529411764,44.63815789473684,0.4073529411764706,0.1625,0.22205882352941175,0.0022840599168589006,2.735322633634862
청담역 11번 출구,3620,313,6.022364217252396,0.343236074270557,0.0350132625994695,0.08010610079575597,2350.706275862069,18.023342175066315,41.751966122202056,0.33050397877984083,0.23395225464190983,0.17877984084880635,0.0014975826928744697,2.8162756189504154
보라매sk뷰,4578,364,15.31868131868132,0.8158177905308465,0.0389167862266858,0.1289454806312769,1746.4203246054512,16.390781922525107,37.34895414320193,0.20426829268292684,0.1832855093256815,0.10778335724533716,0.0005236826041144,3.0226122024501585
금란주차장 앞,1402,365,23.221917808219178,1.0368098159509203,0.032680509674374705,0.11715431807456347,2288.0391304860773,19.994926852288817,37.2993010826367,0.17142520056630486,0.14594148183105238,0.073147711184521,0.000379545905419,3.057767867370724
송파파크데일 2단지입구 앞 주차장,1280,178,12.331460674157304,0.9744874715261959,0.03416856492027335,0.12482915717539864,2980.5073758542135,23.08883826879271,37.30336015144344,0.20136674259681092,0.1407744874715262,0.08656036446469248,0.0004224237657316,3.0516708413275033
대림동현대2차 201동 앞,5852,358,8.932960893854748,0.7967479674796748,0.03689806128830519,0.11757348342714197,1743.9684365228272,15.117260787992496,38.14914089347079,0.2045028142589118,0.1604127579737336,0.12632895559724827,0.0007761998456926,2.942920778577987
남태령역 2번출구,2289,227,3.8370044052863435,0.42020665901262916,0.027554535017221583,0.09644087256027555,2948.817508610792,24.592422502870264,40.20976253298153,0.15729047072330654,0.18369690011481055,0.11366245694603903,0.0008262009706245,2.9434886854228113
교대입구 교차로,2272,363,14.165289256198347,1.0027226760015557,0.0338389731621937,0.0941267989109296,2475.199749124853,23.172500972384285,39.469202053196454,0.14002333722287047,0.21684169583819526,0.12271489692726566,0.0009287488093241,2.900169848529282
순흥안씨묘 건너편,3971,245,2.5346938775510206,0.537842190016103,0.020933977455716585,0.0966183574879227,2626.497262479871,20.11916264090177,37.72514619883041,0.2785829307568438,0.16747181964573268,0.21578099838969403,0.0017138808071064362,2.8267250990259956
명일초등학교 옆,3659,349,8.392550143266476,0.7644247183339024,0.02321611471491977,0.1280300443837487,2082.323731649027,18.588596790713556,36.615873015873014,0.13827244793444862,0.22703994537384775,0.10276544895868897,0.0005879685849761,2.9902069970205694
신도고등학교,921,331,4.8217522658610275,0.599624060150376,0.045112781954887216,0.12468671679197994,1990.1501065162906,17.211152882205514,36.708154506437765,0.2174185463659148,0.17919799498746866,0.10338345864661654,0.0008363052053693,2.9196485278831084
비계 버스정류소,2040,351,5.8746438746438745,0.7051406401551892,0.03443258971871969,0.14500484966052377,3665.9667216294865,27.04898157129001,41.916756756756754,0.1716779825412221,0.14064015518913678,0.08195926285160039,0.0003558243722541,3.067842416790382
구로자원순환센터,2805,339,3.8053097345132745,0.7558139534883721,0.031007751937984496,0.17209302325581396,2336.2033488372094,19.127131782945735,40.822286263208454,0.12093023255813953,0.27829457364341087,0.10155038759689923,0.0010423677463293475,2.8547224068998562
서울특별시 동작관악교육지원청,2096,275,3.869090909090909,0.2819548872180451,0.015977443609022556,0.07894736842105263,2684.551165413534,20.758458646616543,40.80213903743316,0.3082706766917293,0.1832706766917293,0.1287593984962406,0.0013712519864824974,2.803866765392513
흑석한강푸르지오 106동앞,2064,220,2.0727272727272728,0.7850877192982456,0.043859649122807015,0.10307017543859649,2306.59524122807,20.17543859649123,40.5855421686747,0.35964912280701755,0.1337719298245614,0.14473684210526316,0.0012307472812147328,2.8971437661010895
문래동 꽃밭정원,5877,184,33.16847826086956,0.8952973947239062,0.03113223005079469,0.12469277404555137,1613.7124954940193,18.127969850893003,38.31050616758826,0.17892839587088316,0.224479764050467,0.1078158282811732,0.0006697175197136,2.966326617667415
불광롯데캐슬아파트 앞,963,184,18.77173913043478,0.9944991314418066,0.0390851187029531,0.1398378691372322,2441.057229299363,23.271569195136074,41.848048503220916,0.17371163867979153,0.1823972206137811,0.08280254777070063,0.0002643095050841,3.100362415259143
천호지하주차장 5번 출입구,1080,184,48.67391304347826,0.9784502009825815,0.03662349263063868,0.1423626619026351,1749.4833497096922,17.39615899955337,34.40278765467217,0.14738722644037516,0.2047789191603394,0.0700089325591782,0.0003638749803876,3.0605528685993746
통인시장 정자,4721,184,42.11413043478261,1.0461995096141437,0.03329461866047232,0.12879081171764098,2025.783427539037,20.61233707575171,39.14485981308411,0.31281455671699576,0.1620854303781133,0.14092140921409213,0.00103031417075545,2.9032288757597615
신한은행 본점,6060,183,40.33879781420765,0.9939040910322405,0.029395827688973176,0.07382823083175291,2376.5203494987804,24.2381468436738,42.251989389920425,0.12273096721755622,0.24126253047954482,0.15998374424275263,0.001717440579043067,2.7169945950420202
돈암동부센트레빌상가,4428,183,11.092896174863387,0.9423645320197044,0.02807881773399015,0.14630541871921182,2529.9324039408866,21.29408866995074,37.14102564102564,0.0980295566502463,0.22019704433497536,0.08029556650246306,0.0005328309484713,2.9927308354955273
불암산역 3번 출구,4014,183,21.12568306010929,0.9914640455250905,0.03569580962234868,0.1370926021727884,2437.3679720641485,19.961717537506466,40.179,0.22969477496120022,0.16709777547853077,0.12829798241076049,0.0006651515894259,2.983220802394995
상계공원 입구,5342,184,25.652173913043477,1.1836864406779661,0.03474576271186441,0.1152542372881356,2531.386934322035,23.35169491525424,39.0016020506248,0.23622881355932204,0.175635593220339,0.09004237288135593,0.0007620522818315,2.927011505307885
중림동삼거리,384,183,14.262295081967213,0.9950191570881226,0.03103448275862069,0.11685823754789272,1432.7002567049813,12.757471264367815,36.61285645239246,0.378544061302682,0.16398467432950192,0.1735632183908046,0.0017325940850349622,2.8095281521519326
이태원로 255,4612,160,4.575,0.6338797814207651,0.03551912568306011,0.1557377049180328,3430.6117896174865,28.997267759562842,33.333333333333336,0.046448087431693985,0.21721311475409835,0.08879781420765027,0.0005589521932575,3.0081864980892554
양원보도육교,4519,160,11.125,0.9938202247191011,0.04101123595505618,0.033707865168539325,2109.216095505618,15.92247191011236,25.154088050314467,0.11910112359550562,0.05955056179775281,0.3297752808988764,0.0043481375106959,2.4391649124855523
한강버스 압구정 선착장,4940,153,120.39869281045752,0.9178111937462679,0.015580044514412899,0.20091200260572173,7337.225362358186,49.190489115683185,38.0854612673029,0.04451441289832257,0.28597795993702835,0.10146028988654253,0.001153621870672814,2.831828540654303
한국산업은행,5893,126,46.45238095238095,1.0148641722193747,0.015205877327866052,0.0486929779600205,2990.2494310609954,27.112250128139415,38.682463465553234,0.04476336921236973,0.24431915257133097,0.3287203143686998,0.004975510969694353,2.304168995659449
여의나루역 3번출구,5890,114,57.59649122807018,0.9328358208955224,0.012183978068839476,0.1347852573865367,5592.978297289065,44.48385622905879,34.89226804123712,0.09366433140420347,0.27809929942126105,0.11727078891257996,0.001139162820411753,2.8177190485873225
목동4단지아파트,4549,59,30.728813559322035,1.0198565912851627,0.03861003861003861,0.11969111969111969,1753.2741533370106,22.57473800330943,38.54539057002111,0.2156646442360728,0.16216216216216217,0.11913954771097628,0.0009184494683569,2.87077220279527
율현삼거리,4942,64,5.078125,0.8492307692307692,0.055384615384615386,0.16307692307692306,3305.505784615385,28.956923076923076,35.10747663551402,0.043076923076923075,0.0953846153846154,0.15384615384615385,0.001667833662064431,2.705856527467444
AS센터,9980,20,2.6,0.9230769230769231,0.038461538461538464,0.019230769230769232,355.71250000000003,9.23076923076923,45.714285714285715,0.038461538461538464,0.11538461538461539,0.17307692307692307,0.0028558514135437214,2.3134432831479006
불광롯데캐슬아파트 앞,963,184,18.77173913043478,0.8896931094383324,0.0390851187029531,0.1398378691372322,2441.057229299363,23.271569195136074,41.848048503220916,0.17371163867979153,0.1823972206137811,0.08280254777070063,0.0002643095050841,3.100362415259143
천호지하주차장 5번 출입구,1080,184,48.67391304347826,0.4317775792764627,0.03662349263063868,0.1423626619026351,1749.4833497096922,17.39615899955337,34.40278765467217,0.14738722644037516,0.2047789191603394,0.0700089325591782,0.0003638749803876,3.0605528685993746
불암산역 3번 출구,4014,183,21.12568306010929,1.036471805483704,0.03569580962234868,0.1370926021727884,2437.3679720641485,19.961717537506466,40.179,0.22969477496120022,0.16709777547853077,0.12829798241076049,0.0006651515894259,2.983220802394995
중림동삼거리,384,183,14.262295081967213,0.7812260536398468,0.03103448275862069,0.11685823754789272,1432.7002567049813,12.757471264367815,36.61285645239246,0.378544061302682,0.16398467432950192,0.1735632183908046,0.0017325940850349622,2.8095281521519326
이태원로 255,4612,160,4.575,0.5423497267759563,0.03551912568306011,0.1557377049180328,3430.6117896174865,28.997267759562842,33.333333333333336,0.046448087431693985,0.21721311475409835,0.08879781420765027,0.0005589521932575,3.0081864980892554
KT&G 관악지점,2137,365,16.04931506849315,0.9624445203141003,0.04335950836462957,0.12239672243086377,1831.9971799248888,17.797200409696142,33.78362333674514,0.19477637418914304,0.17360874018436329,0.11266643905769887,0.0004850967527204,3.042601295140568
천호역 10번 출구 앞,1264,365,100.15616438356165,0.9991520091911262,0.036190059359356624,0.11896490412232952,1849.4403282545095,17.473753316738243,37.506532252999186,0.16833985283256286,0.2634789506797604,0.11989495855786854,0.0009320909160684,2.899047388102706
극동의 푸른별 아파트 뒤(중계4동주민센터 앞),5318,363,26.92837465564738,0.9528388746803069,0.038158567774936064,0.08869565217391304,1957.9573851662387,19.051150895140665,35.066808309726156,0.2963682864450128,0.11314578005115089,0.10946291560102302,0.0007996820875205,2.9343969078465695
KT 전화국 버스정류장 옆,1637,363,108.87878787878788,1.0323862055005946,0.03258861928497331,0.1373630544240063,1876.283270500718,19.407939680692255,36.597378883816816,0.07377982440604205,0.2647066265212661,0.09855021126938744,0.0007873343450894,2.9465339065234213
서초역 3번출구,2266,364,22.096153846153847,1.021385055327614,0.035434539350988434,0.11351485764018401,2543.1295039164484,28.890090762153424,39.422510570053944,0.17456173069750094,0.24704712172075097,0.10605495461892328,0.0007701907920927,2.916541442525646
방화역 4번출구앞,1103,365,89.3890410958904,0.89052012137187,0.03993624911882796,0.1213412204615809,1995.1274285101256,20.4944677720906,35.786788704413226,0.16967542219634046,0.1999877402151592,0.0832132896067674,0.0005111355395156,3.0066652186050065
청년주택 독산동점,3986,364,22.884615384615383,0.9900360144057623,0.04429771908763505,0.1078031212484994,1566.121302521009,13.486674669867947,33.994016861571936,0.40192076830732293,0.15006002400960383,0.2091236494597839,0.0018608666956178228,2.7778466333959053
상계주공15단지 1509동 앞,5329,362,26.383977900552487,0.9956025547063134,0.03476075803580777,0.10658569783268768,1718.6003371374718,16.266883048895405,37.562169778090876,0.2775625588943566,0.15935504135692596,0.1244895822426971,0.0008984069821784,2.9404073457936954
광나루역 3번 출구,576,365,62.45205479452055,1.0330335599912261,0.0322877824084229,0.13252906339109455,2536.4588576442216,22.62772537837245,38.44598085397356,0.16345689844264094,0.21342399649045846,0.09067778021495942,0.0004943300371026,3.027813680050642
잠실3거리(갤러리아팰리스),1233,365,36.68219178082192,0.899395025767421,0.03293748599596684,0.12644708342669356,1807.1887467323927,19.9739338262753,39.046637647685884,0.13936813802375084,0.21316005676301442,0.08357606990813354,0.0004654610583698,3.022811351660404
우성아파트 교차로,286,357,31.053221288515406,1.0644957604185459,0.04492152264116904,0.11167237957784593,2298.8416813999643,27.81905105538517,41.03446115288221,0.18636117625834384,0.20521378314991884,0.10364423597329965,0.0005986793164459,3.0086181121570585
노들역 1번출구,2002,365,87.85205479452055,1.1274558722634567,0.02002120626208445,0.15315287220108526,5283.355382336437,39.54727749017651,36.72372475179733,0.13656209068795608,0.24103411713341233,0.08345287843822116,0.0005932063367341,2.994382774359281
테라타워2,2615,365,83.84109589041095,0.9987909286974708,0.03313508920985556,0.06796941376380629,1797.0719309195458,16.161786811319523,36.96164772727273,0.24596431605777402,0.2408992876282596,0.1328344552643618,0.001192928528733882,2.8623646823776996
강서구립등빛도서관,1166,365,162.71506849315068,0.9968176996514624,0.04264955969759728,0.1171389604485528,1497.4914397804384,15.01673654257379,36.97668414052109,0.23626475391894394,0.19907056624741123,0.1118182889663417,0.0007501486004347,2.928408205699422
경복궁역 4번출구 뒤,302,164,63.15853658536585,0.9820428654180343,0.029928557636609385,0.1245414172620197,2185.2907202162587,20.964568449507627,37.00463965357253,0.2128789341571732,0.23556671172040936,0.1187487932033211,0.0010139041033661665,2.859950375884428
가리봉동주민센터,1962,365,47.443835616438356,0.9438124386441069,0.03892129121672345,0.052953744874978344,1754.503921579948,17.782237108044118,37.75813764634229,0.2225558699543801,0.12785124444187793,0.21834035918461628,0.0021119476326644944,2.7311772536565466
희훈타워빌 앞,3905,365,57.19178082191781,0.9574610778443113,0.04244311377245509,0.12052694610778443,1683.7030998802386,17.31008383233533,36.77487315243768,0.23051497005988023,0.15985628742514968,0.10534131736526946,0.0004928976020016,3.033656810913873
석촌고분역 4번출구,2619,365,58.728767123287675,1.0483765627915655,0.03260869565217391,0.12996827766374325,1960.7617377309202,21.037133793618214,36.31027367506516,0.1734931890278037,0.202509796603844,0.07725321888412018,0.0004466667450317,3.0282661423658785
숭인2동 주민센터 입구,456,365,43.295890410958904,1.0516357653610073,0.038283870151237104,0.11738277542238816,1839.321886983483,18.35860279693729,37.26043867958901,0.1940770739732962,0.17199265962159083,0.07137885211668671,0.0002626135640702,3.0973743573506782
마포구 육아종합지원센터,407,364,33.417582417582416,1.0582045379809273,0.031732982571522524,0.09750082209799409,1890.0179899704049,18.082538638605723,39.0196268007348,0.14312726076948373,0.20585333771785597,0.09141729694179546,0.0008480846141019,2.8771951218496867
화양동 우체국,3582,365,81.57260273972602,0.925572647276147,0.0431248740511856,0.11016322966346477,1739.120295895748,17.39675555854101,30.69764824120603,0.2569355813797273,0.1657150534022973,0.13484919728622288,0.0007222969793199,2.9765649243420804
홈플러스 금천점 앞,1829,365,22.345205479452055,1.1083864639529182,0.03727317312408043,0.13180480627758706,1832.2324828347223,16.88425698871996,36.98397163120568,0.15350662089259443,0.24374693477194703,0.10176557135850907,0.0006731671583192,2.970658655965768
\N,5338,181,33.10497237569061,1.0488985313751669,0.03554739652870494,0.11365153538050735,2080.333743324432,21.206108144192257,35.41574437700821,0.07593457943925234,0.20961281708945262,0.10564085447263018,0.0006192907731993,2.99590142447331
강동역3번출구,3680,365,109.2904109589041,0.9996239753327818,0.038028628011330876,0.1100248176280364,1703.7663939234424,18.31967110375774,36.58470588235294,0.2062871324358878,0.22621643979845077,0.11716928630518161,0.0007587208693708,2.9556786022819486
상록수아파트,3644,357,15.717086834733893,0.44804847620744964,0.03350561397255391,0.1418641953306006,2460.3075120299404,19.397611833897702,41.48456206679269,0.15986455177330244,0.1668151844590982,0.0682587774015327,0.0003374749314795,3.063164201133873
가락시장역 사거리,1257,326,40.08895705521472,1.0092585507689953,0.0374167878185018,0.08722932129466676,1495.4150049736013,14.131303083633025,39.03663036630366,0.36131303083633026,0.2183793710306833,0.20782003213711836,0.0018244648249949671,2.7595696912488408
LG사이언스파크 E14동,5096,364,111.88461538461539,1.2215537985562048,0.03516181309237342,0.010116387565682856,1241.543879831063,11.42533025585621,36.727958320140466,0.10182684280312332,0.3035161813092373,0.27950203801011636,0.0052829784822740955,2.1980109449033605
구일고등학교 정문,1957,363,65.26721763085399,1.0152794192132366,0.04448759074793179,0.10201755866959311,2098.054101806515,17.829225054870843,37.024839547302925,0.3499493499915583,0.12434577072429512,0.16820023636670606,0.0013115521530725658,2.8381930335348247
몽촌토성역 1번출구 옆,1268,363,42.99173553719008,0.99679610406254,0.01781366141227733,0.1515442778418557,2921.3992528514677,31.57054978854287,36.12622094343909,0.11328976034858389,0.22959118287838015,0.10117903370498527,0.0009516621551804,2.870576146782046
효창공원앞역 3번출구 뒤,834,181,38.86187845303867,1.266420244526585,0.03738982087005971,0.0951094682968439,1978.3142351435888,20.84546488484504,38.66507605129735,0.3420528859823713,0.16022177992607337,0.23926642024452657,0.0019762519573455046,2.8167401241567003
서소문성지역사박물관,4766,359,13.362116991643454,0.8536585365853658,0.030644152595372107,0.10527412966437356,1572.1931707317078,15.315822388993121,37.985606418121755,0.4060871377944549,0.15301229935376276,0.19616426933500103,0.00190053505554619,2.7367181139974397
마포역 4번출구 뒤,147,365,83.67397260273972,1.2232408892963558,0.02504829573360401,0.11807079008545888,5048.711807079007,36.11807079008546,39.096465585968645,0.13977931305458235,0.2835205134082054,0.13902622703906226,0.0008966383572338,2.929218700742821
마곡 엠밸리2단지,2702,365,60.298630136986304,1.0009541551183607,0.04766231996001636,0.10754691262665274,1321.9510227634164,13.04711708846381,36.773544759106336,0.3166886273797083,0.14684901631150893,0.13930664728065792,0.0009882645119856,2.9067067006476774
오목교역 7번출구 앞,703,365,106.58904109589041,1.0844364477573576,0.03917234288651844,0.10942038298419227,1451.9058655699782,15.14748746947693,36.3596849647658,0.15604678061945765,0.29029687700809664,0.14504562395578974,0.0012480207827370632,2.8116065592480513
롯데캐슬 101동 앞,4177,354,8.73728813559322,0.5092143549951503,0.030067895247332686,0.1108955706433883,3100.340856773359,23.75040413837698,42.73323453130789,0.2822502424830262,0.11606854186873586,0.12382799870675719,0.0005621988822836,3.0406237514594117
불암고등학교 앞 횡단보도,1685,365,39.92054794520548,0.9922448699471553,0.03953057442865967,0.12902340264909753,2136.4628234163747,18.304508956145767,35.22111724030767,0.2198888202594194,0.17123052638803102,0.08976734609841466,0.0005065335867652,3.029338494153226
쌍문역 1번출구 주변,1765,365,31.723287671232878,0.9328957595647293,0.0301407720873996,0.12824941704810433,1953.8412211762675,17.95155022022627,36.16286451100972,0.08860868814232663,0.21590810950859313,0.09232230762587443,0.0005291995459697,3.0131258661781697
DMC역 5번 출구(수색역 방향),4685,365,49.42465753424658,0.9880820399113082,0.03137472283813747,0.1284922394678492,2737.508038802658,22.924556541019957,39.39880088355948,0.12943458980044345,0.23619733924611974,0.10232815964523281,0.0005622042138709,3.007375372414897
서울특별시 은평병원,965,361,15.556786703601109,0.27564102564102566,0.03863960113960114,0.1120014245014245,1986.5922809829062,16.927172364672366,38.682388663967615,0.1948005698005698,0.129985754985755,0.08066239316239317,0.0004969251847591,3.014519684000792
중계종합사회복지관 교차로,1682,364,17.804945054945055,0.990587872241938,0.03672272797407807,0.14596512883814225,2124.8638975466747,20.398858200894924,38.06239913932222,0.11279123592038265,0.2150902638481716,0.08563493288072828,0.0006288375335144,2.9630576178420824
독산역 롯데캐슬 104동 앞,3969,365,24.424657534246574,0.9138530566461021,0.04441951766685362,0.1340437464946719,1908.8362220975873,16.59035333707235,38.818006678653994,0.27156477846326416,0.17554683118339878,0.11946158160403814,0.0008112701250439,2.9519857829076557
제기동 현대아파트 앞,4134,363,13.644628099173554,1.0266505148394913,0.03553401978598829,0.1308298001211387,2454.098736119524,24.696345649101556,41.11243166151652,0.14455885322027054,0.18796688875429032,0.08378760347264284,0.0006431096784503,2.9591336147341365
청소년음악센터,4545,365,25.03287671232877,0.9535952719711065,0.03688300317390829,0.10178395534639378,1994.0814654700669,16.373317281383386,31.77712648169858,0.12093685016963993,0.11032067418189777,0.2030206851264091,0.0014198213400724898,2.895728485739287
한강공원 망원나들목,4217,365,242.04383561643834,1.0524981323432867,0.015416657234057003,0.1694700382586648,5378.291080071529,42.08584429402576,34.84201859875019,0.06096484277726213,0.2668485273809793,0.09411857922260204,0.0009594595234922,2.8806837572963087
잠실역 6번출구,1231,365,93.33150684931506,1.0352844478365526,0.03287735572124699,0.1279868490577115,2435.02541830565,21.62029589620149,36.78255882659622,0.09314272294956849,0.3093406915986614,0.13582457582340163,0.000982193021059,2.9046490759504975
포르투갈 대사관 앞,354,361,34.13573407202216,0.6924450215045038,0.038789255863020365,0.11685466201411994,1790.1709746003407,19.94132922178041,40.299439183598416,0.17731071979225838,0.14493224052584597,0.11409559360545322,0.0008128730342912,2.9069326328040743
증산2교,131,365,56.038356164383565,1.1171897917277793,0.03515204849907109,0.13713699031974186,3550.1387914344377,27.766989341938007,36.89030188463081,0.17121345458101106,0.22264593722499268,0.09059352693849614,0.0005347404158164,3.002392721164612
서울지방병무청 버스정류장,251,365,22.898630136986302,0.8487676477626226,0.03840631730078966,0.12682459918640823,1794.2342258913611,17.567121320890166,36.11857142857143,0.13807130892558028,0.21213208901651112,0.08710217755443886,0.000567541481856,2.9960464711798864
성신여대입구 교차로,1368,364,21.98901098901099,1.054847576211894,0.025612193903048475,0.10782108945527237,2378.271936531733,20.214017991004496,32.98761135857461,0.22776111944027985,0.18440779610194905,0.09920039980009995,0.0006821275977037,2.9460835673267827
성산시영아파트,427,365,40.26301369863014,1.0964888405008166,0.03647250952640174,0.12037289058247141,2236.2154960533467,21.430185084376703,38.36244228626015,0.24020141535111597,0.16848121937942295,0.09818998366902558,0.000587040116374,2.992513611462309
서울시립대 정문 앞 A,616,348,9.327586206896552,0.452248921749846,0.02033271719038817,0.107516943930992,2286.6873290203325,19.536352433764634,32.90736842105263,0.10751694393099198,0.17652495378927913,0.07393715341959335,0.0002883483971362,3.087311262670952
숙대입구역 8번,828,365,26.336986301369862,1.194528243004265,0.03266410069697285,0.12254239051284718,2215.223631540623,20.8906688858837,36.144545678404334,0.09507957973577447,0.22323936336211384,0.0920628315822324,0.0004752022656525,3.0299678896720397
위례포레샤인13단지,4875,363,11.325068870523417,0.9917295062028704,0.04402821697883726,0.12916565312576014,1905.3198516176108,19.589151058136707,39.14116969173149,0.2549258088056434,0.1863293602529798,0.09997567501824374,0.000653860751948,2.9733067787974297
극동아파트,5756,365,29.315068493150687,0.9769158878504672,0.03766355140186916,0.09429906542056075,2015.084825233645,18.21523364485981,38.616672065651656,0.22084112149532711,0.20373831775700935,0.09700934579439252,0.0006472520647121,2.964149754116241
구로구배드민턴실내체육관 앞,1992,362,11.464088397790055,1.1118072289156626,0.03566265060240964,0.10722891566265061,1907.0818746987957,15.450602409638554,34.28391074574281,0.13566265060240965,0.13325301204819276,0.10722891566265061,0.000688967516653,2.975197949746479
갈현1동 주민센터,4676,360,9.258333333333333,0.9858985898589859,0.039903990399039906,0.10531053105310531,1783.122586258626,16.215421542154214,35.49777117384844,0.19741974197419743,0.16051605160516053,0.11341134113411341,0.0006915356439634,2.9620477215297756
서남병원 후문,782,365,25.38082191780822,0.6716321243523317,0.040803108808290155,0.10308721934369602,1622.6408236183083,14.2353195164076,31.239721773692708,0.2709412780656304,0.16137737478411054,0.17832469775474957,0.0011985644438130575,2.901298638327297
마천역 1번 출구 인근②,4889,365,18.873972602739727,0.9577587458266802,0.04282188996951662,0.1339817099724198,2682.9568471476255,20.077950355639427,37.001451612903224,0.15749745971839163,0.21948033096240382,0.09261140949339527,0.0003542011090227,3.0760392453416365
서래공원 앞,4306,364,18.703296703296704,0.9985311398354877,0.026145710928319625,0.10047003525264395,3211.7054832549948,26.40378965922444,38.14513638703036,0.1150117508813161,0.186545240893067,0.14115746180963573,0.0011151471922926863,2.884688220301833
동해문화예술관앞,1663,365,80.45753424657535,1.017809105458508,0.031463888037593216,0.09793305410835292,2287.0077096741206,17.479926448053938,29.32341012668813,0.1113494738992747,0.16903326863486226,0.1116218885143188,0.0006546196942039,2.988078516335791
정동사거리,300,364,28.225274725274726,0.9393614950360132,0.030367919018882618,0.08935176172863539,1836.979425734864,17.721238076698462,41.01530221882173,0.22863539030562585,0.17286353903056256,0.11154370255012654,0.0010968878122818925,2.814701353794642
송파사거리,4864,365,81.66027397260274,1.000738106421526,0.032342481379588,0.1240018788163457,1969.1014788968685,19.123163121519156,34.4709493445285,0.12423673085955847,0.2564248808964638,0.10239549084077032,0.0005460988301439,3.0177745994358514
고덕 래미안 힐스테이트(101동),3686,365,20.58082191780822,0.9989350372736954,0.027689030883919063,0.1253993610223642,2049.003841853035,19.952076677316295,39.03421615397269,0.2239084132055378,0.14443556975505858,0.0911874334398296,0.0004752897080445,3.0164871451212223
군자역 비채온 오피스텔,3586,365,58.227397260273975,1.0136921846327578,0.031242648096739285,0.12261798334352797,2737.07688373406,21.66263586317226,33.46642294713161,0.17014068602079707,0.20891168305650964,0.10299722392132875,0.0005053013727324,3.033975094134463
개포동역 4번출구,3651,365,36.76986301369863,1.0324118918113405,0.034796214887117205,0.1410476119514194,3572.708346620967,28.53051188436033,39.07738914899477,0.16220847924893822,0.2027419715371433,0.07868266150063334,0.0004777710219558,3.0072640703657836
새솔초등학교,1418,328,6.435975609756097,0.29512079583135953,0.025580293699668404,0.10184746565608717,3195.3511084793936,21.254855518711512,38.195882025598216,0.300805305542397,0.0928469919469446,0.13216485078162007,0.0011196919156457135,2.88781698598558
경일중학교 앞,582,365,53.52602739726027,1.0144341505860675,0.03787684905563802,0.10114142396478477,2055.9835588882684,23.34969544965962,34.85614055433144,0.19864871781747456,0.2145160464759175,0.09940113630547166,0.0007433007391241,2.94214339524015
한양대역 3번 출구,3544,365,46.66849315068493,0.9678877539039568,0.02559586708935071,0.09011388986732417,3182.214672419867,24.068333920394505,31.73250410060142,0.1406598567570741,0.21709522132206174,0.11071973699659504,0.0009222316204625,2.888731420026014
U레지던스 앞,5857,364,28.335164835164836,1.0603063796781074,0.034904013961605584,0.12458793872406437,2094.7680764010083,19.02986232305604,34.13415065424967,0.3804537521815009,0.1344774093465193,0.18121000581733565,0.0015126948485639595,2.8492629806514316
교보생명보험 앞,264,365,55.72054794520548,0.8691120070803422,0.03559838725538401,0.10143573606057626,1604.558339561411,17.904169534860852,39.161048689138575,0.18551479988199432,0.2742157537614318,0.15448913364145933,0.0009669140039952,2.924688250773229
삼일교(시그니쳐 타워),472,363,32.760330578512395,0.967288933736966,0.029767911200807264,0.05196770938446014,2495.84197107299,23.315085771947526,38.96039041030986,0.11604439959636731,0.17532795156407668,0.1881096535486041,0.0019917709840785174,2.6551776977579915
이수역9번출구,2091,365,28.35890410958904,1.1432711815283547,0.03139793256690175,0.12984252729204906,1570.06294657521,20.024248864843976,36.32807945589982,0.09796154960873345,0.26654429523717516,0.1008598203072167,0.0005753013041293,3.0131491384870914
안암로터리 버스정류장 앞,1308,365,92.91780821917808,1.0946483856700575,0.03172637476043049,0.11366651923927466,2009.9047887365455,17.711042311661508,29.86019397079934,0.04841515553589858,0.23912722983930415,0.10517470145953119,0.0008637808001009,2.9152644499524634
광운대학교 중앙도서관,2908,365,55.676712328767124,0.9934061608109438,0.031837417577010134,0.1002361972246826,2200.33416396024,18.41782304891251,30.20726110949753,0.08867237476626316,0.18630056096840863,0.09620116130302135,0.0005467421908287,3.0126289714246486
강서구보건소,1170,365,24.350684931506848,0.6057605760576058,0.03757875787578758,0.12646264626462647,2103.3110396039606,18.986386138613863,37.26418687317506,0.14232673267326734,0.17664266426642666,0.0891089108910891,0.0004102232905559,3.0409671086938
까치산역 3번 출구,2737,365,39.06027397260274,1.124640527460195,0.03661359332257838,0.12962053727993267,2482.2496997965927,24.8496177316406,37.60430423086329,0.13481097004980008,0.21757733043417268,0.08360805218489163,0.0003267577834819,3.0814633798564266
서울지방고용노동청 앞,3013,362,47.37845303867403,1.0284531514197424,0.025829397702757856,0.051425572852894876,2890.3971354439964,25.74817794880765,40.00752230062575,0.054515771675120984,0.22925776922628419,0.2166637513847589,0.0024354136363313253,2.6269877658773133
신림동 우방아파트,2103,365,33.31232876712329,0.9782876881322478,0.048194752857965296,0.13956739863475615,1941.3408734270886,19.231844724072705,35.516846229187074,0.253228061518217,0.16966855826959454,0.12114483098939058,0.0006505455291273,2.99106245006398
방정환교육지원센터 옆,4823,365,29.85753424657534,1.0210130299137457,0.02890438612589466,0.12800513855753348,2056.5467636263543,17.628005138557533,33.688144615725854,0.1424114516425032,0.21783813543769498,0.07597724353092311,0.0004457762571944,3.036509706475208
마곡역5번출구앞,5055,365,55.84109589041096,1.038318123834756,0.040673142969286626,0.10239426945343931,1088.1481194190967,10.69620253164557,35.54376960364984,0.12133254832695516,0.2826022961436562,0.1527818663526641,0.0012714222688551648,2.814139746274822
아차산역 3번출구,549,365,63.4027397260274,0.9638752052545156,0.037161870192723184,0.1267392619479734,2332.9744486215486,18.721069916169736,37.71934889740654,0.15586379742459597,0.212557255206983,0.09117621640307666,0.0003803700825553,3.0663735814625928
성동도로사업소,3551,363,22.19283746556474,1.032522343594836,0.044314796425024824,0.06938927507447865,1464.5061097318771,19.48696623634558,43.006110262463544,0.09173286991062563,0.15764647467725917,0.19885799404170804,0.002856846798220687,2.5040692757454184
광화문 S타워 앞,308,347,80.44956772334294,0.9294669723456083,0.030161914314371686,0.05204900415532311,1491.0879606677158,16.142427281845535,39.818473037907104,0.08622295457801976,0.22334861728041266,0.24373119358074222,0.0030096569888067894,2.5421081704454305
서울숲 관리사무소,3515,361,58.45152354570637,0.9216150893322591,0.01473863797924269,0.1906070802331643,3849.3875631486617,47.07478318563101,34.92558017224377,0.04104070897113881,0.22231173878015262,0.1301360125112554,0.0017171169056101358,2.6682470834969387
원효로2가 교차로,4640,365,24.035616438356165,1.3461757665564802,0.030776245298073636,0.12150917588054258,2174.5642083665803,21.32030092328736,35.875313035455385,0.19263649834720165,0.21144420380713552,0.10087769292146358,0.0006076583747497,2.9855910336853695
광진정보도서관,3528,363,35.352617079889804,1.27374737006156,0.028676069508298915,0.15054936491856932,3887.0211189901056,27.5606639133484,40.773229785290084,0.05291046520688848,0.24865580924179848,0.13706849528559184,0.0015380610818284638,2.7314163682867227
서울서초고용센터앞,2280,364,16.60989010989011,0.8124379755210056,0.03291432351968243,0.09692358584187893,2167.197750578896,20.098577571948397,38.666530861682624,0.185742639761826,0.2515712868011909,0.12272576910353954,0.0010323938091008837,2.8586566683840213
잔디마을 마을버스 정류장,2252,364,42.23076923076923,0.9888758782201406,0.03486859224564143,0.10382513661202186,2476.588238355452,21.33385376008327,41.0574303874092,0.0558808222742649,0.21031746031746032,0.1824095758521988,0.0018619248506300974,2.7123108833214986
문정법조단지12,4893,363,82.9366391184573,1.1272835979538962,0.03657078323257822,0.04384508071480768,1687.7171038995552,14.275127881485417,37.51348503180984,0.11794991031688035,0.306051949777453,0.2320135521158573,0.003379114563004022,2.521062102806487
서울북부지방법원 앞,1759,362,18.75414364640884,1.0282810428634557,0.031079687730151715,0.1013404035940492,2319.098004124317,18.9066136397113,40.63119330076762,0.15436735896302844,0.23449698040948594,0.12800117837678598,0.001022954937777047,2.9056948638383244
창동 주공 4단지 입구 옆,1752,365,20.013698630136986,1.0981519507186859,0.03449691991786448,0.12114989733059549,1667.49234770705,18.085831622176592,37.3535636476813,0.20876112251882273,0.18015058179329227,0.10458590006844627,0.0006953344762908,2.951079478955005
올림픽기념 국민생활관 로터리,4711,365,42.04109589041096,0.9584881068752037,0.03369175627240143,0.09768654284783317,1699.3705708699904,15.027044639947865,38.603978300180835,0.28563049853372435,0.1652003910068426,0.14121863799283155,0.000979800072253,2.8791878806757873
여의도 삼부아파트,5859,365,59.72054794520548,1.003807688778787,0.03188365905128911,0.12088264978438389,3517.7236296907977,29.65455546380402,37.55131948950898,0.15795027066703365,0.22199284338012662,0.11202862647949353,0.0008900495109639,2.9030721981455763
잠실나루역 고가하부,4485,364,22.755494505494507,0.7247374139804419,0.043824701195219126,0.1248339973439575,2370.6021574308834,23.46879150066401,37.44246788084145,0.12471326813956296,0.25968851865266207,0.09344440420137631,0.0006423954767442,2.9615511234688827
여의도 순복음교회,299,332,14.768072289156626,0.9861309402406689,0.015500713848664083,0.17479094431980421,5301.841858046094,42.550071384866406,34.8001047943411,0.036304303487660616,0.32551499082194574,0.13563124617581074,0.0013743040270757997,2.786993002720367
한국은행,467,355,14.771830985915493,1.068649885583524,0.02345537757437071,0.07856598016781083,2611.9106045003805,23.650648360030512,38.127938517179025,0.039473684210526314,0.39549961861174676,0.2446605644546148,0.002742991736296932,2.607964999993837
불암아파트 앞,5321,365,21.983561643835618,0.9965104685942173,0.0496011964107677,0.12649551345962112,2320.7083786141566,19.193045862412763,35.035590929569004,0.19890329012961117,0.1610169491525424,0.12200897308075773,0.0005253376039766,3.0406769644582856
반포1동 주민센터 앞,2210,359,10.025069637883009,0.6732425673798277,0.03056404556821339,0.14559599888858016,2501.8137816060025,23.189497082522923,38.73016949152542,0.19977771603223118,0.2117254792998055,0.09585996110030565,0.0006600855364969,2.9615165468890057
영동1교 북단,4341,362,23.42265193370166,1.06793253921453,0.026772025002948462,0.11498997523292841,3140.3389739356053,27.22821087392381,36.56001672940192,0.1376341549711051,0.23540511852812832,0.11970751267838188,0.001018920579934715,2.8649139059464055
은천치안센터,2108,365,35.13972602739726,1.0282239201621706,0.03609854982067675,0.12942460626851707,2484.971286449399,21.641977233743958,37.525127809395194,0.18711991267737407,0.207937002962732,0.08030562919070637,0.0004508783992465,3.030587254448627
금호나들목,3550,365,39.227397260273975,1.0534990920519625,0.024165386227126693,0.15588769381198492,5271.4105978488615,37.08115658611538,38.313640889478926,0.1604274339991619,0.22077105741025282,0.08625506355636262,0.000602800346211,2.9770149510654518
일성아파트,449,360,6.9,0.29790660225442833,0.027375201288244767,0.12238325281803543,4181.671042673108,26.494766505636072,43.66712898751734,0.18840579710144928,0.1574074074074074,0.13285024154589373,0.0007426218080201,2.984914255403679
성균관대 E하우스 앞,344,365,25.235616438356164,0.9282379763326457,0.038432309195527085,0.11801107371620888,1646.7131494951682,14.590489631961784,34.692368734294405,0.19541852133318857,0.15372923678210837,0.10552600151992184,0.0004371451699778,3.0592811956601427
서울고앞,4304,357,7.927170868347339,0.8943462897526502,0.02862190812720848,0.12685512367491167,2344.8962720848053,25.309893992932864,37.97068403908795,0.22968197879858657,0.2183745583038869,0.10600706713780919,0.000753775140434,2.9322737305126294
DMC역 2번출구 옆,417,365,48.136986301369866,0.9359134889015367,0.033636881047239615,0.07911212293682413,2282.35733067729,17.511610700056917,39.1061107864147,0.250199203187251,0.29271485486624926,0.17581104154809335,0.0018211493988451609,2.735430615663089
홍은센트레빌 아파트 앞,3105,347,10.778097982708934,0.4088235294117647,0.0374331550802139,0.13529411764705881,2324.5532860962558,16.990909090909092,40.10374365482234,0.2032085561497326,0.19438502673796793,0.08101604278074866,0.0004394408063015,3.03987258410728
예일여중,932,355,31.512676056338027,1.0775006704210244,0.03468311432913203,0.13041923661392688,2641.0333565745955,23.22588719048896,35.59617938502401,0.09198176454813622,0.20362921247877,0.07937784928935371,0.0005528406926655,2.997358634973535
말우물 어린이 공원,1054,58,5.293103448275862,1.224755700325733,0.11726384364820847,0.1465798045602606,1747.8459609120523,21.547231270358306,51.41851851851852,0.11726384364820847,0.26058631921824105,0.10749185667752444,0.0009487095943252,2.8722357445103794
은평뉴타운 힐데스하임,962,363,27.209366391184574,1.0258175559380378,0.026931254429482635,0.1404272552394452,1725.1115794269508,17.392528095575578,36.30845708532595,0.047686544497317,0.232661739394553,0.09425939050318922,0.0007615574122937,2.919864050929462
포스코사거리 서측(수협 삼성동 지점),2319,362,19.41160220994475,1.0102461932545894,0.03173473744129785,0.07101181158389071,2854.6183734168185,26.225700868080263,39.96326799538791,0.0907926568948342,0.2927280489540344,0.1700583463782553,0.0013431710969559827,2.858285954338431
SSTS 몰 앞,1073,363,24.239669421487605,1.0256847369019206,0.03295829071485396,0.1405841572906012,1727.8615092624154,18.09785202863962,35.00995619275189,0.20195476758722583,0.17217865666553017,0.08989657915672236,0.0004763358825353,3.029383274659635
전자랜드 본관 앞,806,365,30.246575342465754,0.9259057971014493,0.034601449275362316,0.09021739130434783,1826.8204067029005,16.383514492753623,38.18890384018218,0.16983695652173914,0.20842391304347826,0.12708333333333333,0.0009291674597861,2.9058179142459277
황학동롯데캐슬,4798,365,63.586301369863016,1.0184411219785428,0.03347839200310224,0.12482226722392176,2221.5817316558237,20.96527209272265,38.10276020983478,0.12331423154810633,0.24313843767503984,0.10224481882028523,0.0006424085316822,2.9715667047992755
신대방삼거리역 3번출구쪽,2016,364,29.88186813186813,1.0546106463179186,0.0324538015997058,0.13588305598970304,2277.9352008825963,21.52891422267169,36.30541446017508,0.20336489840948793,0.20290521283442126,0.1101406637859704,0.0005296731153397,3.0279863103813325
수유사거리,1565,364,28.576923076923077,0.9970198038838685,0.027014035762353394,0.12132282253412806,2577.6583608921355,25.977215920015382,35.9410244888789,0.11882330321092098,0.20130744087675445,0.07479330897904249,0.0003496620350984,3.0663499119334348
힐스테이트창경궁 아파트 앞,343,365,31.594520547945205,0.9705168227540756,0.0418834547346514,0.09608047173083593,1557.363270898371,16.015695456122096,36.54299008699171,0.21089143253555326,0.21661463753035032,0.11437738466874783,0.0007082050601669,2.975146642634784
이수고가차도 남단,2265,365,39.8986301369863,1.1133008308727597,0.03378424775115017,0.12387557508755065,2788.7049509029707,23.89864725674655,37.737264072156336,0.14166037217606264,0.2399917599395729,0.11041680972327131,0.0006287716379865,2.995600416556249
합정역 1번출구 앞,104,365,42.797260273972604,0.865885666730683,0.03066384994558607,0.12540810447474554,2877.7919147301714,29.413673900518532,35.76212540168896,0.0885346648742078,0.2515203892196402,0.10978810575507329,0.0007427192315717,2.957559799848229
청계한신휴플러스앞 삼거리,669,365,43.010958904109586,1.0068157207465445,0.03649914007261609,0.10217211287343143,1849.8941512198235,16.43212943499586,40.33879039176437,0.29772596980699406,0.16880056054525766,0.1409006943117396,0.0009878147555838,2.9238665643095567
중앙보훈병원역 1번출구,1064,363,16.94214876033058,0.7853658536585366,0.04211382113821138,0.12390243902439024,1873.3780926829268,19.906666666666666,41.42511803588291,0.1383739837398374,0.1938211382113821,0.10569105691056911,0.0008298505078547,2.8792648392955487
DMC첨단산업센터,425,354,11.562146892655367,0.9753237234302468,0.026875152699731248,0.059125335939408746,1874.9332592230633,18.183728316638163,39.88839160839161,0.1905692645980943,0.1932567798680674,0.1187393110188126,0.0012937256428653297,2.7909798022303147
가양테크노타운,5086,365,48.06027397260274,1.1419450461748946,0.022859423098848478,0.10836848705962832,3950.633753847909,28.738171246152092,36.14794858478317,0.08322882225515904,0.3210010261087675,0.15807775624216167,0.0012829858200157148,2.8287584332313647
상계주공10단지 버스정류소,4019,365,39.29041095890411,0.9675057527369082,0.03612021476884457,0.12760616414475978,2329.593442577225,20.42633010250331,38.408329995995196,0.1914789763614811,0.21560560630360504,0.07781884108500105,0.0004501753917292,3.037479286668311
대방지하보도(대방동경남아너스빌아파트),2080,365,36.4986301369863,1.065981083921333,0.03205224440774659,0.10216183756192763,2438.5552394535353,21.7537907221138,37.67073602264685,0.16363909322924486,0.25394084972226394,0.11657408797477856,0.0006619559014568,2.9944988308186473
서울숲역3번출구,4389,354,11.228813559322035,0.9720754716981133,0.025157232704402517,0.1519496855345912,3545.2912578616347,38.7011320754717,35.230533415082775,0.06842767295597485,0.28830188679245283,0.13383647798742138,0.001239617697084767,2.8229073606609423
성북동 치안센터 앞,1364,363,19.81542699724518,0.965522035312109,0.03239260392047824,0.11177533713332406,2079.372083970526,18.74350062560823,37.87092368106539,0.21965800083414433,0.15612400945363547,0.09731683581259558,0.0004083931832335,3.0561794021962143
창포원 남쪽 입구,1750,362,21.31767955801105,1.0943371776597124,0.02151094985097836,0.14033951017234678,5132.52820137359,32.384994168718414,42.864529472595656,0.07943501360632371,0.23091875080990024,0.10276013995075807,0.0010160264615383834,2.8710638297328823
복정역 1번 출구 앞,2605,349,43.97994269340974,1.0132256173040588,0.03198905466154147,0.07707342497882598,3502.1910841097147,24.968401850283406,39.40450546116505,0.10854127304710404,0.3346146328751059,0.16242100462570852,0.0014832204691080152,2.8288385049734233
솔리스타오피스텔(공덕동주민센터),4221,360,18.733333333333334,0.1924673784104389,0.03855278766310795,0.1162514827995255,1845.5149481020173,15.205960854092528,34.72273035230352,0.35602016607354686,0.11402728351126927,0.1494661921708185,0.0012785792898463238,2.843216514869429
영등포 푸르지오 아파트 A,3214,365,60.9972602739726,0.8749550844412505,0.04976643909450233,0.12136183974128638,1514.275913133312,11.72305066475027,37.16919750603379,0.35366510959396336,0.14103485447358965,0.1913402802730866,0.001604142292798558,2.8061788916806734
송파중학교 정문,1230,363,16.195592286501377,0.8802517434937914,0.03367919714237115,0.1353971763905426,2186.801109032148,20.13148494641946,36.45591142744168,0.14015989113794863,0.21534274536485795,0.07688382377955434,0.000399893435918,3.0413815096506998
이화공영주차장,3402,365,12.789041095890411,0.9378748928877464,0.05162810625535561,0.07754927163667523,1264.5544987146518,12.674807197943444,37.48676971443542,0.23928877463581832,0.17759211653813195,0.09768637532133675,0.000763744634597,2.942851118691387
청계광장 옆,310,357,46.13165266106443,0.9161454854575263,0.025259578602222357,0.08215435059809338,2671.2136310644255,24.347865687048394,38.866100495399856,0.16291213795616005,0.2524743457404821,0.13771327949480844,0.0011124664181060924,2.8171841870125096
봉천역 3번출구,2196,363,15.96694214876033,1.0629744651483781,0.03433402346445825,0.13026224982746723,2034.906319875777,19.968599033816425,34.85032493907392,0.12991718426501037,0.24258109040717735,0.09903381642512077,0.0004207421433882,3.056591061386605
동원사거리,1457,365,18.610958904109587,0.8423377005741204,0.040041218901810685,0.11924039452377447,1770.590490210511,16.03253349035772,36.632568569949974,0.17238333578683937,0.2274400117768291,0.08346827616664212,0.000445846944489,3.042943235285868
국립국악원 앞,2532,336,6.273809523809524,0.23007590132827324,0.025142314990512334,0.09962049335863378,2936.2846869070204,20.19449715370019,38.71631608868675,0.12571157495256166,0.2926944971537002,0.18453510436432638,0.0015751953543042161,2.8096701525190757
태릉입구역 8번출구,1643,356,61.11516853932584,1.0170519832697522,0.028450613595624397,0.1237762559176357,3482.9259240704127,26.23128188628947,36.51775163677011,0.08608723629176816,0.26120329089488437,0.10015167532288459,0.0006490338711005,2.991232667894403
부엉이공원 앞,403,365,28.46301369863014,0.43170661276349986,0.032149388776590626,0.11541053036865916,1972.9479661180083,16.63288093175474,37.4075055187638,0.21647896813937817,0.18760227163345844,0.11040523630763308,0.0006288993971299,2.99097510086458
청소년수련관(수영장)앞,2351,356,11.117977528089888,0.7963617988883275,0.030065689742294087,0.1245578575037898,2507.869087923194,19.476250631632137,42.707097933513026,0.1687721071248105,0.20389085396664985,0.10207175341081354,0.0006699530510538,2.9553559789386568
서울대입구역 5번출구,2171,365,34.90958904109589,1.0018835347669126,0.027939099042536494,0.12486265892324595,2552.1664236383617,22.505022759378434,35.675867145091544,0.08248312666771307,0.259927797833935,0.10712603986815257,0.0006729877605279,2.968849493898041
오금역 3번 출구 뒤,1253,365,20.01095890410959,0.9737130339539978,0.03504928806133625,0.10624315443592552,1964.4663485761218,17.3315991237678,36.44191959319879,0.19879518072289154,0.1901697699890471,0.09405805038335159,0.0005680044725018,2.9979984136487334
신길우성4차아파트,4592,365,46.83287671232877,1.1687141687141687,0.0367965367965368,0.11413361413361413,2161.853002223002,20.88025038025038,35.12357611322057,0.19474669474669473,0.17912717912717913,0.08868608868608868,0.000487064791426,3.014435852507251
신림푸르지오아파트,2156,365,24.846575342465755,0.9486161649575476,0.04068805822031095,0.12007939133311281,2084.144394089755,20.87925901422428,40.008009858287124,0.22571397066931306,0.19517036056897122,0.09923916639100232,0.0005205709686448,3.0256551991360596
공항시장역 4번출구,1109,359,21.311977715877436,1.0023526336426611,0.044177231734413805,0.13501503071493923,1761.5995660697945,17.569337341523983,36.056828597616864,0.19004051757940138,0.2006273689713763,0.08038164945758725,0.000356863392663,3.0614662105058903
동선아파트 앞,3915,354,6.895480225988701,1.040147480540762,0.03318312167144613,0.15034821794346578,1790.8226464563706,16.57230643179025,32.88231981981982,0.12453912331011881,0.19664072101597707,0.07742728390004097,0.0003241944712456,3.065008300324453
위례중앙푸르지오 201동 앞,4453,365,41.082191780821915,0.9871957319106369,0.03474491497165722,0.14698232744248083,2395.4402080693562,21.93084361453818,39.14937594403371,0.11210403467822608,0.183727909303101,0.06835611870623541,0.0004177810591625,3.0243585124891386
서울도시건축전시관 옆,6058,359,75.86908077994428,1.013437603260271,0.029995961376069316,0.06487498623196387,2054.6619110034126,18.07952417667144,39.78971564788013,0.28149208796857217,0.28472298711311816,0.1515952564526196,0.0015668134762143527,2.782718542064018
휘경2동 주민센터,600,355,7.670422535211268,0.9783327212633125,0.03672420124862284,0.1123760558207859,2624.4510723466765,21.473374954094748,40.80241448692153,0.1215571061329416,0.15020198310686744,0.09327947117150202,0.0009311981054496,2.8679192842608856
강남한신휴플러스 6단지,2426,362,17.635359116022098,0.906328320802005,0.03994360902255639,0.10134711779448621,1849.8316666666672,14.068609022556391,35.378656266619394,0.362468671679198,0.1149749373433584,0.1611842105263158,0.001469312476837457,2.8160423489930193
등촌2파출소,1136,364,19.61263736263736,0.5088948031937246,0.03992155764112621,0.12886958957837233,2024.2761689312226,17.963860484661716,38.33575145876045,0.22538170612130548,0.15772517159266003,0.13517299341644487,0.0008484151068898,2.9317065126807305
이촌1동 마을공원,822,361,13.46814404432133,0.9658576717400247,0.030234471410941998,0.1065405183052242,2108.9070608802967,17.657548334018923,39.16579448144624,0.20341423282599752,0.18428630193336076,0.10386672151378033,0.0007191665501457,2.967159217975043
상봉2동 주민센터 앞,4803,365,29.065753424657533,0.9996229616363465,0.04006032613818456,0.1193326420963333,1755.1348185502877,17.226882835328496,37.53267584263574,0.16259779432557264,0.16354039023470637,0.07484211518522009,0.0003079899475025,3.091916909479121
녹번역e편한세상 캐슬 정문 앞,4674,365,28.76164383561644,0.9380834444656125,0.03314917127071823,0.12792912935797296,2334.9138407315695,20.099638026290723,37.402485445588894,0.1651743189178891,0.2557630024766622,0.09792341398361593,0.0005445732089376,3.0194114499691556
도원맨션,2190,365,13.983561643835616,0.9925548589341693,0.03369905956112853,0.12460815047021943,1802.9524098746076,16.927703761755485,33.94957033016735,0.10481974921630094,0.26998432601880873,0.09894200626959247,0.0006320744638308,2.9951598518794396
회현사거리 남측,471,361,17.168975069252078,0.9835430784123911,0.02968699580509842,0.08906098741529525,2544.4494175540503,25.166343981929653,37.76282051282051,0.1797353985156502,0.21329461116489187,0.13197805743788318,0.001135366980393145,2.8708566275486347
동원사거리 행복오피스텔 앞,4838,351,19.01994301994302,0.6635710005991612,0.037747153984421807,0.12522468544038345,1934.413199520671,18.598262432594368,35.95984412063707,0.18199520671060515,0.17150988615937687,0.0810365488316357,0.0003246852449311,3.0756341785042154
세운스퀘어 앞,338,365,20.876712328767123,0.9977690288713911,0.029133858267716535,0.08910761154855643,1847.0007611548556,23.718372703412072,42.71245862172736,0.12270341207349081,0.21876640419947507,0.13293963254593175,0.0010837248526348903,2.864339822137249
난우길입구,2144,362,12.077348066298342,1.1873284537968893,0.032479414455626715,0.10384263494967978,2803.3455832570908,26.494967978042087,38.35129586861689,0.17543458371454712,0.1605672461116194,0.12831655992680696,0.000727679159783,2.986719095389269
노원성당 앞,5322,365,19.24109589041096,1.0818738430869999,0.03687882671223124,0.12743841663106933,2064.23145664246,19.2783710664958,38.07844440751205,0.28207318809625515,0.17343015805211448,0.1419621244482415,0.0009638881461587,2.8841702230930895
은평뉴타운 은뜨락아파트앞,993,352,13.105113636363637,0.4428788207240408,0.029481898981140255,0.10253631042705398,1803.6560004335565,17.739865597225233,36.36494325346784,0.13093431606329936,0.22284847171038372,0.1109906785172339,0.0008311962846286,2.919595999100432
백토공원 앞,1213,361,10.955678670360111,0.9610619469026549,0.041719342604298354,0.09936788874841972,2384.169620733249,18.82857142857143,38.01633986928105,0.2960809102402023,0.1549936788874842,0.14285714285714285,0.0010708064714908857,2.8527539783806595
신정이펜하우스314동,733,364,23.939560439560438,0.45145742483360113,0.0414275877897636,0.11475786091347258,1679.7314000459025,16.259467523525363,32.691739606126916,0.25154923112233185,0.12324994262106954,0.16697268762910258,0.0011224513661289308,2.907821688890302
삼각지역 3번출구,813,363,24.137741046831955,1.07566765578635,0.026477973065510158,0.14699840219128052,2656.4120109564024,23.433805067336223,32.44162169277347,0.0861675416571559,0.2234649623373659,0.0991782698014152,0.0004790257893018,3.026063997515966
강일리버파크 7~11단지,1056,363,12.732782369146005,1.0536564257897014,0.03288619645175249,0.1038511466897447,2338.2741367373437,22.713327563825185,39.508263473053894,0.3102553007356123,0.1510168758113371,0.13154478580700996,0.0009572089169026,2.904360391752755
북위례2,5767,359,7.3175487465181055,0.8587742672249714,0.041872858774267226,0.12637990102778834,2449.143882755995,20.32851161020175,41.93129062209842,0.2268747620860297,0.15302626570232203,0.08641035401598782,0.0005205667455121,3.0039498444438113
서초동 현대아파트 앞,2518,361,14.581717451523545,1.009308510638298,0.034384498480243164,0.11056231003039514,2090.4928666413366,21.00607902735562,38.48528724894909,0.21067629179331307,0.1899696048632219,0.09992401215805471,0.0006651332042361,2.9740561333273474
현대홈타운 뒷길,3521,359,10.83008356545961,0.7965534979423868,0.042695473251028807,0.13503086419753085,2182.014328703703,20.911779835390945,38.93685096828515,0.20576131687242796,0.14017489711934156,0.10570987654320987,0.0006596525413922,2.951557786682789
도봉산광역환승센터앞,1703,360,8.958333333333334,0.8241860465116279,0.034108527131782945,0.13364341085271317,3952.9867162790697,27.966511627906975,42.40531561461794,0.061085271317829454,0.25705426356589145,0.14914728682170542,0.001393440398213249,2.8324457127010447
궁동생태공원,1969,330,3.7303030303030305,1.0341186027619822,0.03249390739236393,0.12835093419983754,3206.616498781478,25.498781478472786,34.82937365010799,0.16165718927701056,0.148659626320065,0.10560519902518278,0.0006307341488632,2.9989752171422506
신촌동 제1공영주차장 앞,138,364,15.173076923076923,0.9813507151910194,0.03639326453014666,0.11823284446858591,1678.8568441064638,19.18178526163317,35.001250781738584,0.19409741082744886,0.15625565815679884,0.07731305449936629,0.000291139298724,3.0869471564116377
청담역 2번출구,2354,341,5.06158357771261,0.906720741599073,0.04287369640787949,0.15353418308227115,3548.211147161065,29.035921205098493,39.00334001336005,0.16685979142526072,0.24159907300115874,0.11413673232908458,0.0006272055682888,2.9862287655142667
성북청소년문화의집,4417,344,5.776162790697675,0.29089079013588326,0.033719174635128336,0.11273276295923502,2881.631962757927,24.074484146955207,42.28296547821166,0.20734776044287873,0.14846502264720685,0.09058882737795672,0.0005181933525529,3.0310862098393083
LH서초3단지 301동 맞은편,2285,357,10.358543417366947,0.9989183342347214,0.028664142779881017,0.12114656571119524,4860.755886965928,31.887506760411032,44.838640538885485,0.23769605191995674,0.2620335316387236,0.11952406706327745,0.0009794059663672,2.8564338690148015
준빌딩 앞,4672,350,6.6657142857142855,0.9931418774110587,0.03214744963566224,0.13844834976425205,2150.5053793399056,20.298328332618947,39.19512195121951,0.1418774110587227,0.21260180025717962,0.08572653236176597,0.0004111936872536,3.049996995300992
건국대학교 신공학관,3900,181,47.23756906077348,1.2217543859649123,0.033801169590643276,0.054385964912280704,1193.4162596491237,13.571228070175438,26.347626841243862,0.044678362573099414,0.19824561403508772,0.1543859649122807,0.0018851273326265631,2.6785640708258
마곡롯데캐슬르웨스트,6177,184,79.76086956521739,0.9700190787680567,0.0464022894521668,0.11079313164349959,1163.3365651403658,11.785227582447533,37.05153470526683,0.24720632324884168,0.20216680294358136,0.11590351594439902,0.0008274482277105,2.8930332407587853
GS강서타워,5884,184,74.97282608695652,1.052845233780355,0.035955056179775284,0.09227981152591519,1699.6325465748453,17.376440739398333,38.75377769537406,0.1783254802464661,0.24719101123595505,0.12750996737948533,0.001173206546789096,2.837430993161814
망원우체국사거리 인근,184,184,73.69021739130434,1.1379895272512721,0.03340954347665757,0.13231064237775647,2578.5189040489727,25.18268308872336,36.57396396396396,0.15465742311379893,0.21262629987462203,0.07891437421638764,0.0004551009415145,3.028279113168459
신내역시티프라디움 앞,4847,183,21.846994535519126,0.9374687343671836,0.030515257628814407,0.11780890445222611,1720.282336168084,15.232366183091546,34.71570397111913,0.12281140570285143,0.17483741870935468,0.0785392696348174,0.000481204608613,3.018415015410128
목동역 2번 출구,4547,184,106.85326086956522,1.004628452265907,0.03743451502975434,0.12761304104572505,1833.6276369462405,18.483037485377142,35.23224967490247,0.12161131173388942,0.2428665886780937,0.10080870759371344,0.00059099363597,2.9989665649485815
유광사 여성병원 앞,6176,184,23.22826086956522,0.9326158165652785,0.03509592887225082,0.13055685540477305,2191.4746537201686,19.380907814693497,36.21371610845295,0.18413664014974263,0.19723912026204962,0.08984557791296209,0.0004873563995074,3.030753492543755
시립대학교 박물관 앞,4144,180,15.205555555555556,0.49725977347460726,0.021191085129704055,0.07709170624771648,1757.8300876872481,20.34124954329558,30.51484674329502,0.05663134819145049,0.2546583850931677,0.13262696382900988,0.0011452983191126633,2.8282944902382483
광평교사거리 인근,2612,55,1.8909090909090909,1.0384615384615385,0.009615384615384616,0.17307692307692307,4315.931153846154,25.615384615384617,34.5,0.08653846153846154,0.20192307692307693,0.09615384615384616,0.0009219880013149,2.865553277833651
국회의사당본관 좌측,5892,155,10.103225806451613,0.8397190293742018,0.04086845466155811,0.04853128991060025,1896.9585504469992,18.62388250319285,38.54392971246006,0.0772669220945083,0.32375478927203066,0.23627075351213284,0.0033601446255492004,2.458515486626544
보라매병원역 2번출구,4182,146,63.986301369863014,1.0423892100192678,0.03040034253907086,0.1116463284093342,2891.7688910297575,24.630914151145365,35.44891971192318,0.10361806893598802,0.28494968957396705,0.14921858274459432,0.0011503841842704003,2.8477231055098176
광양중학교 앞,515,96,11.625,0.8360215053763441,0.015232974910394265,0.12724014336917563,2915.008790322581,26.549283154121863,35.98972602739726,0.14247311827956988,0.19713261648745517,0.07795698924731183,0.000599981051117,2.9680193969317457
래미안신반포리오센트 후문,5602,41,9.073170731707316,1.1827956989247312,0.08870967741935484,0.1639784946236559,3359.306559139785,28.18010752688172,40.81159420289855,0.18548387096774194,0.17473118279569894,0.09946236559139784,0.0009604915789879,2.854874453244515
경복궁역 4번출구 뒤,302,164,63.15853658536585,1.3349102143270901,0.029928557636609385,0.1245414172620197,2185.2907202162587,20.964568449507627,37.00463965357253,0.2128789341571732,0.23556671172040936,0.1187487932033211,0.0010139041033661665,2.859950375884428
\N,5338,181,33.10497237569061,1.1291722296395195,0.03554739652870494,0.11365153538050735,2080.333743324432,21.206108144192257,35.41574437700821,0.07593457943925234,0.20961281708945262,0.10564085447263018,0.0006192907731993,2.99590142447331
효창공원앞역 3번출구 뒤,834,181,38.86187845303867,1.0744953085015638,0.03738982087005971,0.0951094682968439,1978.3142351435888,20.84546488484504,38.66507605129735,0.3420528859823713,0.16022177992607337,0.23926642024452657,0.0019762519573455046,2.8167401241567003
망원우체국사거리 인근,184,184,73.69021739130434,1.051331219116454,0.03340954347665757,0.13231064237775647,2578.5189040489727,25.18268308872336,36.57396396396396,0.15465742311379893,0.21262629987462203,0.07891437421638764,0.0004551009415145,3.028279113168459
목동역 2번 출구,4547,184,106.85326086956522,0.8276791617923809,0.03743451502975434,0.12761304104572505,1833.6276369462405,18.483037485377142,35.23224967490247,0.12161131173388942,0.2428665886780937,0.10080870759371344,0.00059099363597,2.9989665649485815
광평교사거리 인근,2612,55,1.8909090909090909,2.826923076923077,0.009615384615384616,0.17307692307692307,4315.931153846154,25.615384615384617,34.5,0.08653846153846154,0.20192307692307693,0.09615384615384616,0.0009219880013149,2.865553277833651
전농동 텃골공원,654,365,21.684931506849313,0.7080227416298168,0.035375868603916616,0.1346809854706254,1913.6978079595704,16.685912823752368,36.99194991055456,0.20353758686039167,0.1949463044851548,0.0870499052432091,0.0004043661140706,3.04881429257014
노량진역 5번출구,2050,365,62.79178082191781,1.241459051442035,0.0316331428072778,0.12849600767921812,2775.166180025304,24.479645708800557,35.93961573650503,0.12282385793446485,0.21977398664863212,0.08525677385575287,0.0003533242747658,3.0744652096064176
신림역 8번출구,2136,365,104.74794520547945,1.044516517144875,0.03834383909188398,0.1346480788847331,2083.591174116604,19.86977218633118,34.80983955212211,0.09185781916145738,0.22621818847592395,0.08843145973373787,0.0004317367773677,3.0500577509671865
강서구민올림픽체육센터,2742,365,80.16438356164383,1.0808612440191387,0.04111414900888585,0.07812713602187286,1426.6354808612446,15.167737525632262,38.652355469066734,0.2599453178400547,0.2195146958304853,0.12006151742993848,0.0010344374485064126,2.840482299940776
LG사이언스파크 W4동,5098,350,30.71142857142857,0.9913480323751047,0.04130616801562936,0.027444413433807796,1264.7159075262819,10.443297050888456,38.58993656596065,0.4137129035259094,0.17117871429900458,0.19648339380407479,0.002523703189211017,2.5523535579703567
송파나루역 4번 출구옆,2620,365,149.5068493150685,1.0596664834157963,0.034396188381894816,0.13322338281106835,2156.5311165475578,22.079329301814184,35.67962906921447,0.1702034084661902,0.2241707898112516,0.09613340663368151,0.000503645984045,3.0244466191118513
상암한화오벨리스크 1차 앞,400,365,35.35616438356164,1.0367299496319256,0.03696241766757071,0.11204959318093762,2110.6208810538537,17.98488957768307,36.69355553585675,0.3691592406044169,0.1500968616815188,0.19682293684618365,0.0015478611690596578,2.823680827210762
대영중고 후문,4558,365,31.317808219178083,1.0950922928877613,0.037966932026944275,0.10856443005861255,1817.0936173563102,17.57352812527338,31.545900490539594,0.21992826524363573,0.15746653836059837,0.09517977429796168,0.0006722982465217,2.9597232991193825
신촌 청년주택,4220,365,47.07397260273972,1.054242812245373,0.03317425212431614,0.13601443370969618,2928.667573623557,25.061576067978116,35.13749071008716,0.23285996973577,0.2009661273425678,0.0921313001978815,0.0005278749172058,3.0118262867377763
상일동역 2번출구 앞,1090,365,57.12602739726027,1.0106949306987674,0.03510622991703036,0.1049350151071891,2009.7008143494313,19.513452592201812,40.81283818420003,0.16047191981199943,0.28372739916550765,0.11270442664620402,0.0008547595012249,2.924699784408426
장안동위더스빌옆,648,365,84.67945205479452,1.0022000776497995,0.04286916008800311,0.11644234502394202,2124.146166688237,23.437912514559336,39.261735317374736,0.26627410379189853,0.18962728096285753,0.12139251973599068,0.0007466573911968,2.9659747185932335
방이역 2번 출구,4463,365,24.731506849315068,0.9992245485764928,0.034673756508253016,0.11875484657139693,2324.4562423839598,18.738451312728483,38.22919916796672,0.21059045086961337,0.1753628004874266,0.08563199291015841,0.0005094718271037,3.013402337679151
상봉역 2번 출구,1455,365,70.67945205479452,1.0563997209085976,0.03290952787037755,0.1209396077215288,1692.2654337545569,15.932824249941856,34.1199855602184,0.09830219396852469,0.2972711062873091,0.11062873090937282,0.0007594445917207,2.974129135142733
응암시장교차로,956,365,62.23835616438356,1.2121318836113923,0.03891358894220188,0.11599242857771713,2658.4060210415114,22.965796540036095,40.2722840539742,0.27089844609763614,0.16128890258396794,0.12792182066293964,0.0006801780039247,2.9973427496024407
"7호선 이수역7번출구",2082,365,27.594520547945205,1.0255162827640985,0.03316123907863384,0.11338363780778396,1418.2158101667992,18.417593328038127,36.59402421415084,0.12519857029388404,0.26737490071485304,0.1290706910246227,0.0007448502653632,2.9535464303158565
맥스타일 앞,346,360,27.033333333333335,1.031442663378545,0.026715988491574187,0.08949856144677353,2870.1398808055906,25.67961364570489,40.408811978399605,0.05774763666255651,0.187731196054254,0.114570489108097,0.0004897566960594,3.0537983983785963
홈플러스(강서점),2704,365,95.81643835616438,1.0422611729048123,0.035141394790266775,0.1150030023160724,1637.978644954677,15.166442684356504,35.36984750615969,0.18691562062162237,0.24464586967088897,0.11102850770594458,0.0009272045487856,2.8782100580046324
구로역·NC신구로점 버스정류장(구로역 방면),3919,365,47.52876712328767,0.9999423564676043,0.032049804011989855,0.1267581277380678,2195.6250893474753,19.859522711551765,35.194244100553185,0.10842748443624625,0.22792252709246025,0.08191145953424026,0.0005613226888517,2.98990094535476
을지로2가 사거리 남측,332,363,24.327823691460054,0.9924130902502548,0.032499150719057866,0.071792548975201,2156.8167863209146,21.410146076322047,40.41558106539404,0.19488166685539576,0.18740799456460197,0.09829011436983354,0.0009225675852521,2.8810877767278256
망우역 2번 출구,4820,365,48.9972602739726,1.0065980764929545,0.03561842988145829,0.10780585998658018,1429.1728410870053,12.148680384701409,35.69393574551676,0.26073585327667187,0.20029076269290985,0.12279132185193468,0.0007817089614281,2.9566900539842793
우성4차아파트,3566,365,52.5013698630137,0.9819965558628607,0.044617231122475606,0.1204404320826593,1435.230460261962,14.616396180138809,35.06159060363466,0.32301831654751345,0.1562385847727391,0.14820226478108856,0.0010152279394709568,2.914761753597371
서울시 북부여성발전센터,4039,364,30.10164835164835,0.9771835356393174,0.03230811353472666,0.112165738797116,2126.0359523592215,19.363511910194397,37.13400211193242,0.15250524778680297,0.17477411700282924,0.07757597882632107,0.0005803743189324,2.973269403912109
동일로 지하차도,1404,365,41.46849315068493,0.997026955602537,0.039112050739957716,0.10372621564482029,1430.8721729651152,14.511231501057082,36.72164330159682,0.21214323467230442,0.20784883720930233,0.10114957716701903,0.000787741846294,2.9456521329676115
중랑구청 중화동 별관 앞,1442,349,64.2865329512894,1.047156355856659,0.04198609377785702,0.11133891959351043,1652.7973796576919,18.43693171688358,34.41671695835848,0.1418256373685149,0.2011945088251025,0.07951506507398823,0.0003039081141399,3.083568401976938
현대시티아울렛 가산,3975,365,46.63835616438356,1.0724901603712624,0.036891264759443106,0.10215590671444516,1539.407914586146,14.459260999823767,34.63931214627775,0.22528344005169476,0.260059918933208,0.13094049227515714,0.001005154190175105,2.8915913266141846
화양 APT(횡단보도 옆),3571,365,122.56712328767124,0.9712095133781881,0.04329749424413796,0.10282316650647115,1968.5201730111557,19.01419406755035,34.34229114663551,0.2271721393924492,0.19444754900865055,0.10780785479580661,0.0005779432414983,3.0219759168952764
광진소방서 앞,3864,365,53.07123287671233,0.8111093903257447,0.043725156161272004,0.10226627432760312,1592.0678669144597,13.702906406483919,35.18408498187138,0.2977130762479996,0.20050591089773373,0.14836611429456403,0.0010170936188912468,2.90586530934601
신진과학기술고등학교 버스정류장(응암시장 방면),4659,365,30.767123287671232,1.120480854853072,0.033392698130008905,0.11861086375779163,2151.7388735529835,19.88361531611754,38.789126524085546,0.27355298308103293,0.15565449688334818,0.13161175422974175,0.0006603830883985,3.0023207645205763
석관초등학교 앞,1333,364,43.137362637362635,1.1087122659533817,0.031142529614061904,0.10724748439689212,2488.9440892879893,22.873710355368743,35.822855807431644,0.1688319959240861,0.203923067125207,0.0811998471532289,0.0004776178527393,3.0176104175382283
위례22단지 2208동 다리앞,2650,363,13.327823691460056,1.0128152128978918,0.038032244729226956,0.10417527904092601,2150.766560562215,18.25361719718892,42.23114119922631,0.33753617197188923,0.10210830921868541,0.15006200909466721,0.0010313947162513084,2.9189167071258764
고척아이파크아파트 205동 앞,3929,365,41.68767123287671,0.8970162986330179,0.043703995793901156,0.11540483701366983,1918.0287118822305,17.713853838065194,35.31550161084888,0.36159305993690855,0.1325578338590957,0.23402996845425866,0.0020065814077724737,2.796320002847087
대한무역투자진흥공사 KOTRA 앞,2539,364,35.72527472527472,1.0128422023992618,0.027145493694247923,0.028145186096585666,2271.499667025531,19.859197170101506,40.83340969485934,0.05175330667486927,0.1657182405413719,0.3412027068594279,0.0050993277744246805,2.303375070286558
일원에코파크 앞(개포로 방면),3623,362,12.712707182320441,1.0834419817470664,0.02955236853541938,0.1236418948283355,4303.576531942634,31.486744893524556,41.295825771324864,0.19404606692742288,0.2073011734028683,0.09973924380704041,0.0008231626346033,2.9025408031122617
대성유니드아파트,4520,364,26.744505494505493,1.2891628145865435,0.037596302003081665,0.11412429378531073,2019.087459681561,17.831946584488957,33.47943137501573,0.26923472008217775,0.14329738058551617,0.13600410888546483,0.0007447370842653,2.983648271491586
길음역 3번출구 뒤,1318,365,34.41095890410959,1.0214171974522293,0.03431528662420382,0.13535031847133758,2184.8297181528656,19.346337579617835,37.202467963929756,0.10883757961783438,0.22229299363057325,0.09745222929936306,0.000470307633057,3.0333041598808697
화곡역 버스정류장,1127,365,32.07397260273972,1.0009396087810711,0.04262407106859144,0.11770735457418638,1819.2944836422646,18.76484154779192,37.44587995930824,0.13274109507132487,0.23925856325275477,0.09925685487315282,0.0004969524662083,3.0243503947307477
한신휴아파트 앞,1912,365,66.65479452054795,0.9873402112705002,0.04328168029923137,0.11426692424678367,2363.421891980763,23.287064819762424,38.61584226570951,0.2295203255374245,0.22738295860906738,0.09778453697233754,0.0005887310323473,3.0052879811867887
증산3교 앞,178,365,40.3013698630137,1.0247450713800137,0.03963290278721958,0.11991842284160435,2535.1686471787884,19.65989123045547,36.442713873271536,0.26152277362338544,0.19279401767505097,0.10693405846363019,0.0006014570527851,3.014018008067681
마곡역1번출구,1151,365,151.15616438356165,1.0452040890306677,0.039802798520988905,0.11054520408903067,1102.87978811716,11.293264699485245,37.34956607664547,0.2095446965852244,0.26812513593851955,0.11881026607699557,0.001206058402385886,2.7971646740620293
화곡2동주민센터,5059,365,30.013698630136986,1.233409402099498,0.04235508900045641,0.12441807393884072,2626.0244819717036,22.0259242355089,37.64101506086239,0.2987676859881333,0.14094020994979461,0.12505705157462346,0.0007364491038618,2.9905989532714568
이대목동병원보도육교,749,365,49.224657534246575,1.0463627762008125,0.03656703957254968,0.09094450937830467,2696.975557410808,19.400345077085767,35.52042271784232,0.11042466744587298,0.15940335058718763,0.17999666054433128,0.0018300545666793992,2.717590225438297
동대문구민체육센터 (육교아래),643,365,60.679452054794524,1.1473722232255734,0.03553368249954849,0.11626331948708687,3748.8819085244704,30.199069893444104,40.68334392206692,0.2738847751489977,0.1627686472819216,0.11784359761603756,0.0007455333584626,2.9475222912181436
방학역사거리,1732,364,17.771978021978022,1.086566702736126,0.03988251661771526,0.11130004637501932,2267.939653733188,21.90771371154738,37.36788762446657,0.15303756376565159,0.19338383057659608,0.0754366980986242,0.000355353791245,3.0711342240203368
대광고등학교,672,364,28.13736263736264,1.0490138644795939,0.037980863112673305,0.1012497559070494,2080.3764909197407,18.3917203671158,34.35383502170767,0.16861941027143135,0.150165983206405,0.10945127904706112,0.0008446129682004,2.924147939003134
용산중학교,846,364,29.475274725274726,0.9236648336284835,0.037654953863360985,0.1322583651784882,2050.813701183708,17.273184826172056,37.473547549496914,0.16609190045670613,0.18072513747786373,0.07456426507596234,0.0002605833356207,3.0986908734329157
마곡역교차로,1152,365,135.44109589041096,1.0676632413625697,0.04120479003155595,0.09940124605550611,1040.8241736790976,9.832935512581924,37.459345076250145,0.142628853467109,0.2913463872481592,0.13059309005582975,0.0010251651748570802,2.859311356520836
홍대입구역 6번출구,493,365,41.9013698630137,1.0145154962730483,0.033673335948738066,0.1284163724336341,2767.409387341441,28.777494442264942,35.440501370936154,0.1037661828167909,0.24578265986661435,0.10644697266902053,0.00066937243588,2.965700299463641
석관래미안아트리치,1390,365,41.32876712328767,1.0748425588332782,0.03221743453762015,0.12800795492210806,2914.954438846538,27.53762015246934,36.13431575715711,0.18760357971494862,0.1790520384487902,0.08823334438183626,0.0004013536152524,3.05200789281183
삼각지역 4번출구 앞,817,355,27.492957746478872,0.9944672131147541,0.028995901639344263,0.12786885245901639,2159.1583534836063,19.45655737704918,33.7156986774008,0.22418032786885247,0.19600409836065574,0.0855532786885246,0.0005328793246476,2.999613928376533
가락삼환아파트 앞,2617,363,14.143250688705233,0.8893650175301909,0.037397740553174914,0.11063498246980911,2113.775021425789,17.914102064666928,35.17552071144395,0.18328788469029997,0.19380599922088038,0.0876509544215037,0.0004758269718976,3.0279072321568945
강서구청사거리(SH타워),1173,365,106.16164383561645,0.958605383364732,0.04157526645848925,0.11938372603163952,1420.0869764381082,13.017187540323622,34.06842820474105,0.2782781491135255,0.17866267516581072,0.1301452940721051,0.000812735445765,2.972281033494709
밀리아나2빌딩 앞,1203,365,35.205479452054796,1.0294163424124514,0.03214007782101167,0.09175097276264592,2438.578341634241,22.552918287937743,38.96072480585558,0.07338521400778211,0.2577431906614786,0.12459143968871596,0.0009042871790472,2.9222496770691255
송이공원,2655,362,25.5414364640884,0.7616266493618862,0.03525849015790612,0.12686567164179105,2056.4317456197264,20.672074410555915,38.37740321306295,0.23415531040449927,0.16298940082197708,0.09214795587280987,0.0006943839587374,2.9411541366524214
고척스카이돔구장 광장,1928,365,42.63013698630137,0.979241645244216,0.039910025706940876,0.10867609254498714,2747.287916452441,19.959897172236502,36.64990548204159,0.18862467866323906,0.20559125964010283,0.1063624678663239,0.0009402303528408,2.875967522531074
창동한신아파트 버스정류소,4054,365,19.394520547945206,0.640062155671705,0.033338042096341294,0.12459386919056364,2624.9249088854353,21.930216132222064,38.29410777236864,0.14733719451899988,0.15482412770165277,0.0646984037293403,0.0001953589196677,3.1183691595133256
대림역4번출구,1914,365,82.16164383561645,0.9929640868318383,0.039381106405682084,0.10707259328420421,2784.8854349928306,21.515555703758043,38.96553333852019,0.19783920770949348,0.22121444529660875,0.10420487512087766,0.0006890936667077,2.9593267105626846
도봉구민회관,1707,365,38.36986301369863,0.9213138164941093,0.035844341306676186,0.11760085683684399,1807.9695987147445,17.584219921456622,38.840542396155165,0.11545876472688327,0.16722599071760086,0.06918957515173152,0.0002402722150356,3.1015087736253473
목동주차장,756,365,44.657534246575345,1.0486503067484663,0.03245398773006135,0.15263803680981594,2395.1683975460123,20.96435582822086,36.8080040526849,0.06539877300613497,0.2887730061349693,0.0998159509202454,0.000884951028977,2.9189976484488884
마장역3번출구,3553,365,17.92876712328767,1.0507334963325183,0.03102078239608802,0.10895476772616138,2081.393699572129,18.558832518337407,37.871880199667224,0.18627750611246943,0.20110024449877748,0.09428484107579461,0.000572767035914,2.9891992323571976
서서울모터리움 앞,1159,365,24.07123287671233,0.9158889141816526,0.03801502390166173,0.0771682221716367,1901.9142670157073,17.929888458911904,42.517394136807816,0.08433872069201002,0.32654222626906443,0.22934213521511496,0.0023675466059762396,2.6632794232933805
상암월드컵파크5단지(상암중학교),3006,364,18.626373626373628,0.9718289085545723,0.03377581120943953,0.07905604719764012,2740.1530147492604,20.77182890855457,38.09907670454545,0.093952802359882,0.22846607669616517,0.1290560471976401,0.0010814530561574184,2.8849651079622176
면목 홈플러스 2,1479,364,15.315934065934066,1.1126457399103138,0.029955156950672645,0.1377578475336323,3875.8198206278034,29.117847533632286,37.785887096774196,0.09811659192825112,0.22439461883408074,0.08968609865470852,0.0004475764756089,3.041933541587743
연희파크푸르지오아파트 앞,3125,365,36.81095890410959,0.990622208990771,0.0302917534980649,0.12957725513545698,3211.4915867817786,26.869231914260197,38.40213071784899,0.24612980053587377,0.17810360226257815,0.1452069068175052,0.0009892400203951,2.890695300451267
SBS방송국,723,365,58.07945205479452,1.0586820133025143,0.038492381716118684,0.08439077314967687,2104.3005637058377,19.263974715788482,38.38084299374967,0.11708099438652766,0.31643002028397565,0.19331100523609604,0.0015919285542957066,2.792901396066394
LG사이언스파크 E10동,5089,362,56.24585635359116,0.9980354599479397,0.028927852266588085,0.018466676489366927,1263.0544717842956,11.321546093020972,36.42856333238878,0.0574136830214626,0.19223024409410147,0.3236088600756348,0.005269228460700638,2.2151266443992452
월곡역 3번출구,1328,365,68.47945205479452,1.1079815963192639,0.041088217643528706,0.10686137227445489,2238.5182968593726,19.453130626125226,37.31814614780963,0.1761952390478096,0.251370274054811,0.10914182836567314,0.0008280423810529,2.941939012144621
독산역1번출구 B,3966,365,62.07945205479452,1.1050355267222738,0.03971931682775056,0.06227106227106227,1513.8968670285535,12.015269870691558,36.87396715824705,0.33637848095679423,0.2328434617591244,0.19978816364358534,0.0019420253270472764,2.734999818607689
천왕역 1번 출입구 앞,1977,365,53.00821917808219,0.7869547240024809,0.039642340293570395,0.10554062435393839,1303.6480452759988,10.791916477155262,37.551864910001854,0.18487698986975398,0.2202294810833161,0.11008889807732065,0.001086997135016772,2.855122647189725
여의도중학교 옆,249,358,37.229050279329606,1.0328631452581032,0.015831332533013207,0.16544117647058823,6229.243756752696,47.95513205282113,36.2689556509299,0.08650960384153662,0.2722839135654262,0.10804321728691477,0.001100060497388231,2.8402550405207343
DDP 패션몰,475,364,43.706043956043956,0.9126280721604123,0.03029731598466277,0.054560311773210135,2431.183495505689,24.11364636369351,41.853039910481165,0.06820038971651267,0.13275504431453894,0.07612043497391413,0.000276264204405,3.0963396633058005
양재역 3번출구 주변,2333,363,33.082644628099175,0.597635107003081,0.034890498792572236,0.09726038804230161,2093.606512615537,19.78840869347989,38.91339113680154,0.1626280289782663,0.28053959530352235,0.130985094512449,0.0009787904145609,2.8918908712618534
청담공원앞 교차로,2405,363,23.286501377410467,0.3570330060333609,0.034189045309357624,0.09570566662723294,2540.9688240861233,19.083757245948185,39.33111050626021,0.2869986986868568,0.1989826097243582,0.15249024015142554,0.0011371065913996327,2.884681593217962
을지로3가역 3번출구,398,364,56.64010989010989,0.9968472619682786,0.03186690595139933,0.1152447009749236,2248.581072415966,21.633118300431683,39.37402509325195,0.1098122908279575,0.26536353494688847,0.14449240917689285,0.0009741123655495,2.9035575636163506
청계2가 사거리 옆,329,360,43.94166666666667,0.888741386939756,0.025665339149124472,0.11467222959731968,2601.970299007523,22.545420064479423,37.70430346051464,0.08888046020608129,0.2862380681459005,0.14210759213603893,0.001104862073376074,2.878041782058621
중계역 2번출구,2921,365,71.04383561643836,1.1148818017045234,0.03771547568547299,0.11191238286221125,1595.502273340786,14.072307277004358,35.702495641802,0.16327947244610697,0.20442713354672015,0.09074081215533532,0.0006581183832168,2.9611060874121162
KAIST 경영대학 앞,637,365,29.621917808219177,0.7637809840917499,0.025434702182759897,0.0966518682944876,2557.2595773214953,20.813170551239363,36.666666666666664,0.10368109507954125,0.17998520162782095,0.10886052534221236,0.0006327601804164,2.9973774205266244
앙카라공원 앞,225,365,51.824657534246576,0.9119792768027067,0.0353668851765701,0.1101184182702474,2197.9390611122835,20.18079932332417,39.09655504118319,0.21505603721717065,0.24196447451892575,0.110171283569465,0.0008208685854988,2.9147008099154794
아망떼마곡전시장,5066,365,60.21643835616438,1.1829473588425314,0.035715910641976434,0.06938441239364848,1420.8547513535639,13.258519495882434,36.50349871100121,0.06169525456117203,0.33190773010601027,0.21283952864097547,0.0023016579859747054,2.671287279103022
DMC빌 앞,405,361,18.434903047091414,0.9768595041322314,0.028249436513899325,0.06521412471825695,2187.156066115703,22.902479338842976,39.45891233487734,0.10443275732531931,0.23516153268219384,0.16168294515401954,0.001982386304445,2.652834730295152
신사로입구,3811,365,48.989041095890414,0.9656618757340194,0.039539175661316484,0.12493708405570159,1683.6997986689787,15.930596722778368,33.508138522339074,0.28326156255242996,0.17023656395056205,0.11324869973715117,0.0006731190323869,2.998130318674065
마곡센트럴타워 1차,1193,365,81.64383561643835,1.0508389261744966,0.03335570469798658,0.08281879194630873,1383.6969684563758,12.951510067114095,35.6065656762335,0.036208053691275166,0.3253020134228187,0.18238255033557046,0.0016786885225390246,2.7501498348869924
영등포아트홀 앞,5869,364,32.59065934065934,1.015173227682711,0.029082019725195987,0.10848857793138329,1699.7730144145667,18.678327573126527,37.64549064095292,0.1289724353030431,0.228188485206103,0.12383039703279103,0.0008957313137202,2.881425736763661
도깨비시장,2910,365,46.54794520547945,1.1014125956444967,0.031489111241907,0.12736904061212478,2231.407074749856,21.340200117716304,36.55309194467046,0.12271924661565628,0.2070041200706298,0.09434961742201295,0.0003531064496117,3.073693917361375
테크노마트 앞,3904,365,66.52328767123288,0.9852559614513405,0.02911741691034142,0.14809933693010996,2262.4966372884146,20.637164861414274,36.096100884186114,0.082698406161196,0.28285490712903094,0.10481446398418516,0.0008378254537184,2.9185937237534416
사당역 12번출구 뒤,2222,365,46.53972602739726,1.2854535821510567,0.03520339082828045,0.1252133984811915,2550.008324012482,21.42302937540472,36.571746309900924,0.12533113557426268,0.2315299935244599,0.09254135515394125,0.000541562667031,3.0105961728096644
행당동 삼부APT후문,3561,359,6.983286908077995,0.6246509772636617,0.02672516952532908,0.13562026326286397,3825.9060071798976,28.266852812126047,34.981558321807285,0.04706820901475867,0.2441164738731552,0.10091743119266056,0.0009642324608589,2.889982340802648
방배역 2번 출구,4318,263,21.319391634980988,1.188514357053683,0.02603887997146424,0.10558230782949884,2694.145523452826,24.130016051364365,37.825,0.11218120206884252,0.2577135723203139,0.12413055109684323,0.0008579351685469,2.9434108682091678
용두역 4번출구,641,365,61.84931506849315,1.0667995570321152,0.03184939091915836,0.13541528239202658,2609.742243189365,22.99685492801772,39.85694143713178,0.10454042081949058,0.2513399778516058,0.10786267995570321,0.0007439754057984,2.939298688152277
영등포 푸르지오 아파트 B,279,365,66.10684931506849,0.8389075386464421,0.0388743835219031,0.123834390152928,1575.969732272371,13.86078992084214,34.961783439490446,0.17621948692444775,0.19959384972439803,0.07808031828919558,0.0003309580749449,3.0779404854228902
학동역,2385,365,18.45205479452055,0.9468448403860431,0.033853006681514475,0.10200445434298441,2265.918562731996,20.885820341499628,37.70497816593886,0.2133630289532294,0.20920564216778026,0.11180400890868597,0.0007462224384542,2.9660588414460936
한남나들목 입구,837,360,29.666666666666668,1.047003745318352,0.023408239700374533,0.1560861423220974,6163.3804335206,41.83277153558053,39.333039647577095,0.1052434456928839,0.22546816479400747,0.12088014981273408,0.0008236726855943,2.9406900150959063
삼부르네상스파크빌,1924,365,40.61643835616438,0.4393929173693086,0.039595278246205734,0.09349072512647555,1562.369861045532,13.08256323777403,35.60404922588329,0.27453625632377743,0.20283305227655987,0.13902192242833053,0.0008839831685067,2.9660731457884553
종로2가 버스정류장 (종각방향),454,360,34.15,1.001870831299821,0.03554579469659997,0.11517813567593949,1940.3984179274444,21.933788840084596,39.16580787633419,0.11574751911501545,0.22563852285667807,0.10761346998535871,0.0005805628771261,3.006173758459753
신도림동주민센터 앞,1901,365,60.47397260273973,1.0015856476237939,0.03896162732750419,0.1087301227744303,2027.499975988765,19.419743578127125,36.32173414023372,0.2388438363611652,0.20006342590495174,0.10365605037829022,0.0008054703720604,2.9300478976257085
방학역2번출구,4091,365,43.605479452054794,1.0789143000753958,0.036127167630057806,0.12119879366675045,2093.994188866548,20.165368182960542,38.39391226499552,0.11158582558431768,0.23624026137220408,0.11252827343553656,0.0005877340006439,3.0060955452799614
이수역 11번출구쪽,2032,365,49.80821917808219,1.2518151815181517,0.03767876787678768,0.122992299229923,1938.6777211221138,17.547799779977996,36.84795027936468,0.1306930693069307,0.24785478547854786,0.10665566556655666,0.0004745646456835,3.047336122959597
롯데캐슬골드파크1차 동문,1846,364,30.173076923076923,0.9935354638987526,0.03997086406264227,0.09268870071929346,1675.8626795957364,13.047710097423291,38.27035501163144,0.5053264135482108,0.11608850040972413,0.25102431029773287,0.003298421272897928,2.584025694297584
잠실나루역4번출구뒤,4484,360,63.87222222222222,0.9986083326085066,0.034443767939462466,0.10528833608767504,2542.266216839176,21.6412107506306,38.519574599260174,0.2345829346786118,0.25550143515699747,0.12568496129425066,0.0011612839614795864,2.837276055185539
북한산 우이역,1537,362,13.7707182320442,0.7664994984954865,0.026680040120361084,0.16690070210631897,4051.1065215646936,27.922567703109326,43.038180155464104,0.09287863590772318,0.18535606820461387,0.08926780341023069,0.0005992684813607,2.98755299919826
국립항공박물관,3799,365,13.876712328767123,1.0503455083909181,0.04284304047384008,0.0949654491609082,1965.017921026653,16.461599210266534,39.959626655090084,0.12063178677196446,0.3391905231984205,0.21421520236920039,0.0026045238135455483,2.606462940237897
뉴코아 킴스클럽 앞,2523,365,31.416438356164385,1.056073951338624,0.030260748234062964,0.14947239905816692,2387.2047649777614,21.244702188889857,39.71464342948718,0.14659457573907736,0.2149646812592657,0.07839888375337926,0.0006645539078569,2.9314080543218
남구로역 5번 출입구 앞,1976,365,21.827397260273973,0.6255805196435296,0.04242500313794402,0.0936362495293084,2140.640377808459,24.546504330362747,41.686577752553916,0.21727124388100916,0.210367767039036,0.08949416342412451,0.0004125087814337,3.0624568495620204
우리은행 방배동지점 앞,2529,365,21.073972602739726,1.0254810192407697,0.028211128445137807,0.10985439417576703,2667.3734451378045,26.305772230889236,38.842020966802565,0.12922516900676026,0.21983879355174207,0.11531461258450339,0.0006966371131878,2.9723533467380414
보타닉파크타워2,5091,365,48.63013698630137,1.011943661971831,0.0327887323943662,0.0803943661971831,1373.475530704225,13.33425352112676,35.8469638242894,0.046028169014084505,0.3428732394366197,0.17994366197183098,0.0017974933324516739,2.7059047000833507
풍납사거리(강동),1088,365,46.85205479452055,0.9937430559616397,0.037950997017718265,0.10432138471434418,1791.2703771709266,19.526928249809952,39.06605999325919,0.16653996842289925,0.2053681071282381,0.11970060230395883,0.0007655240925677,2.9597930089897297
노원구청,1657,365,63.62191780821918,1.01141159245543,0.033416587718542765,0.07195762638876928,2505.432570837996,24.085608474722246,39.662079134922585,0.06915855654121092,0.31147188011368526,0.18392042029110325,0.0017276383836514312,2.7319838217375083
더스페이스타워 앞,4381,365,39.42739726027397,1.0297408102286152,0.024598707525536796,0.09589326662497394,3334.2429831144473,25.119519143909386,35.25655237944414,0.11215342922659995,0.29851990827600583,0.1687165589604614,0.0013070549631075687,2.860414505952304
위례포레나송파,4891,365,18.98904109589041,0.9409897561679411,0.04285095945750974,0.12912999567162026,2493.996913865243,20.20747366902323,42.981089012063904,0.27052373394892515,0.1702496032318569,0.13129418554321165,0.0007388928757736,2.982101857477352
유스호스텔 앞,239,364,39.84065934065934,0.9449731071576334,0.03282305888842918,0.08902220383395394,1746.3511012274166,18.726865259964143,36.291360066143035,0.22024548338160255,0.2218314715211695,0.12529306302578955,0.0010237374869479527,2.86396767849258
올림픽선수촌아파트 136동 앞,2654,364,23.77747252747253,0.8102830733679954,0.0487579433853264,0.117157712305026,2130.9049982668967,25.812593876372038,42.73734357224118,0.20011554015020216,0.1632582322357019,0.09948006932409012,0.0006716945571645,2.9548313078613035
청담사거리(신한오피스텔빌딩 앞),3629,334,6.7155688622754495,1.4788230049041462,0.021845742309407043,0.08872046366473473,3368.3189968791803,27.755684351315203,40.484659386375455,0.05305394560855997,0.29068212215782435,0.18234507356219348,0.0013472004739413632,2.873910878727757
신림1교 교차로,2140,365,55.83013698630137,1.023456668956718,0.03704975954460693,0.13386985965256648,4381.743287859454,30.04735499067622,38.8359659781288,0.20090293453724606,0.18480714496025125,0.10550593777603298,0.0004406459540993,3.0553682442367602
본 서부병원 버스정류장(은평 세무서 방면),958,365,32.515068493150686,1.0553589484327603,0.03193461408830468,0.12293562521065049,1879.6129929221443,17.918267610380855,37.12012824366296,0.16329625884732052,0.2063532187394675,0.08383889450623526,0.0004499929655374,3.029814042673319
잠실근린공원,1220,365,77.72602739726027,1.096193161790624,0.03785689108212901,0.12019739161085653,2055.5856150863597,21.42721184349665,34.969828284464604,0.2421924568205851,0.1937962636587945,0.13835037010927034,0.0007366609638586,2.981374657828724
서울교육청 교육연수원 앞,4336,334,5.026946107784431,0.36748064324002383,0.04288266825491364,0.07444907683144729,2548.334073853484,17.160214413341276,43.869394177812744,0.07444907683144729,0.2751637879690292,0.21024419297200714,0.0028493874088938594,2.5703883440023994
서울과학기술대학교(어학교육원),2915,365,70.04109589041096,0.7204380989634266,0.028046156855075298,0.09446508898885195,1478.0724146293746,15.536553882260904,25.045145179454536,0.11324075884999021,0.16350479170741247,0.09321337766477607,0.0008481878844034,2.9005908806275857
강남 을지병원 교차로,2363,361,9.67590027700831,0.971657600916118,0.02834239908388205,0.1133695963355282,3184.571085027196,26.65845977669625,38.991310392770245,0.05124534783853421,0.2648153449756656,0.12911537360435155,0.0007271436194179,2.981134773671099
강동롯데캐슬퍼스트 아파트(관리동),1063,365,14.336986301369864,0.9845213070896235,0.04089432447926619,0.1572711637683929,2311.1901547869293,32.81750429963692,45.9359477124183,0.2692528186508695,0.15211159946493408,0.12249187846359641,0.0007244710010141,2.9652674099500143
금남시장 교차로,533,362,11.895027624309392,1.379006038086391,0.035531816070599166,0.12517417556897353,4141.747450069669,29.870877844867625,42.929736842105264,0.20436600092893636,0.15188109614491407,0.09475150952159778,0.0003852991391315,3.0691292129358723
선정릉역 4번 출구,3646,359,13.342618384401113,0.7805845511482254,0.03361169102296451,0.0977035490605428,2401.418860125261,23.694572025052192,38.31308299449892,0.16534446764091856,0.2496868475991649,0.1265135699373695,0.0008094525268902,2.951766552007582
자양2동 주민센터,3882,365,59.97534246575343,1.0147549221141108,0.04970079027911014,0.12434333744461194,1759.358335388975,15.822849572883834,36.73794592371749,0.3414188479283724,0.1673747202046503,0.15134073363482708,0.0012296989716032937,2.8571508487662682
한전아트센터 앞,2299,362,21.472375690607734,1.0002573009134181,0.03550752605171748,0.09159912517689438,2075.4126347613533,20.935932072558856,38.924632352941174,0.2781422874051203,0.2158754663579056,0.11964492473948282,0.001022369925707299,2.8684912166588106
서울대입구역 마에스트로,2112,363,19.988980716253444,1.0610529217199558,0.02701212789415656,0.14126240352811467,2111.725074421168,21.512954796030872,33.8602523659306,0.08434399117971333,0.2652976846747519,0.10101984564498347,0.0006552046768697,2.991605960989269
가든파이브 리빙관,4885,362,11.790055248618785,1.022492970946579,0.037019681349578254,0.09489222118088098,3434.4054194001865,25.646204311152765,43.56657075595082,0.13308341143392688,0.26569821930646675,0.13191190253045923,0.0011409432931621553,2.8708767662585384
청솔우성아파트 앞,617,365,25.578082191780823,1.05719794344473,0.03641816623821765,0.11364610111396743,2187.7541184661522,20.602934875749785,36.833830104321905,0.29005998286203943,0.14181662382176521,0.12907026563838903,0.0008235095854606,2.9641781639283704
고대앞사거리 교통섬,674,364,33.34615384615385,1.0555280935903772,0.024056681496127864,0.10627780523974295,2533.441685615424,20.969352446861098,30.80632603406326,0.09359037732740155,0.20843631570275167,0.09037732740154886,0.0005666780643551,2.996873642177738
헬리오시티 112동 앞,2648,365,36.1972602739726,0.9459582198001817,0.03928247048138056,0.13396911898274297,2727.48311307902,20.823418104753255,39.09091718610864,0.24644262791401755,0.19255222524977292,0.1080835603996367,0.000621370773616,2.999318887547008
한양대역 1번출구,3545,363,19.77961432506887,0.9206128133704735,0.024094707520891365,0.10682451253481894,3032.1259610027855,24.6066852367688,32.12423389100547,0.08927576601671308,0.21030640668523676,0.10682451253481894,0.0006970184166445,2.9659556451988927
종로3가역 15번출구 앞,335,177,33.666666666666664,0.9927840241651283,0.039100520221513675,0.10505118308441014,2037.244368182581,21.2077529786877,40.25335720680394,0.11948313475415338,0.2710186272864575,0.14734015774458803,0.0009799310765578,2.9133255566250464
가재울사거리,3130,365,23.824657534246576,0.6197102115915364,0.03530358785648574,0.10901563937442502,2635.4426655933753,23.533233670653175,39.11987585671796,0.2704691812327507,0.14293928242870285,0.11522539098436063,0.0007251179657914,2.9526014558870526
강서우체국,5084,365,46.16164383561644,0.8421864799097869,0.035669772686806336,0.09323995489346548,1591.9478063980046,16.3255386076325,35.558064956331876,0.21164460798860465,0.21977565434150392,0.10030268858685976,0.0006681954551537,2.9755657718228923
"신림4,5동교",3822,106,10.358490566037736,0.9544626593806922,0.05009107468123861,0.12386156648451731,2593.201857923497,24.338797814207652,32.809798270893374,0.122040072859745,0.1557377049180328,0.11293260473588343,0.0005462165299164,3.017111849814101
정릉도서관 앞,1358,364,11.733516483516484,1.0161554671037227,0.02856473893701709,0.1250292671505502,2598.138693514399,24.081011472723016,38.0243972445465,0.1517209084523531,0.1854366658862093,0.07211425895574806,0.0002555649668186,3.1008390630385465
마곡수명산파크1단지,2718,365,77.36438356164383,0.8809759898009774,0.04964940859834266,0.1138182590835045,1202.7950095615815,11.792194914654011,37.88334625656931,0.348502018556555,0.12398186840427793,0.14625681705503224,0.001395067405372418,2.7993132827959104
거여동 어울림아파트  102동앞,4469,363,14.570247933884298,0.996596710153148,0.036301758366420876,0.09737190395159766,2041.8773378710519,16.068633011911515,38.314599483204134,0.16279069767441862,0.27037247116657215,0.1334845906598601,0.0009066693597492,2.910887691904693
오금공원 사거리,1283,340,5.997058823529412,0.5252574791564493,0.04021579205492889,0.12898479646885727,1784.406836684649,16.40362923001471,39.301384451544195,0.18244237371260422,0.2157920549288867,0.0853359489946052,0.000523618905887,3.008497947939929
정곡나들목,3788,363,33.774104683195596,1.048531810766721,0.019249592169657423,0.1761827079934747,6327.899758564437,44.46468189233279,41.31246290801187,0.0663132137030995,0.2367862969004894,0.09176182707993474,0.0009293390502025,2.866223026440832
삼양입구사거리,3703,357,9.212885154061624,1.069017938583156,0.03800547278808148,0.11340833079963515,2729.9124445120096,24.70051687442992,40.82650862068966,0.1976284584980237,0.17816965643052599,0.10550319245971419,0.0006807511564392,2.9630880245920896
경기여자고등학교 후문 (삼성로3길 입구),2389,365,24.52054794520548,0.9827932960893855,0.03564245810055866,0.12100558659217878,2865.5344569832378,25.139441340782124,39.38524276793679,0.24167597765363127,0.1264804469273743,0.11273743016759777,0.0005766069688489,3.012030874476322
동대입구역 3번 출구,479,356,9.941011235955056,0.9858717151737779,0.026843741169821984,0.1449562023170387,2563.655710652727,23.668267872280307,36.60371819960861,0.13902232269002543,0.26448149194687764,0.09692003390788358,0.0008768131675898,2.9018394955163287
도봉경찰서 교차로,4092,365,38.66849315068493,1.0224599688252798,0.03216664304945444,0.09210712767464928,3180.8905526427666,23.918874876009635,37.04594639587148,0.1545982712200652,0.16720986254782486,0.09302819895139577,0.0006673481040048,2.9539992507037702
한영중고앞사거리,1067,361,15.232686980609419,0.9352609565375523,0.035279141662120386,0.12074922713220586,2199.0112747772328,19.84542644117112,39.30097972203235,0.14839061647572288,0.18876159301691214,0.08056010183669758,0.0004533943667098,3.0272135460143206
하늘공원 입구,440,364,25.67032967032967,0.942208904109589,0.0234375,0.2183219178082192,4489.109659674657,37.420697773972606,37.34527777777778,0.0469820205479452,0.3153895547945205,0.11986301369863013,0.0015929916807202401,2.695347892606229
화곡로 입구 교차로,741,363,13.928374655647383,0.9924841772151899,0.03659018987341772,0.09889240506329114,2529.4360621044298,19.906447784810126,33.17831204608064,0.15783227848101267,0.20470727848101264,0.11926424050632911,0.0006798581189552,2.9957938916955427
구로동롯데아파트,1983,365,26.07123287671233,0.9464060529634301,0.03656998738965952,0.11717108028583438,2119.436434426228,18.2896174863388,35.693190512624334,0.21353509878100044,0.16750735603194616,0.09110970996216898,0.0004169415663173,3.0412342213782444
늘푸른공원 앞,1437,364,22.315934065934066,1.1650867905946078,0.031515449956912474,0.11215068324510649,2909.3565973162654,22.77040502277484,38.287690771644556,0.17468915425335466,0.19401698879724238,0.09097624030530592,0.0004416002298187,3.0577247731091957
북한산더샾 106동 앞,3109,362,9.132596685082873,0.9606775559588627,0.03478523895946763,0.12280701754385964,3689.335166364186,26.701451905626133,42.63904299583911,0.1515426497277677,0.1693889897156685,0.07289776164549304,0.0003189436043433,3.0823592745413624
정의여중고 버스정류소,1774,363,11.606060606060606,0.9909802990742939,0.042250178020413004,0.11559458817944458,2070.403726560646,19.009969143128412,36.14878892733564,0.21671018276762402,0.1756468075005934,0.08212675053406124,0.0004349167716266,3.0548325678117143
은평뉴타운폭포동 힐스테이트4단지,4690,319,3.74294670846395,0.6306532663316583,0.03433835845896147,0.1440536013400335,1913.9656783919597,20.453098827470686,41.36150234741784,0.1457286432160804,0.16331658291457288,0.11139028475711893,0.0008068474935631,2.910910038567839
항동지구 1단지 105동 앞,2807,354,5.728813559322034,1.0887573964497042,0.033037475345167655,0.14398422090729784,2929.9836834319526,29.595660749506905,40.93517972893341,0.14891518737672585,0.21597633136094674,0.09220907297830375,0.0006387400845753,2.9704973303952675
마천청소년센터,4879,355,5.583098591549295,0.884460141271443,0.03481331987891019,0.14076690211907164,2979.1584207870837,25.27749747729566,41.62558411214953,0.18668012108980828,0.14581231079717455,0.08980827447023208,0.000475667584672,3.0262528132719764
한울중학교,1842,342,6.421052631578948,0.24726775956284153,0.046903460837887066,0.075591985428051,2067.5161247723136,16.204918032786885,35.10199676200755,0.44216757741347906,0.0714936247723133,0.2226775956284153,0.00271117561543149,2.6750963971467336
송천센트레빌,3714,346,5.213872832369942,0.6635254988913526,0.036585365853658534,0.1286031042128603,2207.06516075388,18.494456762749447,43.410780669144984,0.2073170731707317,0.12361419068736143,0.14135254988913526,0.0008643554549333,2.969205820326768
폭포동입구 교차로,4667,358,9.416201117318435,0.7167012755858796,0.032334618807475526,0.11391278552358351,2084.8014654405224,21.68851972708395,40.636725223732185,0.15188371403144468,0.1987540789083358,0.0866211806585583,0.0005032863085481,3.0016734240098266
연신내 선일하이츠빌 정류소,947,355,7.323943661971831,0.9638461538461538,0.035,0.12576923076923077,2049.3586576923085,18.935,36.633591065292094,0.22653846153846152,0.15846153846153846,0.08961538461538461,0.0005147887902696,3.0191284785509254
약수동 주민센터,4777,308,3.0324675324675323,0.9635974304068522,0.04068522483940043,0.15631691648822268,2536.8198179871524,23.0203426124197,43.97482014388489,0.09957173447537473,0.1948608137044968,0.09421841541755889,0.0003808571908207,3.073602198053377
상도SH빌아파트 입구,2093,223,4.116591928251121,0.25054466230936817,0.032679738562091505,0.1437908496732026,3048.8968082788674,24.459694989106755,40.270833333333336,0.1655773420479303,0.15468409586056645,0.07407407407407407,0.0004619197190697,3.01926711718774
누리숲어린이공원 앞,4350,184,26.059782608695652,1.0200208550573515,0.035036496350364967,0.13931178310740355,2345.167576642335,23.759749739311783,38.731551423590936,0.16016684045881127,0.24171011470281542,0.09739311783107403,0.0006326939419453,2.9769410407659445
진넥스베르디엠 앞,5151,184,47.983695652173914,1.0475705062861027,0.03624419526560199,0.1363687846868275,1818.243288028089,17.085400385094573,35.76356712154872,0.17635066258919468,0.21814475025484198,0.090837014384415,0.0006770346697666,2.9531556154331917
효창공원앞역 3번출구 앞,834,184,45.70652173913044,1.0592152199762188,0.032461355529131986,0.10535077288941735,1851.7986325802622,18.87550535077289,38.15024390243902,0.3626634958382878,0.16325802615933413,0.25148632580261593,0.0021961909018087893,2.7909895298236385
공릉동효성아파트 앞,5341,184,32.19565217391305,0.9010803511141121,0.036293045239702906,0.13555030384875083,1945.8337187711002,18.96809588116138,37.64578879863189,0.20931802835921676,0.14196488858879136,0.09908845374746793,0.0004372538563217,3.0488975454284373
KCC용산웰츠(WELLTZ)타워,850,184,15.070652173913043,1.1013342949873783,0.030652722683014784,0.142084385142445,1883.5981031373963,20.43166245943022,37.20984915705412,0.23836999639379733,0.2012261089073206,0.12405337179949513,0.0008238582099401,2.9117090230726346
덕수중학교,6059,183,19.81967213114754,0.8604907637165702,0.03722084367245657,0.09622277364212849,2047.1818555279845,22.64488558036945,39.93084234677155,0.1698373311276537,0.2357320099255583,0.11304108078301627,0.0006920577802772,2.9693314166565496
강남자곡힐스테이트,3642,184,25.608695652173914,0.3130305602716469,0.03522920203735144,0.12202886247877759,2245.8202313242778,16.302843803056028,41.31818181818182,0.26676570458404075,0.13115449915110355,0.10335314091680815,0.0007344396410774,2.9527920905315317
논현지하보도,4347,184,36.391304347826086,0.9655017921146953,0.03270609318996416,0.12410394265232975,1950.6710424133794,19.854390681003583,35.4216575922565,0.22491039426523296,0.19444444444444445,0.11275388291517324,0.0006111085387973,2.9980602746266176
암사역사공원역 3번출구,4959,175,6.622857142857143,1.371009490940466,0.031061259706643658,0.06471095772217429,3023.430198446937,22.840379637618636,40.6644370122631,0.363244176013805,0.22433132010353754,0.24331320103537532,0.002594299527715265,2.6263858588717097
압구정로 11길,4941,135,14.044444444444444,1.029535864978903,0.019514767932489453,0.16561181434599156,5527.990975738396,43.858649789029535,38.066409266409266,0.09546413502109705,0.2674050632911393,0.09546413502109705,0.0008704664346288,2.890267999981337
뚝섬유수지 공영주차장,4401,131,14.267175572519085,1.0374531835205993,0.026217228464419477,0.16853932584269662,3586.8924933119315,31.56179775280899,35.95608108108108,0.1326912787586945,0.2263242375601926,0.10005350454788657,0.0008800604118543,2.869519605655186
광진구청 앞,5154,115,47.834782608695654,0.9829121977822214,0.02799491001636066,0.12743137611343391,2158.9497873113983,23.635884384657334,37.14813073124853,0.1088892928558444,0.23323032175968006,0.12215960734411925,0.0009958443960228,2.8577482675740042
생각공장당산,5895,100,41.97,1.035025017869907,0.025970931617822254,0.10126280676673814,1655.0491231832257,18.875863712175363,37.828,0.12508934953538242,0.25303788420300216,0.1439123183226114,0.001006451032669916,2.896108551558253
영등포구청역 6번출구,5896,49,35.83673469387755,0.9060364464692483,0.049544419134396354,0.11104783599088838,1348.5130011389522,17.125854214123006,34.787110789283126,0.20045558086560367,0.23747152619589978,0.12072892938496584,0.0008023977090659,2.962486392737893
금호아파트,6188,49,18.06122448979592,1.03954802259887,0.03728813559322034,0.1288135593220339,1623.2979209039547,19.757062146892654,38.87054161162484,0.18531073446327684,0.18531073446327684,0.08926553672316384,0.0008727071297094,2.8695425557850354
광진경찰서 앞,5155,34,34.94117647058823,0.9890572390572391,0.054713804713804715,0.09343434343434344,1538.970698653199,14.30050505050505,36.50867678958785,0.2735690235690236,0.1473063973063973,0.1531986531986532,0.0009796808337774,2.9294539163221924
봉은사역6번출구(현대아이파크타워앞),3605,2,1.0,3.5,0.0,0.0,4423.705,19.5,25.0,0.0,0.0,0.5,0.01909722222222222,0.6931471805599453
종로3가역 15번출구 앞,335,177,33.666666666666664,1.25339822117805,0.039100520221513675,0.10505118308441014,2037.244368182581,21.2077529786877,40.25335720680394,0.11948313475415338,0.2710186272864575,0.14734015774458803,0.0009799310765578,2.9133255566250464
효창공원앞역 3번출구 앞,834,184,45.70652173913044,0.898692033293698,0.032461355529131986,0.10535077288941735,1851.7986325802622,18.87550535077289,38.15024390243902,0.3626634958382878,0.16325802615933413,0.25148632580261593,0.0021961909018087893,2.7909895298236385
KCC용산웰츠(WELLTZ)타워,850,184,15.070652173913043,0.9235485034258926,0.030652722683014784,0.142084385142445,1883.5981031373963,20.43166245943022,37.20984915705412,0.23836999639379733,0.2012261089073206,0.12405337179949513,0.0008238582099401,2.9117090230726346
강남자곡힐스테이트,3642,184,25.608695652173914,0.2782258064516129,0.03522920203735144,0.12202886247877759,2245.8202313242778,16.302843803056028,41.31818181818182,0.26676570458404075,0.13115449915110355,0.10335314091680815,0.0007344396410774,2.9527920905315317
신원리베르텔 앞,1775,365,34.56986301369863,1.099936598510065,0.030591218893644,0.12989380250435886,1937.4863235061023,17.875019812965604,37.86130782672675,0.06221271199873197,0.2346647646219686,0.10302742114439689,0.0007819977949919,2.94596394416106
종각역 5번출구,385,358,47.522346368715084,1.0247457826368072,0.029683183447951567,0.09169458649268207,2295.1876917651193,21.767648268970788,38.40166711846029,0.10051137365543997,0.283782989478634,0.1611120907541292,0.001323427096675053,2.8190614881840075
혜화역 1번출구,3421,365,54.31780821917808,1.0118026833451024,0.029708463633612427,0.12165842832644003,1801.4938888328452,17.707353979622717,34.96263387077792,0.10753555936648845,0.2072026631695753,0.0817108846968627,0.0004855022236674,3.0176743873479768
스타즈호텔독산 빌딩 앞,1862,363,21.950413223140497,0.8999748995983936,0.035266064257028114,0.0853413654618474,1710.2111106927705,15.828313253012048,37.60482071120369,0.3586847389558233,0.15675200803212852,0.1514809236947791,0.0012799207098642227,2.875726997405678
장지공영차고지,1263,362,10.033149171270718,1.0837004405286343,0.04322687224669604,0.0861784140969163,2668.140691079295,18.47935022026432,44.357928802588994,0.18997797356828194,0.12912995594713655,0.09829295154185022,0.0007625766727097,2.919916040013554
중앙하이츠 아파트 입구,1656,365,68.82465753424657,0.9700250786194817,0.033756617969029894,0.1280601886867561,1699.3227817363975,18.633016201584333,35.870897961062276,0.10162811989968554,0.1945782413120497,0.07511643644759365,0.0003304705673259,3.0752044537603216
동대문구 보건소,630,365,70.22465753424657,1.0343710986267165,0.03881866416978776,0.09121410736579276,1745.4337121566796,17.714185393258425,35.191921942364424,0.24508426966292135,0.18461298377028712,0.13545568039950062,0.0009346362836385,2.912536419953372
필동 삼거리,4800,365,23.734246575342464,1.0013852014313749,0.03416830197391204,0.07676324598868753,2205.6425279926116,22.384508830659126,35.11527832609554,0.15629689484012466,0.17315017892185156,0.11070068105737042,0.0006931464575118,2.9704899555869164
양남사거리1,3207,364,21.964285714285715,0.9409631019387117,0.03739837398373984,0.0868042526579112,1545.4670669168218,15.806879299562226,36.342881695789174,0.17673545966228893,0.26991869918699185,0.13558474046278923,0.0009616852106728,2.8934263894721064
천호초교 입구 사거리(일주빌딩),1061,365,30.19178082191781,0.9919237749546279,0.03747731397459165,0.14010889292196008,1876.062012704174,17.52277676950998,39.146390024101436,0.2205989110707804,0.19637023593466424,0.0882032667876588,0.0005115758200914,3.0163523375378447
서부운전면허시험장,4224,364,28.873626373626372,1.0537583254043768,0.02721217887725975,0.0944814462416746,2304.2326631779256,18.993054234062797,40.35210168357676,0.21655566127497622,0.16060894386298763,0.0960989533777355,0.0007848248045121,2.928510013246431
신자초교입구 교차로,3881,365,102.43835616438356,1.0129446376036373,0.043380583043594545,0.13361861460283497,1798.6447336186143,18.97587590264777,34.28385695397595,0.2555228670767585,0.17322813586520458,0.13880716769189622,0.0007132188458089,2.9823800068854265
장충동먹자골목 앞,430,364,25.423076923076923,1.0473308839420792,0.037065052950075644,0.11022260644045818,2360.2542900367407,22.36124918953966,36.22583436341162,0.15852604279230603,0.20564080397665874,0.09520207477847417,0.0005380891066247,2.9948111191953357
뚝섬 유원지역,588,365,57.66027397260274,1.0054642212296874,0.028413950394374228,0.14235484177515917,2789.801120878078,25.542525895657132,34.89034893992933,0.0874750546422123,0.2646583673857265,0.09384206024897843,0.0007431270577245,2.94959881694676
제2구민체육센타 앞,238,365,82.36164383561643,0.9993014436830551,0.04780121083094937,0.07724036990220212,1288.9754893220666,13.626871132991816,37.923471873477496,0.2545073514736212,0.2432971858159803,0.10807664160734481,0.0010228762534699952,2.831621415542736
홍대입구역 3번출구,3010,365,98.30410958904109,1.027312505225607,0.035422647083414624,0.12081603076837323,2303.1282480978834,22.86895571472367,34.08951886078864,0.1334968367659764,0.2599983278058025,0.1138206850422229,0.0007332172936827,2.947464043957772
신수동 사거리,120,365,14.915068493150685,1.0606171932402646,0.03379867744305658,0.13317413666421749,2674.4012509184417,23.637215282880234,38.51645880188101,0.23310066127847168,0.1574210139603233,0.10525349008082292,0.0006990628994051,2.9615110696197107
논현동가구거리,4924,364,10.574175824175825,0.9389451805663809,0.03923096908287867,0.0870355936606911,1999.949397246038,20.565861262665628,37.89213275968039,0.20706677058976358,0.21044427123928292,0.1283450246817355,0.0009989380018222,2.917563803775837
광운초등학교 앞,1340,363,26.961432506887054,0.9531010524164708,0.03300296311433534,0.10125676918361091,2025.9079237764386,18.989782364360888,39.197240443338615,0.3697762337795034,0.15326453458669664,0.18657402677020538,0.0016452886619586148,2.796012905254703
신사동 가로수길 입구,2362,365,20.884931506849316,0.9421487603305785,0.02872884691066509,0.12698412698412698,3648.9837019546108,31.910009182736456,36.08729799123999,0.07647907647907648,0.27456382001836543,0.10638856093401548,0.0007356115897626,2.9661426620298146
우성식품 앞,3587,365,33.84931506849315,1.0097936058276002,0.0386887899635775,0.13063537029542696,1902.7121934439494,16.99255362201538,32.3171645199598,0.2386887899635775,0.16916228247673007,0.10182112505058681,0.0007462706497853,2.9227593189634447
당고개입구오거리 당현천변,4004,365,39.602739726027394,0.9919059149083362,0.03742649602213767,0.12659979245935662,2877.2396340366668,22.286198547215495,37.96789431545236,0.15786924939467312,0.1945347630577655,0.06918021445866482,0.0003457197979435,3.059072028873288
신한은행 서교동지점,107,181,40.49723756906077,1.2320600272851296,0.0417462482946794,0.11227830832196453,2072.6055047748973,21.767257844474763,36.70368231046931,0.09972714870395634,0.22742155525238747,0.11350613915416098,0.000717158916751,2.9769613192297566
KBS 앞,206,361,80.13296398891967,0.984202157079646,0.02647953539823009,0.09226355088495575,3207.5180524059756,28.55261338495575,40.69008685723606,0.09551299778761062,0.23852323008849557,0.1992533185840708,0.0020310166097436467,2.711528719199787
올림픽공원역 1번출구 앞,1215,365,58.6958904109589,0.9985997012696042,0.03790141896938014,0.12061239731142644,2135.808554891709,20.786501120238984,36.65650383887838,0.1230862584017924,0.24668595967139656,0.1080563853622106,0.0007604853341938,2.926660181484838
상계역 3번출구,1625,365,140.26027397260273,1.0020509815411662,0.03961324348080867,0.12110557671647622,2354.4060836019153,20.73380212911417,39.06158505805149,0.16759449164957516,0.2090633850962008,0.08162906533841195,0.000578573287112,2.9723823904267914
연세로 명물길,134,364,17.513736263736263,1.0448627450980392,0.02635294117647059,0.13286274509803922,2371.829032156862,22.98462745098039,32.357368518862664,0.06839215686274511,0.23639215686274512,0.09709803921568627,0.0007138870947072,2.9560465034390058
대학동 고시촌,2185,365,28.232876712328768,0.9926249393498302,0.031829209121785544,0.13255701115963126,3763.227462396891,28.13178068898593,35.71570014144272,0.18903444929645802,0.17709849587578844,0.09645803008248423,0.0003859982113546,3.062109942600503
신풍역 6번출구,3212,365,36.26575342465753,1.045856311853139,0.041701291833497016,0.12389514240386795,1970.6543914784315,21.185464984513107,38.61299750709189,0.18176323940469896,0.18962000453274913,0.07411044798670394,0.0003440463125177,3.072148834770808
군자역2번출구,3500,365,74.62465753424658,1.0058741464130994,0.030618988178280345,0.10903884279315662,2987.228406270646,23.683567075409353,36.72516887665749,0.17971216682575814,0.24774212497246492,0.11076437330200455,0.0007356701944409,2.967013231772206
증산역 4번출구,915,365,36.73698630136986,1.1235737191438586,0.039227384592437915,0.12536356178685956,2894.692580356476,27.94324707286151,38.462648771840975,0.16787232455813259,0.22745916921470652,0.09501081363263479,0.0005768143364742,2.985914994842852
당현천근린공원,1661,365,52.1945205479452,0.9568526586530891,0.03317411159519185,0.10466642171014645,2217.878498241563,21.315626476300455,39.878804716922886,0.20875544590835127,0.16728780641436147,0.1007296204923626,0.0005748036483723,2.9968439821751334
과기대 입구(우),1611,365,92.74794520547945,1.0443387587510709,0.026053820931675183,0.1088234425309426,1937.8288429385893,18.22207780698904,29.874417280523826,0.08362626650518418,0.21436800283579005,0.0915428470150356,0.0006295337055281,2.9751958968553516
대방역2번출구,4175,362,24.345303867403317,1.0485646204470669,0.028253716101214115,0.11244752070804494,2192.375991149438,21.05911721320776,38.18178223042447,0.1396800181549983,0.21513672983093157,0.10076024055372745,0.0005539889201296,3.006799625037014
강서세무서 앞,2744,365,89.6,0.9864236790606654,0.053357387475538164,0.11484833659491193,1017.5724697284709,9.668022260273972,38.09833546734955,0.27745841487279843,0.16043909001956946,0.11876223091976516,0.0008626062315153,2.907486985629699
금천구청역 1번 출구,3983,365,30.84109589041096,1.2545971395576085,0.04015279381718042,0.09123212223505374,1483.4682641911672,14.365461490628054,38.06843198338525,0.18948210002665009,0.32566403126943233,0.13937994136981433,0.0014233011378535336,2.7629322739556263
송파지역자활센터 뒤,2611,365,80.4986301369863,1.0727996732693486,0.044959499013001156,0.1134367980396161,1524.4565441426716,14.727758491593493,36.77851990382047,0.3409910829759717,0.14998978966714316,0.16550949560955688,0.0013124801099906578,2.839039393253324
신촌역 4번출구,3116,365,18.397260273972602,1.0025316455696203,0.03842144452717796,0.1381980640357409,2168.1432792256137,24.040208488458674,35.78855678906917,0.1112434847356664,0.20565897244973938,0.08518242740134029,0.0003889226399125,3.0590542633606987
신방화역환승주차장,1149,365,113.31232876712329,0.9969776832128436,0.04040233081070625,0.1223192050097923,1294.7909915616926,13.530380328344496,34.18137834345878,0.14533716966077515,0.26780144587635096,0.11107618656157064,0.0008182026606558,2.9100881376361376
신설동역 11번출구 뒤,363,365,55.02465753424657,1.0465046803425613,0.03963353913563035,0.12353116908982274,1860.1702205735924,19.403106950806613,36.22147305868236,0.18024297948615814,0.1851224855606453,0.0800637323242382,0.0002866435268714,3.092231612867046
문정 법조단지10,1246,364,56.637362637362635,0.9895712068296468,0.037252619324796274,0.09841870391928599,2271.5055718859153,18.37024641055491,41.735489791236525,0.155267753201397,0.31456150562669777,0.16157353511835468,0.0014223480238357217,2.794670986047345
노원역1번출구,1653,365,101.35342465753425,1.00594691030978,0.03841163431907877,0.13650862301994918,1733.234968913876,18.564956479429096,35.243974206473425,0.08690598475428447,0.27196302103043735,0.12126290749851328,0.000864208488322,2.9373232307374066
공항중학교 버스정류장,3753,365,19.715068493150685,0.8556142301278488,0.04210672595886604,0.10519733185102835,1377.470757365203,13.22568093385214,37.86551954560642,0.2919677598665925,0.15981100611450805,0.13590883824346858,0.0011769820130104053,2.821632688242855
장안힐스테이트(아) 앞,678,365,50.92876712328767,1.1711227069772445,0.037871859701974285,0.11565979880574534,2941.7961955995484,25.98429178546452,37.881713675482125,0.17730916133197053,0.20248534079294206,0.08585722739254398,0.000559982103469,2.999108883865728
거여역 3번출구,1204,365,41.608219178082194,1.0769078817409627,0.034634885099097915,0.12109040626851914,2677.387066570094,23.368341344571014,39.70333972515181,0.11687627576216501,0.24441956936853887,0.09145980114571674,0.0004894405403826,3.0315603250238894
보라매 두산위브 건너편,237,365,53.87123287671233,1.0556374917357474,0.03615928393429283,0.12027666175049585,2128.811035447286,19.773788333418096,36.936436988448364,0.2577429690281239,0.17301530793876824,0.1419925748868433,0.0009055138198064,2.939440088949592
방이초등학교,1248,365,72.44383561643835,0.8359806368655927,0.03562514181983208,0.1242719915286287,2126.9605529082523,20.992133726647,37.951268503558794,0.1813781105816504,0.2244535209136979,0.10906890552908252,0.0006323371754528,2.976426200276675
등촌역 7번출구,1132,365,62.016438356164386,1.0865435589326735,0.03304470754550274,0.10646757377628556,2193.4432364375366,18.836057607351123,37.210770564536695,0.22309595334864818,0.19226011662837958,0.125905637038346,0.0007002257890054,2.975700888686933
양재초등학교 맞은편,2245,364,21.425824175824175,1.0851391204000513,0.03641492499038338,0.11360430824464675,2773.0477663803035,24.609693550455187,42.36789587852495,0.17656109757661237,0.23438902423387614,0.10834722400307732,0.0009701937976705,2.862834099737557
잠실새내역 1번출구,2635,365,75.55068493150685,0.9493762692196113,0.030388743835219032,0.13515375689004933,1995.9208326080663,21.37539889759211,36.40020165709526,0.1199593849724398,0.25431534667827094,0.09765738323179576,0.0007652326052582,2.924594601438406
방이동 한양3차아파트 옆,1260,365,43.276712328767125,0.9908837680425424,0.0390605216510509,0.12794378323626235,1997.9129830336792,18.580210179792353,37.34195082088998,0.1870093694606229,0.21727019498607242,0.09331476323119778,0.0005427685312728,3.010812383745669
공덕역 5번출구,145,365,40.71506849315068,1.339479173676065,0.028463764215059553,0.11479711997846713,3063.700452190298,25.806002287867575,39.34875444839858,0.17973218491353207,0.2473588587578225,0.10645313235986811,0.0006923683573255,2.984459943000858
이촌1동 주민센터 뒤,832,365,31.8,1.025588007237012,0.02696648574136297,0.12544154389592488,3360.186625312308,30.249332299474457,39.654519971969165,0.19350392004824674,0.24045834410269665,0.10123201516326355,0.0008374537320676,2.900127826567142
화곡역 6번출구,1128,359,43.14206128133705,0.9946410123966942,0.03570506198347107,0.11383006198347108,1844.7644925103311,17.332063533057852,37.5271536293701,0.18704803719008264,0.21732954545454547,0.10065857438016529,0.0005709126723201,3.0049939163097483
홈플러스 시흥점 맞은편 다비치안경 앞,1821,365,20.12054794520548,1.1327614379084967,0.042347494553376906,0.14052287581699346,2334.8395179738563,21.848447712418302,37.72199933132732,0.2479575163398693,0.1527777777777778,0.10008169934640523,0.0004696992406964,3.040642560300739
국립어린이과학관,3419,360,12.311111111111112,0.9289259927797834,0.029557761732851986,0.11665162454873647,1830.3826647111919,18.256543321299638,37.847020933977454,0.15703971119133575,0.22382671480144403,0.11213898916967509,0.0006611500694725,2.9786812241811353
마포구청 앞,421,365,60.26575342465753,0.9984088739373551,0.03186798199754512,0.09219439014411056,2635.4776519525417,24.68445697140519,38.91685267857143,0.169477656044006,0.22907669227621946,0.09492203482293039,0.0007378177690821,2.9172776267616616
은천로입구 가로공원,2109,365,75.55342465753425,1.0099358160786163,0.03992457482684846,0.12887551220219748,2110.840450737933,19.53345178953476,34.65403050108932,0.3015556441962505,0.156398447982014,0.11400805018674982,0.0007468314456786,2.966184633913898
진주아파트상가 앞,223,365,35.271232876712325,0.9288488426285537,0.032390865309926985,0.09833773496970638,2036.860915022525,21.18890787633991,40.070017482517486,0.17795556936461085,0.20848221221065716,0.08987105794624825,0.0007133135121662,2.930305556956186
돈암성당 옆,1337,365,58.37534246575343,1.0778148026470173,0.024029661613554232,0.14211292063641057,3521.9160074154042,27.164218332003568,34.91423757371525,0.09334960341671751,0.22067865020885152,0.0776740038485005,0.0004089931446601,3.0487046931961697
미래사랑어린이공원 앞,2824,365,107.03013698630137,1.0136947729483439,0.03258588030512466,0.1165463574463728,2406.278986586804,19.871192341166232,36.955043568158324,0.13758767214457585,0.30389597092100545,0.1256591409409717,0.0010013656335326807,2.873667061599019
한국우편사업진흥원,2371,348,9.781609195402298,0.4764982373678026,0.03290246768507638,0.1045828437132785,2530.36892773208,21.891010575793185,40.241125251172136,0.10957696827262045,0.24148061104582844,0.15158636897767333,0.0009885870965228,2.9271539340363706
가락시장역 5번출구,5775,365,25.986301369863014,1.0589351607801791,0.032894043226146544,0.09762783342119136,1984.1443257775416,18.106273062730626,37.432429174201324,0.15803900896151818,0.2587243015287296,0.12272008434370058,0.000703971987664,2.9805484112885283
신도림7차e편한세상아파트 806동 앞,3907,365,37.69315068493151,0.9025294374182294,0.040558220671609246,0.12320104666375926,1555.7935717400787,16.83922081697921,37.13742740006833,0.24654746329408345,0.15758104375635995,0.11462421863642971,0.0006719980865926,2.9773593908918055
묵동 이마트 앞,4812,365,40.676712328767124,1.0649962955479222,0.029635616622886777,0.14386744796928672,2175.77405738533,19.377382636222805,35.703732564482195,0.06923957701892638,0.256886913181114,0.0891089108910891,0.0007950627894235,2.9346069815376663
매봉역 1번출구,4918,363,20.380165289256198,1.0935387942687214,0.03338740200054069,0.11584211949175453,2266.5920681265206,22.806569343065693,40.674153798159416,0.13963233306299,0.2653419843200865,0.13381995133819952,0.000716203450036,2.9745571356171365
항동지구 8단지 803동옆(주차장입구),2816,322,2.847826086956522,0.8342420937840785,0.028353326063249727,0.14940021810250817,2512.676117775354,20.814612868047984,41.37100737100737,0.1723009814612868,0.18102508178844057,0.10032715376226826,0.0009968595901348,2.8429220712228562
수협대치동지점,4923,365,23.583561643835615,0.9805994423791822,0.03717472118959108,0.12604553903345725,2436.7571352230475,23.357806691449813,39.5508658008658,0.16171003717472118,0.24221654275092935,0.1212825278810409,0.0008191437572025,2.9136216167342512
한성대7번출구 앞,1343,362,13.649171270718233,0.9884638737097754,0.0287391216352965,0.1337785873304999,1833.3335478648037,17.49625581866019,35.32181776025968,0.10240841934831006,0.18478040882412466,0.07670512042096742,0.0002972651069983,3.0769721745433
청계3가 사거리,4707,361,34.68421052631579,0.9715677661528632,0.03138726938742912,0.1273061257088092,2192.394934110693,24.420174107499403,39.878384709078986,0.17786119319543167,0.2152383994888587,0.09216516252695471,0.0005257788214241,3.0051648882112487
H비즈니스파크,4884,365,56.326027397260276,1.05501240332701,0.03458339413395593,0.075149569531592,2567.4795135950194,20.152196118488252,37.795470629865534,0.0750036480373559,0.32005447735784814,0.20599250936329588,0.002261376780701746,2.6617779941360524
LG CNS앞,408,364,25.318681318681318,0.9802517361111112,0.030381944444444444,0.05154079861111111,1972.3440917968753,16.626844618055557,39.41714434601355,0.0788845486111111,0.2231987847222222,0.18619791666666666,0.0019727577397852768,2.7185951993023374
화랑대역 2번출구 앞,1610,365,63.43561643835616,1.0844778440010365,0.028504793988079813,0.13012870346376437,2793.0456344476106,22.89742593072471,37.25671039354188,0.15133454262762375,0.2117560680659929,0.08015893582102444,0.0005671948225295,2.99810215821972
자양나들목,548,365,72.78904109589041,0.9900255947003914,0.03944595001505571,0.1381737428485396,2287.775761065943,22.7055480277025,34.74360388646103,0.25767841011743453,0.18702950918398073,0.1236449864498645,0.0007406163201693,2.9549655416331166
가락대림아파트 앞,4867,365,27.704109589041096,0.9774525316455697,0.036194620253164556,0.11253955696202532,2024.2776443829116,16.81497231012658,39.71626180836707,0.1986748417721519,0.21073971518987344,0.09404667721518987,0.0005824269652292,2.982108865493613
목월공원 앞,800,365,32.942465753424656,0.939620758483034,0.03642714570858283,0.1333166999334664,2651.376453759145,21.817198935462407,36.57069064472929,0.2495841650033267,0.21598469727212244,0.1275781769793746,0.0008698614036435,2.9303523735745247
중랑물재생센터(서울새활용플라자),594,364,29.604395604395606,1.0861172976985896,0.05558648849294729,0.06328878990348924,1499.0058036377122,14.766146993318486,39.62820366784372,0.05874164810690423,0.3565330363771344,0.2588158871566444,0.003623677645631902,2.4185176905512447
시흥사거리(시흥동 994-3 앞),3959,365,26.054794520547944,1.1384858044164037,0.035751840168243953,0.1192429022082019,3292.42837960042,26.158044164037854,38.65347738014855,0.2577287066246057,0.21051524710830707,0.14889589905362777,0.0009855190065026,2.9208636327704314
양평1동 YP센터 앞,233,365,30.53150684931507,1.087221823402728,0.038765254845656856,0.07519741564967695,1967.6973223259156,17.186198851399855,39.55004258943782,0.12921751615218952,0.2536791098348887,0.18099425699928212,0.0019431624530657024,2.710972301752627
성보하이드로빌딩,4517,365,32.07671232876712,1.02639221045439,0.03612914246668944,0.12871540826785105,2379.962232661429,20.54859924837718,35.117629055294834,0.1841475913905022,0.1809873590707209,0.07840792620430474,0.0003790828425704,3.0576687513635004
당고개입구 오거리,1654,365,20.816438356164383,0.9834166886022637,0.04369570939720979,0.1360884443274546,2153.2820202684925,20.212029481442485,36.765149136577705,0.19005001316135825,0.18504869702553303,0.07738878652276915,0.000359598743403,3.064211832904247
방이역 4번출구,1218,365,77.77534246575343,0.9948922079752008,0.035437508806537975,0.1418557136818374,2406.0459039030575,21.565767225588278,35.91763660219241,0.11554177821614767,0.24207411582358743,0.08648020290263492,0.0007224390613493,2.9396034974484317
망원2빗물펌프장 앞,182,365,31.34246575342466,0.9333916083916084,0.019842657342657343,0.1652972027972028,4709.931698426572,38.865646853146856,33.85313549225604,0.1256993006993007,0.2445804195804196,0.09291958041958041,0.0007495888314289,2.9354875075217435
오금역 7번 출구 인근,1214,362,23.599447513812155,0.949549338639822,0.03523352452300129,0.09984782863162824,1989.8429989465062,18.08954699754185,38.237846524708715,0.22954465644387217,0.1469038979281283,0.12700456514105116,0.0009129798874238,2.893101963927212
"문현중,고등학교 사이",4488,351,7.128205128205129,0.9524380495603517,0.029176658673061552,0.11950439648281375,1773.6444924060754,18.327338129496404,39.97622313671696,0.12709832134292565,0.18105515587529974,0.07513988808952837,0.0005136212106787,3.006935131027599
국회도서관,4582,345,18.30144927536232,0.9452011403230915,0.02771618625277162,0.046404814697497625,2544.330291415901,26.45296167247387,43.890653523183644,0.05178967374089325,0.18957871396895787,0.15283496990814063,0.002411341892735351,2.4803647852522666
중앙유통단지 앞 B,3925,357,27.983193277310924,1.1181181181181181,0.03053053053053053,0.03653653653653654,2044.860943943943,16.165865865865864,35.67944293813162,0.04404404404404404,0.2684684684684685,0.1896896896896897,0.0027308316407832593,2.5368443095867748
DMC홍보관,411,365,39.824657534246576,1.0527655476059439,0.03123280132085856,0.07436708860759493,2447.540089433131,19.870734727572923,37.6066033328142,0.0661117226197028,0.2799944964226747,0.18099889928453494,0.0018770818047721969,2.763352834664247
은마아파트입구 사거리(1),3622,362,8.303867403314918,0.9577511643379907,0.04291417165668663,0.135395874916833,2575.005256154358,21.954424484364605,37.60990955564294,0.1104457751164338,0.21656686626746507,0.10711909514304724,0.0007229133254154,2.976355693032212
먹골역 4번출구,1469,365,27.695890410958903,1.0733010188940548,0.03333663072509645,0.11949747749530122,2001.627896923532,20.61390839845682,34.234078590785906,0.15243842120882384,0.23325749332278167,0.09585517855376398,0.0005917177340526,2.981560890271864
메이필드호텔앞,5076,365,27.487671232876714,0.8889664108442141,0.03348948470048839,0.054520083723711754,2361.449144822088,17.66490581082428,38.25477481726008,0.0592046247383634,0.24479218578690323,0.3562244592843616,0.005815195117389289,2.230804956422288
교수마을 입구,4928,362,8.248618784530386,0.9621567314132619,0.030810448760884127,0.09243134628265237,1579.798804420629,13.224715338245144,38.64359861591696,0.12893503014065638,0.2417950435365037,0.11620897521768252,0.0008240240257417,2.920861239028692
흑석동효사정앞,4153,356,8.297752808988765,0.6008801624915369,0.03215978334461747,0.14928909952606634,3111.201090047394,21.335138794854434,37.861564199079886,0.1943127962085308,0.16113744075829384,0.09207853757616791,0.0005799441265991,3.0059833324817786
개화광역환승센터,1200,362,10.350828729281767,0.9599679743795037,0.03469442220443021,0.11155591139578329,3180.7463250600485,32.5241526554577,35.679245283018865,0.09073925807312516,0.23138510808646917,0.12596744061916199,0.0008779037137132,2.9503945684880053
양남사거리2,4588,364,30.802197802197803,0.9954513021762398,0.03558687120941848,0.09017124509454157,1564.8556600071345,16.708526578665715,35.338321808236145,0.12049589725294327,0.3118979664645023,0.18096682126293256,0.0015302396109186595,2.788192549512189
낙성대 교수아파트,3806,340,6.911764705882353,0.4051063829787234,0.03148936170212766,0.1123404255319149,2088.006080851064,16.388936170212766,35.79959616355376,0.10212765957446808,0.2097872340425532,0.1076595744680851,0.0009488443740255,2.9033414084939877
한국지역난방공사강남지사,3602,360,13.616666666666667,1.0203998368013056,0.036923704610363116,0.044063647490820076,1539.9209608323126,12.094859241126072,44.01358755204909,0.2182782537739698,0.26560587515299877,0.2131782945736434,0.002515647816473935,2.6102382949567122
중앙일보,4772,319,5.310344827586207,0.8648170011806375,0.023022432113341203,0.06729634002361275,2119.4712573789843,20.161747343565526,39.669736842105266,0.06139315230224321,0.3931523022432114,0.1912632821723731,0.002103516400299163,2.6597338735999867
두산대림아파트 삼거리,1466,361,11.063711911357341,1.2468703054581873,0.03455182774161242,0.11417125688532799,2679.0579018527787,22.375062593890835,36.914862914862915,0.1041562343515273,0.22909364046069103,0.09489233850776164,0.0006603489186097,2.970499503092078
삼성중앙역 5번출구,3604,362,19.052486187845304,0.8342757720748152,0.03871248368856024,0.07467014644048137,2106.5794620849656,18.88951718138321,38.21782012704781,0.23749456285341453,0.2511236769609975,0.13252138610990286,0.0009015238258281,2.9225802980662205
삼일수영장 앞,2086,364,32.79945054945055,0.7602814306055784,0.04631878716810453,0.12295837172292487,1411.5409799815743,12.322723846218276,38.755319148936174,0.29215177150515115,0.12262333528771255,0.15805343831141636,0.0013632217525098766,2.8474084306764524
대림사거리(동작상떼빌아파트),2012,365,28.328767123287673,1.0225338491295939,0.03433268858800774,0.11827852998065765,2377.5322891682786,23.517408123791103,37.912680577849116,0.1769825918762089,0.1958413926499033,0.09719535783365571,0.0005435382883529,3.018343667265303
신월사거리,739,364,30.554945054945055,1.0237367379967632,0.039021758676497036,0.09764430857759396,2302.681846790146,17.916921417011327,36.00599571734475,0.20113288976802732,0.1661571659773422,0.1310915303003057,0.0007418255532164,2.9809883932868355
월계1동주민센터 앞,5314,365,27.0986301369863,1.0548983924780102,0.03346476594884238,0.11606510969568294,2049.1931634819525,17.343645738550197,37.310642831774594,0.1464968152866242,0.1662117076129815,0.07521989687594784,0.0003149904618005,3.076048890404667
대상연구소,5090,359,29.551532033426184,1.1168818927325856,0.034310491092468656,0.05221981336600999,1509.4898821755119,14.189367518144971,35.60518542829012,0.041191441229145066,0.27834857196719764,0.27222169855782824,0.004509546723114696,2.3334476430381015
문배어린이공원 앞,805,364,28.57967032967033,1.046621166971066,0.033067384408343746,0.11592809766413535,1755.2646400076899,19.179563587426703,39.02211142423585,0.22772277227722773,0.17917908295683938,0.09506873017398827,0.0005620470118829,2.9881020912739067
당고개역 3번 출구,4014,181,22.2707182320442,0.9508806747705284,0.034482758620689655,0.13024063507814437,2671.6867849168943,20.69486479781692,41.30771357478574,0.22401389233440835,0.16720416770032248,0.11510791366906475,0.0005725262431993,2.999889057175118
번동 두산위브 101동 옆,1536,353,21.875354107648725,0.9589484589484589,0.0325045325045325,0.1168091168091168,2184.849870499871,19.675084175084177,38.771213906894516,0.11836311836311836,0.23374773374773372,0.09557109557109557,0.0004527672594559,3.0411203421761286
래미안장위퍼스트하이(513동),1396,364,30.576923076923077,1.0279424977538185,0.03018867924528302,0.11356693620844564,3006.707202156333,23.313387241689128,38.25789845563743,0.2660377358490566,0.17628032345013478,0.10071877807726864,0.0006953705990921,2.9638683771240237
가산아네스트 오피스텔 앞,1854,363,21.801652892561982,0.3455900935051807,0.03992923932271923,0.10032853171594643,1640.7904586808183,13.724033358605004,32.65467732386027,0.37793783169067474,0.15542077331311602,0.22087439979782664,0.00189051117696094,2.791295104961967
중곡 성원아파트 앞,553,365,30.29041095890411,1.0738060781476122,0.02984804630969609,0.11993487698986975,3859.26965267728,28.472322720694645,39.71096449890041,0.20794138929088277,0.19618306801736612,0.10718162083936324,0.0004311108132517,3.065832907128753
섬들근린공원,2247,365,34.323287671232876,1.0507662835249043,0.030810983397190295,0.11582056194125159,3606.264372605363,27.699872286079184,43.16963090457067,0.23188058748403576,0.18901660280970625,0.11047254150702426,0.000656836476841,2.961850307710329
용강동 주민센터 앞,148,365,34.893150684931506,1.0287374371859297,0.028423366834170856,0.12743404522613067,4281.517226758794,30.891410175879397,40.910547518769455,0.2536903266331658,0.21875,0.11565640703517588,0.0008619280477604,2.9099545155036237
서울본부세관(건설회관 앞),2352,352,13.721590909090908,0.30144927536231886,0.02753623188405797,0.06459627329192547,3357.4299751552803,25.3888198757764,41.222585924713584,0.08778467908902692,0.2567287784679089,0.16977225672877846,0.0019672460981872268,2.7115138755871437
가로공원공영주차장 1번 출구,2711,364,35.19505494505494,1.1047537272656311,0.039887596596674735,0.12145812192646945,2311.8680282569667,21.430333307314026,38.51920394308565,0.2720318476309421,0.15869174927796426,0.10951526032315978,0.0005848768686985,3.0311969909228664
서울시립대 정보기술관,638,362,17.569060773480665,0.904559748427673,0.022641509433962263,0.085062893081761,1844.4487216981122,20.693867924528302,29.280391780295755,0.04402515723270441,0.21069182389937108,0.14858490566037735,0.001339446702398376,2.7985028148941686
위례별 유치원 뒤,1285,362,12.099447513812155,0.9851598173515982,0.04315068493150685,0.12191780821917808,2406.4172922374423,22.699086757990866,43.4106696304529,0.3399543378995434,0.14360730593607307,0.16872146118721462,0.0014373657763599595,2.812462033098405
등촌2동주민센터,1137,361,11.565096952908588,0.5487425149700599,0.031137724550898204,0.0902994011976048,2158.3813197604804,20.24934131736527,34.97810810810811,0.21844311377245512,0.10467065868263473,0.17437125748502993,0.001413266779813626,2.804092926985798
디지털입구 교차로,1955,365,67.12328767123287,1.0070204081632652,0.03616326530612245,0.12004081632653062,2378.758728163267,22.267061224489797,37.27941877084326,0.0763673469387755,0.2757551020408163,0.126,0.0006204909991207,3.021901259244769
남부순환로 205,3770,364,15.241758241758241,0.8505767844268205,0.04974765681326604,0.11968276856524873,1973.9968961788031,15.085616438356164,40.54374471682164,0.24351117519826965,0.15717375630857966,0.0960706560922855,0.000725335771718,2.9357905507797435
은평 성모병원 사거리,4683,364,14.024725274725276,0.8720861900097944,0.03153770812928502,0.12517140058765916,2508.5284407443687,22.291478942213516,35.763134261338124,0.16493633692458376,0.19451518119490696,0.09500489715964741,0.0006236883083924,2.960701815230676
서울신용보증재단,426,364,36.379120879120876,1.194759099833862,0.02914967527563812,0.09696420480289987,2354.187074460051,20.40658510798973,38.762827627422524,0.1642501132759402,0.23281981573780394,0.13185319438151336,0.0007780044598735,2.9516706202092404
서울서부지방법원 앞,156,354,22.83050847457627,1.2081168027715912,0.026107399158624103,0.09514971541697599,1786.0851534273693,16.876886909180897,37.455623901581724,0.1526849789656026,0.1948775055679287,0.15095273447166543,0.0009954027500598,2.9086781009060325
길음뉴타운 래미안9단지,1394,365,19.34246575342466,0.9706798866855524,0.033144475920679886,0.11855524079320114,2184.554070821531,17.091076487252124,38.58688415446072,0.26345609065155806,0.13470254957507083,0.11898016997167139,0.0006913804157181,3.003977623290229
올림픽선수기자촌아파트 123동 근처,5758,365,22.424657534246574,0.65717776420281,0.04801466096518021,0.14184483811850948,1936.8277336591325,18.5198533903482,38.34511614485644,0.1979230299328039,0.17080024434941968,0.08197923029932803,0.0004855088618542,3.006038335859564
목동운동장,748,364,19.115384615384617,1.0661109514228226,0.03506754814601897,0.1575165277378557,2110.5744538660547,19.59902270767462,34.2882125441399,0.11253233687841332,0.2782408738143145,0.1668582926128198,0.001676974748797103,2.71196095701389
서울친환경유통센터,2659,361,8.20775623268698,0.9395882551468107,0.05534930813364833,0.10698616267296658,2429.1350151873107,17.914276071549107,38.896844660194176,0.3668579142760715,0.07931150860614242,0.15491056361795477,0.001388994842782994,2.852576980172401
불광역 9번 출구,961,127,23.118110236220474,1.0275885558583107,0.04529972752043597,0.12057220708446867,2229.274996594005,22.662465940054496,39.48309006763973,0.09264305177111717,0.2329700272479564,0.10422343324250681,0.0005466650899892,3.0127836071973846
강북 청소년 문화정보도서관 앞,3725,363,11.743801652892563,1.017358667604973,0.03729767769176636,0.14614121510673234,2133.4858644147307,22.329345531315976,41.88411619283065,0.1958714520290875,0.18601923528031902,0.09007741027445461,0.0004407129566487,3.032710143035501
등촌태영아파트,3763,364,36.74175824175824,1.104232092119037,0.03245102437565425,0.10572753103035741,2357.388298190519,20.25085987737401,36.508887970235634,0.22416629280693884,0.27074921489457154,0.1516375056078959,0.001323900291079457,2.8077141012325524
창동청소년수련관,1722,363,28.831955922865014,0.9695203516147526,0.0328683355627747,0.10194916873686222,1848.804989489776,17.374832791897575,38.416511958064866,0.19826103573476017,0.19673227594114273,0.10070705140454805,0.0007444299818735,2.9169187790526077
연신내역 3번출구 인근,927,364,11.906593406593407,1.0313797877249653,0.03414859252422704,0.11305952930318412,2206.183488694047,23.483848638670974,39.41803492311702,0.09875403784033226,0.20696815874480848,0.07706506691278264,0.0005567720894927,2.9968562487953774
삼성광나루아파트 버스정류장,1004,365,42.057534246575344,1.386750048856752,0.031138036609992835,0.1349749202006384,3070.301073545699,28.487460100319197,39.80437820214252,0.14272685818513453,0.22226565044622498,0.07914793824506547,0.0006082160866057,2.9729857187028648
LIG강촌아파트 103동앞,815,346,34.4364161849711,1.0482584976919849,0.03147293327738145,0.13730591691145616,2909.439377255558,24.07763323541754,37.79319944322927,0.14066302979437684,0.17322702475870752,0.0980276961812841,0.0004476637589924,3.0466588459174795
충정로역 3번 출구,3114,344,10.101744186046512,0.7346762589928058,0.048345323741007196,0.12489208633093525,1819.8933352517986,15.933237410071943,38.50085295121119,0.24230215827338128,0.18705035971223022,0.1079136690647482,0.0008881388414448,2.931192367807071
국회의원회관,200,293,6.221843003412969,0.8968732857926495,0.04004388370817334,0.021393307734503566,2040.2936204059235,21.357652221612728,42.36983729662077,0.1596269884805266,0.2885353812397147,0.20460778935820076,0.002417893803840133,2.5404218113726555
오류동 계림웨스트밸리 앞,3924,355,7.014084507042254,0.9192771084337349,0.0357429718875502,0.09076305220883533,1407.7014779116469,13.32008032128514,32.28020565552699,0.25943775100401606,0.1706827309236948,0.10642570281124498,0.0008621534330091,2.9318124911196866
상계주공 14단지 상가 앞,4002,364,28.37087912087912,1.017526871308221,0.03524740970272102,0.12752977631451534,1756.5210787256724,15.894257770891837,39.39933640158407,0.23211000290500627,0.17594654788418707,0.10206255446886801,0.0005884037842029,2.990415034014989
개화산역 2번 출구,1178,365,27.60821917808219,0.9933511957923985,0.0349310310608316,0.12325096754986603,2027.6252346928634,20.164930038701996,37.73807490545322,0.1610598392378684,0.1995633621117396,0.09933511957923985,0.0005805429781598,3.000663444638917
신내동 벽산아파트 후문 앞,4825,365,30.747945205479454,0.8399714871246547,0.043393032166087496,0.12153613115922658,1468.201291098635,12.38902254299207,33.60355669090195,0.2846832397754611,0.18444266238973536,0.1367726989218569,0.000889590217647,2.929391509650883
면목도시개발아파트 1동 앞,1426,363,14.663911845730027,0.2224309599849709,0.03231260567349239,0.12173586323501785,2686.7216400526013,22.630659402592524,40.84508816120907,0.18899117039263574,0.1983843697163254,0.08453879391320684,0.0005897998007019,2.976758726873173
강동리버스트8단지,3675,365,19.26027397260274,1.0331436699857752,0.03627311522048364,0.12048364153627311,2447.200691322901,23.118634423897582,42.439391377852914,0.17439544807965862,0.1593172119487909,0.07339971550497866,0.0002602288314368,3.089234819303461
청담동 맥도날드 옆(위치),2310,358,9.32122905027933,1.0425531914893618,0.023374288282888823,0.11657177105184298,4009.5667006293083,28.642792927779443,37.566326530612244,0.07701528318849266,0.2373389271801019,0.1198681450404555,0.0007195596917609,2.9812149368978798
휘경여중고삼거리,4114,365,35.93150684931507,1.124285169653069,0.03415935951200915,0.11033168128097598,2820.664765535648,23.782767823103317,35.866841956991266,0.18551277163553184,0.18101410598551276,0.08799085017155929,0.0004649045481399,3.041165054716592
구룡역 5번 출구,3649,362,11.839779005524862,1.0004666355576295,0.03826411572561829,0.09519365375641624,1290.057162855809,14.962902473168455,40.117211089761184,0.29094727018198785,0.24895006999533364,0.20625291647223518,0.002179578353631267,2.6454906437952372
난곡사거리,3814,365,36.558904109589044,1.0230815347721822,0.03866906474820144,0.12260191846522782,2106.7244574340534,21.431130095923262,35.33359957401491,0.10146882494004796,0.18210431654676262,0.06894484412470024,0.0002451912870183,3.1002938022873154
영등포로터리2,276,364,35.64010989010989,0.9889771062976952,0.031449934479303165,0.10984352115933092,2227.537694442302,20.01703538117629,34.067396417586394,0.2872119016418716,0.2418869960687582,0.13782471286518153,0.0012156479105905125,2.8773751101579284
이문동 쌍용아파트 정문,665,365,22.76986301369863,1.1157502105643125,0.03332932258452653,0.1210443989892913,2890.0019853206604,25.662736132836,37.949179887066414,0.25532426904102995,0.19395981229695586,0.12188665623871976,0.0007035465312549,2.9658607200639895
석계역 4번출구 뒤,1381,365,64.21095890410959,1.0326406963348551,0.03247002602722191,0.13047745018560397,3898.0664986986376,30.842983316977428,39.15059196512607,0.12027989930451849,0.23731706276400563,0.08601783504714768,0.0004141566421492,3.0605756005567497
답십리 래미안엘파인아파트 입구,652,365,22.556164383561644,1.0244139438843678,0.03364508684562128,0.11866877201506133,2466.5403097291373,20.31811004494109,40.17674480554076,0.3046277177213652,0.20672901736912425,0.1370095955301834,0.00113678599135568,2.8629866073902313
볏골공원,1148,365,34.95890410958904,0.9564263322884012,0.04615987460815047,0.1219435736677116,2389.5781504702204,19.85721003134796,35.20958140413871,0.3518025078369906,0.12437304075235109,0.18393416927899686,0.0015327072885377392,2.828147321262023
광진구 민방위교육센터,3886,355,49.56901408450704,0.9518667954765017,0.039211229186793206,0.12598738421321817,1527.7652349832347,14.70966642041257,37.60754716981132,0.2966983008467352,0.14746831846337444,0.1337159743138035,0.0008659965985841,2.9293111451303524
응암2동주민센터 버스정류장(영락중학교 방면),4684,362,12.582872928176796,0.18111964873765093,0.03995609220636663,0.10669593852908892,1623.2396597145994,13.881229418221734,36.8988603988604,0.24302963776070252,0.12623490669593854,0.10735455543358946,0.0005642945901544,3.011983626437324
역촌센트레빌아파트 101동 앞,4687,363,13.820936639118457,0.30894957145704605,0.035479370141518835,0.11181981263703408,1986.3686306557697,15.919075144508671,39.22954796030871,0.3266892565278055,0.12258321706198923,0.14450867052023122,0.001117549342820639,2.864863321862591
송천동우체국,1546,360,9.938888888888888,1.4304080491894913,0.0276690888764673,0.11235326998323085,2603.269306875349,24.129401900503073,40.37802907915994,0.08775852431525992,0.23141419787590833,0.08077138065958636,0.000514088934444,3.0276864436495377
사평리근린공원,2538,365,36.92602739726028,1.054310728594747,0.025597269624573378,0.15558688232675472,4812.834851610032,38.41029826383736,38.53090246125797,0.11893456002374239,0.2639857545629915,0.09912449918385517,0.0008102646442771,2.9324021087928367
노들역 3번출구,2077,365,29.81095890410959,1.122690929142542,0.028857641760867567,0.12213950923628343,5080.234938884295,34.602977667493796,37.4091963720734,0.27102288392610974,0.19869497288852125,0.11175443433507949,0.0007427153912673,2.9684096453242166
고덕센트럴 아이파크상가 앞,3665,364,27.524725274725274,0.9694580297434874,0.03353628106597465,0.12536181255614331,1815.551256612436,18.671623914562332,35.617038681781,0.19303323684998502,0.12845593372592073,0.10060884319792394,0.0006495319165458,2.978033321597791
고덕초등학교,1039,357,6.915966386554622,1.0425273390036451,0.033616848926690965,0.12717699473471042,1692.1375820170108,18.62089914945322,33.153406383992376,0.2685297691373026,0.15147833130822194,0.13122721749696234,0.0011275131257674823,2.862269247963245
마포 신수공원 앞,185,365,29.91780821917808,0.8311355311355312,0.03543956043956044,0.15146520146520145,3817.528534798537,26.924908424908423,37.59611388196176,0.20952380952380953,0.17564102564102563,0.09468864468864469,0.00041502371001,3.0399751030325133
삼성전자서비스 성북센터,1339,365,26.8,1.0582702923737477,0.03588223267225516,0.13473727254140258,2538.6394684113675,21.27489265998773,38.15895583265354,0.1726640768758945,0.1845225925168677,0.07779595174810877,0.0002852304241413,3.0936665825021623
진관동 은빛초등학교,902,360,13.347222222222221,1.0024973985431842,0.03621227887617066,0.12341311134235172,1301.952224765868,13.211862643080124,30.77192564346997,0.33152965660770034,0.15234131113423519,0.15483870967741936,0.0011041112552454741,2.882917984266326
마장역 4번출구,579,365,30.12054794520548,1.0425686738220847,0.03347280334728033,0.11606330725850464,2507.093362743315,23.74704384209569,36.725084104289316,0.16181553574677096,0.1828269965435692,0.0672184828088048,0.0002792735298152,3.0842660294768156
대림아크로리버 앞,552,365,29.293150684931508,1.0528432472876916,0.03338945005611672,0.1303778526000748,3046.7039094650195,26.612139917695472,36.753336113427856,0.13468013468013468,0.20127197904975683,0.07818930041152264,0.0003601665717509,3.0600189250474394
홍제삼거리 북측,3103,365,23.863013698630137,0.9954075774971297,0.031917336394948335,0.1328358208955224,3651.429826636052,29.565556831228474,41.172327540810954,0.14362801377726753,0.20619977037887485,0.08128587830080368,0.0003209982462793,3.0874854953753017
구의아리수정수센터앞,3516,365,27.654794520547945,0.8482266693085001,0.03625916385971865,0.12086387953239548,1758.5679760253606,15.65801466217555,35.8185360094451,0.30562710521101644,0.15018823063205866,0.16257182484644342,0.0009937439046043,2.922946720305522
북성초교,3100,357,8.252100840336135,0.9273591310251188,0.02376103190767142,0.14086897488119485,2312.7680515953834,19.215885947046843,35.16136631330978,0.18363883231500341,0.19382213170400542,0.07671418873048201,0.0003732825044049,3.0552923135754138
개롱역 3번 출구 뒤,4872,365,35.0027397260274,1.0108797745773326,0.03162179085785848,0.1274264245460238,2321.2261654664985,20.371634314339385,36.80655828051805,0.13149655604257984,0.23356293049467752,0.08922980588603632,0.0005211049741325,3.009333716416604
용산더프라임아파트 101동 앞,4642,362,12.011049723756907,1.046918123275069,0.03380864765409384,0.12074517019319227,2256.8242732290705,25.109705611775528,38.01915609629821,0.203081876724931,0.2095216191352346,0.10234590616375346,0.0007444535730786,2.9373886710309947
신금호파크자이APT앞,3556,357,11.490196078431373,0.1189663578742077,0.032423208191126277,0.14261335933690883,2933.1713261823497,24.835933690882495,43.017615176151764,0.15455875182837642,0.1833252072159922,0.09044368600682594,0.0004766661010213,3.045524281003981
산호시티빌 옆,1864,363,9.341597796143251,0.5207903273370688,0.03450309643173105,0.13034503096431732,2188.140321439104,20.54467708640519,39.395781194136575,0.2303155411383073,0.15305219699203776,0.1091123562370982,0.0004506995011563,3.0604628854248235
서소문역사공원,4782,304,4.6480263157894735,0.9561217268223637,0.016985138004246284,0.06510969568294409,1672.2837013446572,17.19674451521585,38.809141940657575,0.19603680113234254,0.2873319179051663,0.18825194621372965,0.0018401698321804391,2.733981273994785
양재전화국 사거리,2241,363,22.506887052341597,0.8806609547123623,0.03084455324357405,0.1011015911872705,2464.4058164014687,22.183476132190943,40.33673469387755,0.16119951040391678,0.24014687882496938,0.1274173806609547,0.0009358992141527,2.910495718601412
서울자동차운전전문학원,6173,356,7.825842696629214,0.9698492462311558,0.038765254845656856,0.10516870064608758,2228.5715254845654,17.182340272792533,37.69391159299416,0.07214644651830582,0.19705671213208903,0.12132089016511127,0.0014255604916983417,2.7440343843535695
보성중고등학교 후문 앞,2609,344,9.587209302325581,0.9232868405093997,0.05003032140691328,0.04972710733778047,1818.8506579745297,15.999393571861734,34.80539772727273,0.25712553062462096,0.08853850818677986,0.1400848999393572,0.0019512618831373214,2.6328229696255496
서원마을,3539,330,4.548484848484849,1.0826115922718187,0.04063957361758828,0.13257828114590273,3083.0421052631586,28.35709526982012,40.207280832095094,0.24050632911392406,0.2111925383077948,0.1419053964023984,0.0013641797158052257,2.792815964522785
금암 문화공원,938,347,5.743515850144092,1.0592072252885099,0.024586051179126944,0.13396889111891622,3672.030220772704,34.04114400401405,39.51927570093458,0.15102860010035124,0.17912694430506776,0.09433015554440542,0.0006523601791474,2.974158025228977
국립중앙박물관 -용산가족공원 앞,4607,343,10.854227405247814,0.8439430566747247,0.0166532366371206,0.19688423314531292,2953.3260408272904,27.54794520547945,36.182285924292536,0.04217029277464411,0.18345420359924794,0.1770077894171367,0.0025544971486227987,2.579567993541631
아현문화건강센터,4240,320,7.696875,0.1603735282176208,0.029638652050345108,0.10759236703207471,1716.3740803897683,14.224116930572473,38.51386481802427,0.2911084043848965,0.11205846528623628,0.14413317092976047,0.0012292060882437806,2.8284123146723124
이투스교육 앞,4315,357,12.518207282913165,0.8782725441933319,0.031326918773774894,0.09935108525397181,2804.6123249049,24.96464533452674,38.34233316352522,0.10651152383083465,0.2866413067800403,0.15193555605280823,0.0012903172067357611,2.8087324357343895
달맞이공원,556,292,11.349315068493151,1.0905250452625226,0.015691007845503924,0.12009656004828002,5716.867993361497,39.6876885938443,38.256487025948104,0.09595654797827399,0.2824381412190706,0.10983705491852747,0.0009611716321189,2.874233227413017
종로3가역 15번출구 뒤,335,184,40.57608695652174,0.7923921778730244,0.0344227163139566,0.10366997053308331,1880.4371966246986,22.416822930618807,41.51026677445432,0.13849450843825342,0.22917224752210016,0.12228770425930886,0.0006727179534793,2.9869567134255637
답십리 사거리,4139,184,31.179347826086957,1.038347568415548,0.03643018999477079,0.1270698971587938,2415.0829667073376,21.54645284992156,40.71486033519553,0.20010458427749697,0.1823252571030155,0.10231828481784905,0.0004092902731595,3.067197626494134
서울동물복지지원센터 동대문,4143,184,37.483695652173914,1.0655357401768886,0.025518341307814992,0.11062780919240249,1878.8498796578224,17.342467739596927,29.566359800537015,0.07756995795273307,0.2495287806292591,0.10714803537770044,0.000723598365223,2.9700412757688612
조일빌딩 앞,4138,183,30.852459016393443,1.0609280906836698,0.03719447396386823,0.11069783917817924,1908.755324123273,20.627701027275947,34.48040922942969,0.26478923131420473,0.23113708820403825,0.10077931278781438,0.0008897712979767,2.894938295906742
세계청소년NGO교육문화원,5881,184,64.45652173913044,0.9811973018549747,0.04418212478920742,0.11930860033726813,1743.304114671163,20.117032040472175,34.930008654262224,0.20649241146711636,0.20902192242833054,0.1036256323777403,0.0005997272058849,3.0005759339461116
고덕비즈밸리 쿠쿠강동빌딩,4965,184,36.69565217391305,1.0262144549763033,0.035841232227488154,0.14366113744075829,2476.01743927725,21.48489336492891,37.945522080066034,0.02591824644549763,0.3453791469194313,0.2021623222748815,0.002301499534239772,2.5868211675182926
고덕비즈밸리 디엠스퀘어 앞,4962,182,22.45054945054945,1.1098874204601077,0.03352912383749388,0.0548213411649535,2614.449050416056,21.871757219774842,36.53668232743043,0.023984336759667158,0.430004894762604,0.31840430739109155,0.004436853179962509,2.376185106781786
청년취업사관학교앞,1853,183,11.333333333333334,0.9411764705882353,0.034233365477338476,0.09787849566055931,1915.2061041465768,18.45178399228544,35.84947563232573,0.39826422372227577,0.1605593056894889,0.17743490838958534,0.0016824053857068804,2.78710968292339
신석초교 앞,5509,79,22.620253164556964,1.135982092893117,0.019585898153329603,0.14997202014549524,2363.945870173475,21.816452154448797,39.07318652849741,0.21936205931729152,0.1578063794068271,0.09457190822607722,0.0005811516292737,3.0003950435293265
마곡119안전센터 맞은편,6187,63,10.80952380952381,1.038179148311307,0.030837004405286344,0.07782672540381791,1120.47,11.69603524229075,37.250457038391225,0.28046989720998533,0.13656387665198239,0.11160058737151249,0.0013183537245837118,2.7819585554071344
인재개발원 데이터센터,4334,290,2.7724137931034485,0.27487562189054726,0.03109452736318408,0.08084577114427861,2441.1354104477614,21.42910447761194,40.68187919463087,0.07089552238805971,0.23756218905472637,0.19154228855721392,0.002755449535077514,2.4696085400440984
신한은행 서교동지점,107,181,40.49723756906077,1.133287858117326,0.0417462482946794,0.11227830832196453,2072.6055047748973,21.767257844474763,36.70368231046931,0.09972714870395634,0.22742155525238747,0.11350613915416098,0.000717158916751,2.9769613192297566
당고개역 3번 출구,4014,181,22.2707182320442,0.9940461423964276,0.034482758620689655,0.13024063507814437,2671.6867849168943,20.69486479781692,41.30771357478574,0.22401389233440835,0.16720416770032248,0.11510791366906475,0.0005725262431993,2.999889057175118
종로3가역 15번출구 뒤,335,184,40.57608695652174,1.0004018215912136,0.0344227163139566,0.10366997053308331,1880.4371966246986,22.416822930618807,41.51026677445432,0.13849450843825342,0.22917224752210016,0.12228770425930886,0.0006727179534793,2.9869567134255637
청년취업사관학교앞,1853,183,11.333333333333334,0.8842815814850531,0.034233365477338476,0.09787849566055931,1915.2061041465768,18.45178399228544,35.84947563232573,0.39826422372227577,0.1605593056894889,0.17743490838958534,0.0016824053857068804,2.78710968292339
잠실나루 나들목,4859,331,51.98489425981873,1.0012204335444876,0.03178938803975127,0.1532515836578137,4044.8564729470536,31.966932062532692,38.871650309737596,0.16231766141686524,0.23775207764281975,0.08461672575114779,0.0006307141238435,2.965544159101573
세종사이버대학교,3509,365,95.76438356164384,1.0163643645934657,0.04540252903816445,0.11137494993419923,1546.3087243233963,15.568861932826,29.76549047282992,0.278508897408022,0.1536877038393317,0.12708130686044516,0.0007205152606131,2.9789675237063955
방학브라운스톤아파트,4095,365,23.487671232876714,1.0110813017613438,0.030561063804969087,0.11652863641665695,1956.2010766359494,17.17520121311093,34.26226239532102,0.1867490959990668,0.17975037909716554,0.0738364633150589,0.0004726312919732,3.017438370812845
전농SK아파트 앞,679,363,10.016528925619834,0.8371837183718371,0.02942794279427943,0.11826182618261827,2228.639639713972,19.099009900990097,37.621612797910544,0.2070957095709571,0.17381738173817385,0.09433443344334433,0.0004874438901536,3.030286494335166
면목삼익아파트 앞,1477,312,7.996794871794871,1.0629258517034068,0.03006012024048096,0.13907815631262524,4463.201058116232,30.83687374749499,40.06453068592058,0.15711422845691383,0.22004008016032067,0.08016032064128256,0.0005633642591351,2.9945482399918966
안국동사거리(신),3407,341,47.495601173020525,0.9718448999753025,0.02945171647320326,0.13058779945665597,1978.7182026426267,24.629105952086935,38.99758418740849,0.15973079772783405,0.21894294887626572,0.10885403803408249,0.0009023312627009,2.8767075500369246
서울남부지방검찰청 후문,4537,365,56.1945205479452,0.824435668665594,0.04027107405782263,0.09585100677685145,1378.0353078835703,15.354687728535907,35.42490655793408,0.2389449563648774,0.1731266149870801,0.11749792794110478,0.0008163336564416,2.9206252718831642
둔촌역 3번 출입구,1050,365,151.82191780821918,1.0373905982134801,0.03827483533339349,0.11958855905440766,1678.9447961743224,17.598574393214832,35.7681608065427,0.15017594514120727,0.23428674546602907,0.09113056031760354,0.0005964863498181,2.9855125799450426
종로플레이스,3413,365,78.21095890410959,1.0563631905279014,0.03432935159561425,0.07104073983255683,1537.2571611728024,21.012785931971838,38.5532813253981,0.17017550005254492,0.15444705222965635,0.09871440081269485,0.0009012372130139,2.877893705037003
서남환경공원 버스정류장,1113,365,88.71232876712328,0.9072575663990118,0.044996911673872764,0.1272390364422483,1628.822386040767,13.803551575046324,37.89626124672904,0.2965719579987647,0.15281037677578752,0.13764669549104386,0.0009754459050356,2.894217835026868
마곡수명산파크5-6단지,2741,365,61.054794520547944,0.7769351581781467,0.047072021539151895,0.10204173210679829,1540.1613479919224,14.30706753421584,38.82595989116194,0.2950863809737492,0.13161319273053623,0.13331837558896117,0.0009944987045823,2.886497369207116
어린이회관,3507,365,34.59178082191781,0.7124188183114208,0.03944242040234437,0.10597180421352764,1603.0155868842087,14.262236654522415,32.28825447001877,0.22271503247267543,0.14454300649453508,0.10272453667036274,0.0006560769166359,2.969208579181781
양평우림 이비즈센타 앞,232,365,86.66027397260274,0.9913376118364895,0.038127153741582626,0.08921627517308969,2312.2471515285647,22.24994467452815,37.47938975038499,0.19755935632765326,0.24523410578230218,0.1388827416142392,0.0011181600000401079,2.864519334624619
건대입구역 사거리(롯데백화점),3533,365,171.2876712328767,1.0754638515674984,0.03168586052463212,0.14278630838131798,2130.8619708893143,21.490099168266156,34.781101801345855,0.1027191298784389,0.2591330774152271,0.10329494561740243,0.000788597062461,2.918076131332374
동대문중 교차로,610,365,36.54520547945206,0.9215833270859884,0.037034260439313293,0.1201739260814154,2073.890515031113,17.175275507909138,39.32977925864223,0.29065147312392237,0.15713321838218758,0.124297173701177,0.0009282494043256,2.9332187326054546
가락시장역 3번 출구,1201,365,53.25753424657534,1.0239724265651526,0.035547096044035185,0.08884201862235712,2018.3689145532164,19.20726374813519,39.51050052502625,0.15587221564895315,0.24198775657184013,0.12546941715108803,0.000576044637284,3.0317974792440583
증산교 앞,194,365,53.172602739726024,1.050391591096455,0.028493404781533387,0.12551525144270403,3506.609426009894,25.433120362737014,39.42079524946149,0.13262572135201978,0.2749896949711459,0.11701360263808738,0.0007875818093227,2.9288912016233013
CBS방송국 앞,769,365,167.1068493150685,1.0387415155589075,0.03269174017116438,0.14604715217890285,2004.0883898416278,19.785946158638556,36.27713450514407,0.058038495589730135,0.3115716299963931,0.13665278551988722,0.0013060685491933434,2.7924491919140966
쌍용플레티넘오피스텔,278,365,82.26027397260275,0.91240632805995,0.03270607826810991,0.1299916736053289,2610.555494088262,20.47970024979184,36.35273959266326,0.15220649458784347,0.20799333888426313,0.0723730224812656,0.0003574247364098,3.058404891513082
근로자회관 사거리,263,365,112.98356164383561,1.0263100463153811,0.03802226048158297,0.10945949222823056,1713.1887354203573,16.42324013676374,37.401664040688836,0.15199204636387886,0.22522369601590728,0.12432406217415554,0.0007252319168267,2.9783100979373787
둔촌사거리,1078,365,121.88219178082191,1.0099804437251332,0.035448558005709535,0.11540450019106706,2073.36930271765,19.11731517072403,35.81234704349885,0.17085890260075975,0.19142670892620314,0.07613460111942814,0.0005809995889629,2.969053462122159
한티역 롯데백화점 앞,2415,364,28.78846153846154,0.9904571046855616,0.03387727836625632,0.1366542609027579,2335.457584693195,23.886630403664473,39.60251572327044,0.10544899322454432,0.24305754365874607,0.09380666094092947,0.0006982056097374,2.962908389943661
우성아파트사거리 (기업은행앞),2505,365,33.583561643835615,1.0282264643498125,0.037363354543971286,0.09707945831293849,2687.205633871757,31.431147006036873,38.49357961280126,0.08410833741230217,0.2629303312122695,0.10466634034915973,0.0007491177286019,2.955519434672394
중앙농협(자양동),3536,365,80.12328767123287,1.0140194905111986,0.04561463498033852,0.13445033339032314,1791.8017076423337,18.43539066507095,35.547281277935404,0.22820995041887504,0.19473414258847666,0.12217473072320055,0.0005885391750173,3.0090971243896725
여의나루역 1번출구 앞,207,365,154.54520547945205,0.9583931642113848,0.021131379744367032,0.13905582442518039,5155.472510415006,40.824886099735856,33.89579753163568,0.09447074048467444,0.29108830151217,0.12428867733872255,0.0011016412788117866,2.8607565060966484
스타벅스(동교동) 앞,4208,365,28.104109589041094,1.112497562877754,0.029927861181516864,0.12068629362448821,2323.2771475921227,24.252583349580814,36.69430051813472,0.04991226359914214,0.2917722752973289,0.14807954767011114,0.0012274925786694782,2.8443828578357655
구로중학교앞,1916,363,28.666666666666668,1.0448779550259466,0.03853546031135883,0.11493369210071112,2424.885148952528,23.782529310013455,38.99568814823447,0.20526619258120316,0.2074764558908322,0.09869306169517586,0.000575667643703,3.0039936226290083
광진구청 앞,3501,181,58.34254143646409,1.0919507575757577,0.039867424242424246,0.10558712121212122,1842.2045975378792,19.719791666666666,34.56171663491427,0.19071969696969698,0.19782196969696972,0.08503787878787879,0.0004396063200662,3.0369956237823277
애오개역 4번출구 앞,157,365,45.29041095890411,1.0940656947553082,0.03454116508378199,0.11668985542314439,2143.1091518964363,20.40717439961285,40.54732788325113,0.27511947250620045,0.18637710967273607,0.1324783739640675,0.0007673581394163,2.9676409262678556
가양3동 주민센터,1172,365,54.11232876712329,1.0992861120955901,0.040251126525239225,0.11057667966178927,2417.097813781583,22.726494861019695,39.0916390589028,0.204445344539517,0.2349754442813022,0.12617082679358008,0.0008378801076625,2.9200527688419586
잠실트리지움310동 옆,1235,365,67.33698630136986,1.0794206200667262,0.033973472210920334,0.1371958662218244,2090.527955895516,22.763731792660103,38.50450878025629,0.12043290747823256,0.23602408658149565,0.09239970705508992,0.0005181596850023,3.012963917141878
구로도서관,1985,365,111.31506849315069,0.9166133398966281,0.04112724587743047,0.11631799163179916,2179.907234555747,18.969579128722618,36.08243666864357,0.19010583312823037,0.18363278365739602,0.0825990647304947,0.0006155255943693,2.963177783175669
송파청소년센터,4880,365,30.16986301369863,1.0033599709407919,0.03786778060297857,0.11160552124954595,2097.507238467125,18.173901198692334,41.44840008476372,0.3061205957137668,0.13576098801307665,0.15283327279331638,0.000909389221892,2.946749079307951
서울천호동우체국,3657,365,71.86301369863014,1.0036218070911171,0.03229126953869615,0.13072817384674038,2132.614620663364,20.352573389248953,35.43241028295376,0.12024399542508578,0.22512390392680137,0.07704918032786885,0.0004545034592455,3.0349108545909527
역촌파출소,931,365,91.44109589041096,1.1113974113135188,0.04035834132310642,0.11957694151486098,2162.3924844199387,18.184923298178333,37.55236916075492,0.25143815915628,0.17803211888782358,0.11031879194630873,0.0006686076938569,2.9788347956332637
도곡역 아카데미스위트 앞,2414,365,43.15068493150685,1.069968253968254,0.033523809523809525,0.09657142857142857,2510.1002171428577,22.25231746031746,40.56704723528095,0.13987301587301587,0.2292698412698413,0.1293968253968254,0.0009101641891324,2.910135804723191
청계천 생태교실 앞,583,365,148.9808219178082,1.048346757880025,0.020412666887344146,0.14912280701754385,6143.221667586158,39.72943101989775,39.887665925550884,0.11204899040052962,0.2566662988708669,0.09218801721284343,0.0007209316802638,2.9477032431058623
서울역사박물관 앞,307,348,30.563218390804597,0.9605114704776232,0.02933433621662279,0.08866115080857465,1944.3889921022935,20.18456186536292,40.40792232152709,0.12100413689356901,0.22893945092139903,0.12598721323805942,0.0011303679581083444,2.8406456555307766
한국국방연구원 앞,4113,365,32.38904109589041,1.0979529690407714,0.030790052444594825,0.10184401962442903,2871.8529791913397,22.29368973100998,37.009220284626174,0.1212146844865505,0.22745728303163595,0.11808492640839113,0.0007922849414539,2.945178060862133
신동아아파트,275,365,92.12876712328767,1.0182888750111518,0.038124126446010646,0.11107146043358015,1792.3494201088427,18.65845897641776,35.90943447618399,0.21577898712344246,0.20114788711452108,0.11193386266987837,0.0006848870061311,2.9730179645513015
윤선생빌딩(JYP사옥),1084,365,112.26027397260275,1.124954240390482,0.03629042098840757,0.0914215985356925,1975.677778401465,19.212715070164734,36.1179035639413,0.12827333740085417,0.2643807199511897,0.13320317266625992,0.0010198283565350365,2.858851976236739
한양수자인아파트 앞,1828,181,25.46961325966851,0.5108459869848156,0.0438177874186551,0.10216919739696312,2275.96710845987,18.575921908893708,37.951135581555405,0.24880694143167026,0.17028199566160518,0.11800433839479392,0.000625828022747,3.001190560717928
가산롯데아이티캐슬,3984,365,36.24383561643835,1.044750170080883,0.03552800665205231,0.055332980572983595,4262.776193211884,27.445007181192835,38.55055683224324,0.0708292387935596,0.3680550306145589,0.24204399425504572,0.0033151632112246397,2.5869362253220407
동대문역6번출구,3415,365,44.45753424657534,1.0849201947371665,0.03623590312442226,0.12392925371294755,2495.847452394157,23.992789794786468,39.47742124972465,0.12454551056880508,0.19929746718432245,0.09958710790657546,0.000364893124255,3.083152286480888
하늘채코오롱아파트 앞,4425,365,33.28219178082192,1.0485676654593348,0.023872242344418836,0.13080342443200527,2856.437003621997,23.862940401712216,38.24718457720939,0.16759960487323017,0.17500823180770497,0.08330589397431676,0.0004435137499348,3.0324869347852332
\N,3936,181,61.13259668508287,1.0659737912336196,0.03370989606868504,0.13032083145051965,1963.0777279710792,18.512155445097154,34.219946401225116,0.11830094893809309,0.2298237686398554,0.08133755083596927,0.000518642070308,3.0066776475286554
힐스테이트클래시안아파트,4569,365,33.88493150684931,0.994421086675291,0.04430789133247089,0.12863842173350581,1958.0092747412684,15.934104139715394,35.73212258796822,0.2554172056921087,0.14197930142302717,0.12726390685640362,0.0006097064314963,3.027537703865206
잠실나들목4,4483,365,46.0,1.027159023228112,0.028767123287671233,0.15955926146515784,3716.5266152471704,31.187313877307922,37.390483005366725,0.1555092316855271,0.20405002977963071,0.0790946992257296,0.0005755334635273,2.967952045722621
공릉1단지아파트,1655,365,80.5041095890411,1.0038796624013069,0.03583582902259733,0.12122243397767493,2213.0870851483846,19.676082221617207,37.41531570811368,0.21923495780016336,0.16682548325619384,0.09018513476722026,0.0005490813905814,2.9873222176732592
수유중앙시장,1520,365,33.84109589041096,1.078529792746114,0.03545984455958549,0.12329987046632124,2171.2276675841954,21.546389248704664,37.48357870894677,0.13001943005181346,0.17738018134715025,0.0666288860103627,0.0001986586090072,3.114792927293669
방배열린문화센터 앞,2227,364,21.436813186813186,1.0030757400999615,0.03665256952454184,0.09778290401127772,2102.279439958989,24.383698577470202,40.60962723803933,0.21427656029732156,0.23862616942201714,0.11277713699859028,0.0009691799752828,2.8629000829625753
누리꿈스퀘어 옆,409,365,58.61095890410959,1.0143037442153975,0.026550740896554948,0.0734352358248025,2253.7501149908826,18.746365633618474,36.77094219684318,0.04608984247183658,0.31005469078670594,0.20656289440471182,0.0028093145340633684,2.5554006644176783
e편한세상 신촌4단지 앞,3104,363,22.961432506887054,1.014757048590282,0.02579484103179364,0.11781643671265747,1770.301845230955,17.113017396520696,36.786822760686086,0.16892621475704858,0.1698860227954409,0.07426514697060588,0.0003598758102809,3.0574617025274904
하계역 1번 출구,5335,364,26.71153846153846,0.9417875141417258,0.0328088038671192,0.1240357914224005,1693.0720785765702,19.842949706880592,36.630567164179105,0.1103568857348555,0.26576159621515993,0.10788851177620076,0.0008818004062915,2.9011694759882354
석관동주민센터 앞,1334,365,39.441095890410956,1.0118088357877189,0.033481522645179215,0.09995832175604334,2113.8382099194228,20.881564323423174,33.90683282468633,0.139622117254793,0.18491247568769104,0.08530147263128647,0.000309745852568,3.0831514343873554
모두의학교,1856,364,17.293956043956044,0.9329626687847498,0.03860206513105639,0.12009531374106433,1989.3103860206518,17.874185861795077,34.79590370104204,0.3254964257347101,0.13693407466243052,0.13868149324861,0.0012156318387234188,2.849390171056492
김포공항입구 교통섬,5072,365,15.789041095890411,0.9151483602290473,0.04077737289606108,0.10758285615131008,2504.710961304876,18.552837064029152,38.047998406691896,0.2467464862051015,0.21221585979524554,0.15443345479784834,0.0011516118095649419,2.8871650099464805
수서역 5번출구,2377,365,84.23835616438356,1.0765277913292353,0.03190555176114743,0.10625426870914235,2914.713238364719,22.985104237811818,39.39891205802357,0.12719940156763263,0.28991446319966174,0.15917000032523498,0.001175024186586158,2.8643481576147183
목동역5번출구 교통정보센터 앞,770,169,113.02366863905326,1.3693523899272289,0.04434322810324067,0.10030888435160462,1627.1756059892152,15.775613842207214,36.23486125154477,0.14219150829799487,0.23464740065965134,0.11858017904821737,0.000957657024896,2.8923176578142904
신성기사식당 앞,122,365,25.8,1.0060528830837847,0.03992779016671976,0.13390676436232346,3119.1942964850796,28.126367208240417,40.036089654299104,0.18817033025379631,0.18997557608580226,0.08813847297440798,0.0004527885051254,3.041695065674261
국회6문,4585,343,15.889212827988338,1.0053211009174312,0.023669724770642202,0.16495412844036697,4114.124700917432,32.45504587155963,38.810337078651685,0.030275229357798167,0.31064220183486235,0.15192660550458714,0.001806780901345753,2.6316407028240314
현대 안성타워,857,349,9.782234957020057,0.3599882835383714,0.029291154071470416,0.11804335090802577,3100.7766461628585,25.381370826010546,37.48513466246939,0.035149384885764495,0.30052724077328646,0.1622729935559461,0.0012617492790463747,2.877070052463807
강월초교입구 사거리,712,365,21.30958904109589,1.457444073026485,0.039213165338133196,0.1172537927487786,2273.624114168167,19.719979429159167,36.259264749481176,0.1847518642324505,0.19619439444587297,0.08176909231164824,0.0004610274689724,3.041819878760787
녹사평역3번 출구,858,342,12.736842105263158,0.44719926538108357,0.03282828282828283,0.13246097337006427,2825.899370982554,22.90289256198347,35.34291135809163,0.06175390266299357,0.27571166207529846,0.13957759412304868,0.0009475538069849,2.9323829943770265
대흥역 1번출구,437,364,28.843406593406595,1.081817315934851,0.0313363177445471,0.12115439565672921,2746.549003714639,23.93561291551576,35.40080878105142,0.11563006000571484,0.24040384798552242,0.10429564720449566,0.0007051758692544,2.9620673987479416
공항초등학교건너편,1162,365,82.28767123287672,0.983885466955219,0.05363742300649243,0.13321125353753954,1109.756903279507,11.980189778591644,37.74979988564894,0.2899617113367738,0.15984684534709506,0.1951057100049942,0.0015472620583836243,2.8072732828011695
석촌역 2번출구,1251,365,84.53698630136986,1.0004213119004408,0.03376976925071299,0.13744490536686543,1947.3602654265014,21.71866087632875,35.47627516270622,0.1174812030075188,0.24416645060928183,0.1024760176302826,0.0006491448947352,2.967421207510492
장승배기역 5번출구,2013,365,33.75890410958904,0.8165882161986691,0.03838662554780068,0.132527187144944,2274.633897906189,19.68243791592274,38.2311742032528,0.1491640967375426,0.21636098036033113,0.0855380620029216,0.000356988464425,3.0723694640261154
방화동강서기동대앞,1163,365,83.55890410958904,1.0094429325551657,0.04669005541165284,0.12003672251549231,1357.14072592544,12.517689104560805,35.84590187800262,0.26132004328010755,0.18426833666677594,0.117118594052264,0.0008296248548423,2.904598488229096
LG사이언스파크 E2동,5097,356,37.418539325842694,1.0164402071916523,0.027925831394039487,0.02267097064784926,1546.0483905112228,12.61789655431274,36.55306209850107,0.04796937166879364,0.33668643495233097,0.26101644020719167,0.004485741570902915,2.3111569512504686
대림동 e편한세상영등포아델포레,4575,365,67.38630136986302,1.045373231419743,0.03935599284436494,0.12006017238575378,2077.0429305578136,22.29630834281997,38.30821596244132,0.20019515368352578,0.17893153358269637,0.10290291104244592,0.000555344049583,3.0060893987482507
불암주유소 앞,4032,364,43.19230769230769,0.9907136496628928,0.03905355552728661,0.1361786032311411,1818.562077343846,18.104376033583513,32.04073877023637,0.09706144256455922,0.24716957130136116,0.10469405927998983,0.0008861215387255,2.887024644947628
미아사거리 1번 출구,1531,365,61.26575342465753,1.0641266434129326,0.03412038279223683,0.12955012968428584,2215.459823808247,21.494186566496737,38.232498591693556,0.07910741436365262,0.247383954923531,0.09556390304981666,0.0004685557108599,3.042718955497032
올림픽로 836(아리수로),1031,360,18.430555555555557,1.1415222305953279,0.02908816880180859,0.11258477769404672,3333.1857483044446,26.41507159005275,38.88468975215328,0.16623963828183874,0.23240391861341372,0.1253956292388847,0.000948838140108,2.8841773025931277
보문4교 인근,1363,365,66.40547945205479,1.0432378909150921,0.030117996534367523,0.12806337156531067,2380.006052892148,20.802458948758147,35.41714700896101,0.1947767967654097,0.19300272299694693,0.07867810875484776,0.0004557205344378,3.0320467482416382
창원초등학교 교차로,1751,364,20.225274725274726,0.9468894322195056,0.032599837000814993,0.1245585438739473,1844.0099891333882,19.69899483835914,38.65459011360147,0.1858190709046455,0.16938331975006793,0.07932627003531649,0.0002642747259527,3.102680454371011
SK 서린빌딩 앞,368,359,51.96378830083565,1.04953095684803,0.02347896006432592,0.08603591530420798,2763.2117367997853,26.04057893326186,40.02310963209466,0.06470115250603055,0.3227016885553471,0.20852318413294024,0.0022418485840433465,2.6465301120112295
도림천 건널목 위,5851,365,50.40547945205479,0.9338515055984347,0.044787476899663003,0.12724209153168822,2838.863868898794,22.411566474616805,38.777542372881356,0.23247092075225567,0.16653984128709642,0.09631481682791608,0.000493580611849,3.036997070799536
서울식물원 식물문화센터,2725,365,40.64657534246575,0.8396468050687517,0.027500674036128336,0.1462658398490159,2163.9279785656536,19.286734968994338,38.613783495861675,0.09915071447829604,0.20814235643030465,0.1272580210299272,0.0013164545386266417,2.7794106295001204
광흥창역5번출구,4206,365,17.22739726027397,1.0003180661577609,0.028307888040712468,0.11688931297709923,3297.7530184478364,26.725031806615775,37.41397430906968,0.17493638676844783,0.23695928753180662,0.0960559796437659,0.0005165181784656,3.0278940357681217
양천아파트 입구,787,365,110.95068493150686,0.9710595846605922,0.052250784008692,0.11368743363705953,1869.393383707432,15.113761513198508,36.59287376381617,0.3340000493863743,0.14060300763019484,0.14443045163839296,0.0012679991953060815,2.8494990424452102
이수역 6번출구 앞,2511,361,26.700831024930746,1.0068471833177715,0.034339661790642184,0.10737628384687208,2017.7303454715188,21.474530552961927,36.11787675411836,0.180412905903102,0.23072932876854446,0.09471936922917315,0.0005922223399522,2.989297257519734
신목동역 3번출구,766,364,40.23626373626374,0.9771951386043971,0.024716646183258226,0.11313669261231736,4312.195718967636,28.86774545951113,40.92168626509879,0.12911375119486548,0.3147617096818244,0.1262460740133825,0.0010365493886718717,2.8741006768408837
동대문역사문화공원역 9번출구 앞,347,364,20.88186813186813,0.9722404946717537,0.026312327325351926,0.102354953295619,2203.540146033417,22.093277200368373,37.070503361206754,0.08867254308643599,0.19681620839363242,0.09143533745559795,0.0003142733609394,3.083292044601368
위례중앙푸르지오 1단지 앞,1286,365,31.09315068493151,0.990571856551238,0.03313067230593004,0.12961494404793375,2460.944645343202,20.208564631245043,40.38066838046272,0.14961670631773724,0.19596440214996919,0.07242928892413429,0.0003204277158912,3.0676546719936253
신용산역 6번출구 앞,816,365,53.25205479452055,1.0473838555332613,0.031229099140813912,0.12527653444461595,2513.5042558007917,21.087822194783147,37.37837994999128,0.1531614961156557,0.2583732057416268,0.11503832896023049,0.0008389573025973,2.941730064867624
개포동역 사거리,2373,362,11.56353591160221,0.940516005733397,0.03870043000477783,0.13115145723841376,3047.7488437649286,26.95891065456283,38.87126500977381,0.12900143334925943,0.20210224558050646,0.09101767797419971,0.0005815059056064,2.9806251100085897
초원아파트 앞,248,350,29.734285714285715,0.996829057365235,0.01748822907658307,0.13346785817238396,4569.291485538579,37.65013932929759,37.208406509776374,0.10060536177572788,0.2555971941962141,0.13087345056212166,0.0011435543961485024,2.8534007696254013
북아현 치안센터 인근,3115,365,22.972602739726028,0.8875372689326178,0.032319618366129996,0.12546213476446036,1537.7454418604643,14.5536076326774,36.66546522493659,0.2649970184853906,0.1298747763864043,0.10661896243291592,0.000619392696113,2.992230797279071
서교동 사거리,108,365,40.25479452054795,1.0394065201116178,0.030899067583202884,0.14061117538964132,2994.142403865785,29.79963247805077,33.2750620049604,0.028721159735928675,0.2775471312870074,0.10923569046484721,0.0008535743071459,2.9272756043858585
둔촌동역교차로,3671,315,69.95873015873016,1.0305395471252894,0.037074011889095614,0.11821028270635749,1780.8625266597076,17.74229704587739,35.14565826330532,0.16104732949131007,0.2129146435540228,0.08313291282842492,0.0004819412633119,3.016872485998755
역삼동 sk뷰 501동앞,2382,362,12.464088397790055,0.9835992907801419,0.041666666666666664,0.1347517730496454,2515.4547296099295,26.82424645390071,39.536681567183805,0.1077127659574468,0.22850177304964542,0.09197695035460993,0.0006608248112729,2.9639412730638584
관악구시설관리공단,2115,365,39.07945205479452,0.8127453729669097,0.04248457655636568,0.11714806505888951,1826.1764196578802,17.639652271452608,38.550351288056206,0.26149747616376895,0.1704290521592821,0.1169377453729669,0.0005751187628402,3.029966915661081
솔브레인이엔지 뒤편,1840,364,19.664835164835164,1.1218217379156188,0.037440625873148926,0.054484492875104776,1390.8897750768379,11.580888516345349,35.7733527602396,0.24043028778988546,0.2485331098072087,0.15968147527242246,0.002021646341756965,2.6871898641710756
"동성1,2차 아파트 앞",4809,365,31.46849315068493,0.7485634685704335,0.033432004179000524,0.12415114051889256,2471.458030646005,18.163416332927042,35.677100326264274,0.14922514365314296,0.1795228974403622,0.08088107261013408,0.0003275872358291,3.0774687572043193
상봉역 3번출구,1416,365,52.76712328767123,1.0575285565939772,0.0377466251298027,0.12538940809968846,1463.9143265835942,14.909190031152647,34.80374060265265,0.13110072689511942,0.2686396677050883,0.1025441329179647,0.0006232879432746,3.0087538421092943
언남초등학교 앞,2206,364,28.326923076923077,0.9995150809814761,0.035302104548540394,0.10328775094559209,2044.5676035302079,16.41867908059354,45.25862261413104,0.3118029289108719,0.14799728445349628,0.1499369605275919,0.001152462032524498,2.860776782448738
서일스포츠센터,4305,359,7.008356545961003,0.9113672496025437,0.04054054054054054,0.1041335453100159,2234.232452305246,29.457869634340224,40.78240138708279,0.2484101748807631,0.23012718600953896,0.13712241653418125,0.0010325631204944777,2.8760966356657236
꿈의숲 롯데캐슬,1547,362,12.930939226519337,0.5204016235847041,0.028412732322153387,0.12475966673787653,2100.0047383037804,19.054689168980985,34.956635692161065,0.23883785515915404,0.17709891048921172,0.11108737449262979,0.0005325696976412,3.027980507618191
역삼월드메르디앙아파트 앞,2330,365,18.008219178082193,0.9890460976722958,0.034839494903392665,0.09965008367564278,2122.9417404533697,20.169176935950098,38.972836496604565,0.11760231249049141,0.219838734215731,0.1039099345808611,0.0006194312004012,2.99709015561425
망우역 1번출구,1405,365,19.65753424657534,0.9894076655052265,0.0359581881533101,0.11066202090592335,1373.931789547039,14.162648083623694,36.70261437908497,0.22104529616724738,0.21491289198606273,0.0932404181184669,0.0006547810934804,2.9591713623907476
임광빌딩 앞,171,358,16.773743016759777,1.0098251457119067,0.030974188176519566,0.07360532889258951,1865.8122181515405,16.35736885928393,41.514120067327475,0.2656119900083264,0.25678601165695253,0.15287260616153206,0.0013120576482468392,2.8342744666773356
탄천1교 하부보도,4874,364,21.12087912087912,1.0046826222684704,0.03941207075962539,0.12695109261186263,2962.689923257024,26.889438085327782,39.21566490189972,0.27042143600416235,0.1541363163371488,0.10301768990634755,0.0007674442357624,2.9222896704082033
한강GS에클라트 건너편 교통섬,4603,365,23.98904109589041,0.9425536774783005,0.0364321608040201,0.10712654179990863,2311.6358234353597,18.78848789401553,38.61252222504445,0.21128369118318865,0.2108268615806304,0.12060301507537688,0.0009306129983825,2.900392914941986
대림우성2차아파트,4555,363,15.09366391184573,1.0386931921883555,0.03924073736083227,0.1385289286366125,2176.8484321956553,22.588976090527467,37.55999097880018,0.1304982661069538,0.219200584048184,0.08176674575652491,0.0004788715618396,3.0296729639513984
동대문역사문화공원역 1번출구 뒤편,474,362,63.69060773480663,0.8391308119361555,0.029753643303261624,0.11927480916030535,2535.866390093684,25.035869188063845,35.99569124060743,0.08106349757113115,0.2640527411519778,0.12643129770992367,0.0007783447045513,2.967817042259914
서초 크로바타워 앞,2521,363,20.889807162534435,1.0652775946195436,0.04233153105631017,0.11525781353026507,1771.86472504286,19.395094289858896,40.58376288659794,0.1871291045760253,0.19754714492944744,0.09099301068178821,0.0006222715558189,2.960918674815266
신길 래미안 프레비뉴,3211,365,17.682191780821917,0.9191199256275178,0.041834521227145954,0.12844747443445925,2155.834798574527,20.71397582894329,40.72167577413479,0.28153083359157116,0.1292221877905175,0.13898357607685158,0.0008588805418946,2.9555747746312178
SPC 앞,2293,364,22.71978021978022,0.8792019347037485,0.02853688029020556,0.10096735187424426,2350.2297533252704,21.21620314389359,41.04193213809453,0.10943168077388149,0.3085852478839178,0.13941958887545344,0.000896217439562,2.94561764366228
은평평화공원(역촌역4번출구),911,362,54.389502762430936,0.9830870028950175,0.03783838691655239,0.11849255929706944,2139.2068657626105,19.419574381634416,37.56414273281114,0.17146630098024276,0.21814210980750673,0.09020265122657321,0.0005437484324566,3.012890227256238
대호프라자아파트,963,181,17.07182320441989,1.1116504854368932,0.03203883495145631,0.1372168284789644,2757.8650485436888,24.188025889967637,44.97006390850992,0.16084142394822004,0.16181229773462782,0.07184466019417475,0.0002545205328809,3.095100238814526
금천구청 앞 자전거거치대,1819,361,10.177285318559557,1.0364725095264018,0.037016875340228635,0.11077844311377245,2460.6288704409358,25.017964071856287,40.38290824776416,0.09825802939575395,0.2572128470332063,0.11894393032117583,0.0010432438228078573,2.843374708249466
원당공원 앞,4078,365,30.106849315068494,1.0071890071890073,0.035035035035035036,0.11793611793611794,2887.6456847756826,23.656656656656658,41.01660394066859,0.22495222495222494,0.15706615706615706,0.12166712166712167,0.0005504041922089,3.0372527334776396
연세대 정문 건너편,139,358,9.279329608938548,0.7826610475617098,0.03552077062010837,0.10325105358217941,2096.4964990969297,20.90307043949428,34.639786856127884,0.1757977122215533,0.17068031306441903,0.08639373871161951,0.0005104042234466,3.004609344941348
중랑구청,1430,365,32.273972602739725,0.5187606112054329,0.03293718166383701,0.09541595925297114,2267.485668081495,19.039219015280135,36.84081715210356,0.15789473684210525,0.216893039049236,0.12478777589134125,0.0007627851313572,2.951814986618495
홈플러스 면목점,4826,364,25.25824175824176,1.090602566891451,0.028714378942788776,0.1262780073961279,3438.3570633021536,25.52751794648684,37.45079603861101,0.1816402001305199,0.1933869915162062,0.07842070915814661,0.000376600577367,3.0596674396114967
도곡동 경남아파트 건너편,2368,362,12.522099447513812,0.7496139422016325,0.042797264504743,0.12067063754687844,2170.263935583499,19.383631149349217,40.765283018867926,0.157070372821531,0.2530333112728877,0.11780277961614824,0.0007463277667816,2.9439462494889237
태릉선수촌 앞,5327,203,2.29064039408867,0.6193548387096774,0.02795698924731183,0.1010752688172043,3848.5455053763444,27.64731182795699,37.79155672823219,0.04731182795698925,0.16129032258064516,0.12043010752688173,0.0011900460554206654,2.836076243641086
도봉로 534,4086,361,13.232686980609419,0.7406321959388737,0.034540506594096715,0.11052962110110948,1908.4625748377637,17.343939711115762,39.686201260798505,0.2359221268578606,0.14611680971320912,0.10529621101109483,0.0006921111959987,2.9822381255386325
신도림4차 e편한세상 아파트 1109동 앞,2000,365,49.92054794520548,0.9035179188848033,0.03259974754404259,0.12068492398880412,2861.8569661379734,23.264420174523902,36.577735124760075,0.15317490807310247,0.193622742988859,0.06860216234015697,0.000366663072032,3.045591093132803
경문고등학교 앞,2095,364,22.6510989010989,1.1472407519708914,0.03602183141297756,0.12686476652516676,2437.123483323225,23.04778653729533,35.5560621171107,0.17828987265009097,0.16155245603395996,0.08574893875075804,0.0004365841034023,3.0432432124751903
신내2동 주민센터 앞,4808,365,21.068493150684933,0.8660598179453837,0.03355006501950585,0.10598179453836151,2025.2106579973997,19.87321196358908,34.227182083141585,0.07334200260078023,0.2364109232769831,0.11820546163849155,0.0007799380252596,2.9522285358301574
왕십리역 11번 출구 앞,521,365,41.57260273972603,1.0021088704362726,0.03255568735995782,0.1314089890602346,2560.3024271780682,22.537366548042705,34.74632833525567,0.0856069592724397,0.22419928825622776,0.08000527217609069,0.0003571227170501,3.063416100031386
서울북부광역등기국,1756,361,8.506925207756233,1.0237707587105178,0.03158580267014002,0.13318137414522957,2147.2867111690007,20.984044285249105,40.716201117318434,0.13253012048192772,0.15597525236079451,0.10289807880169326,0.0005011772575147,3.023250338266033
창신역 1번출구 앞,364,364,14.35989010989011,0.7960589248134685,0.048019896690262104,0.12263248517313947,1948.822202027932,16.631145972833366,39.88947037889889,0.2628658886550603,0.1247369427970155,0.1339200306102927,0.0006700484538727,3.010544312868053
은평 지웰테라스,969,321,4.127725856697819,0.9086792452830189,0.04679245283018868,0.11924528301886793,2002.8567849056606,28.174339622641508,46.48557295960428,0.24981132075471696,0.09660377358490566,0.17358490566037735,0.0019224862544994263,2.7106719223809836
반포1동 자율방범초소 옆,2548,362,11.828729281767956,0.5730966837926202,0.034329752452125176,0.11583372255955161,2950.4271391872962,24.52522185894442,37.073459715639814,0.24030826716487622,0.18028958430639888,0.10112097150864083,0.000582857247797,2.9935236960523515
우솔초등학교 맞은편,2249,348,7.442528735632184,0.9424710424710425,0.02277992277992278,0.10540540540540541,4827.273115830115,28.152895752895752,41.848282016956716,0.3702702702702703,0.1613899613899614,0.18687258687258687,0.001781464655499404,2.7512762849866204
강일동입구교차로,1079,365,26.095890410958905,1.0225721784776902,0.03706036745406824,0.11937007874015748,2221.007699737532,22.398005249343832,38.606888068880686,0.2877690288713911,0.16545931758530183,0.13406824146981627,0.0008558206060857,2.939972901561871
금호어울림센터힐 내,1353,365,7.8,1.009834913944503,0.04812082894274675,0.13558131366350545,2291.111022128556,20.750614682121533,36.96377422072452,0.34176325957147874,0.13031260976466455,0.21250439058658238,0.001566092187122615,2.866763777403685
서경팰리스 앞,5872,365,25.24109589041096,1.045045045045045,0.03809833930315858,0.11320959513730598,1845.0259795940517,17.751546727450343,35.768628441525635,0.18159122978400088,0.16270487354824703,0.09801367632692934,0.0004937196148925,3.014096944409547
샛마을 근린공원,1015,365,23.715068493150685,1.0075092421441774,0.03304066543438078,0.13562846580406654,2327.6414856746765,22.82243530499076,37.44901206736507,0.17883548983364142,0.17756469500924216,0.08133086876155268,0.0004149360631873,3.0406784526655484
낙원교회 맞은편,1910,364,15.527472527472527,0.7666312809624911,0.03839348903043171,0.09447983014861996,2068.666631280961,21.684005661712668,38.284953940634594,0.2650389242745931,0.2013446567586695,0.13535031847133758,0.0008919363668373,2.938379296598677
염리초등학교 앞,495,363,30.628099173553718,1.22270192480662,0.025544162619176112,0.09381183666127,3183.646343766866,27.56422018348624,39.45609807208717,0.14732865623313546,0.22414103255981294,0.11090124123043713,0.0007874066068784,2.9329322935568545
내곡파출소 뒤 정자,2207,340,5.620588235294117,0.7702773417059131,0.029304029304029304,0.09157509157509157,2636.3368864468866,21.560439560439562,49.340975896531454,0.21716378859236002,0.21559392987964418,0.14704343275771847,0.0013733140380090367,2.8180277893549457
대림신동아아파트 앞,281,365,35.032876712328765,0.9778681473371393,0.044967545163056226,0.13255650269805272,3140.814299679362,27.225619770078985,37.472429906542054,0.15961523422225699,0.21709548760459843,0.07890826620786737,0.0004341990743175,3.0416488011919087
중부세무서 앞,6053,352,6.519886363636363,0.9215686274509803,0.03398692810457516,0.11067538126361656,2517.6561394335513,27.918082788671025,41.74727555786196,0.10021786492374728,0.2130718954248366,0.10675381263616558,0.0008374084120859,2.9011642496126955
보라매공원 정문,2059,364,42.40934065934066,1.060633542786811,0.03025199196735117,0.11355833387316189,2508.977268251603,23.04489214225562,36.94964247679903,0.10623825872902766,0.28852756364578613,0.16758437520243571,0.0011092607639818519,2.9076562491316995
서울 논현동우체국 앞,3615,357,10.92436974789916,0.9048717948717949,0.02794871794871795,0.09871794871794871,2973.148743589744,24.367179487179488,37.779384035197985,0.13256410256410256,0.33512820512820507,0.18435897435897436,0.0013937212360289285,2.8555688932448007
삼양동주민센터 앞,3724,362,10.234806629834255,0.7792172739541161,0.03670715249662618,0.13900134952766532,2217.450461538462,23.69284750337382,38.73675604970569,0.09230769230769231,0.22321187584345475,0.09797570850202429,0.0006085490270713,3.0015373511609567
성서대학교 밀알관,1678,214,10.0,0.9850467289719627,0.01822429906542056,0.04299065420560748,1733.097056074766,20.082242990654205,30.54669464847849,0.14345794392523364,0.18037383177570093,0.13738317757009347,0.0013732033850603158,2.7790943043890146
녹천교 앞 사거리,4090,365,35.88219178082192,0.958234710238986,0.03435901351454532,0.12491410246621364,2684.963496984038,20.806902344048254,37.07166272081588,0.19767885775368405,0.1966862640299305,0.07894937772008857,0.0005314762689549,3.00235119751631
성북청소년센터,1391,364,20.11263736263736,0.990438464690616,0.028957792651277146,0.12211446523698949,2524.6369047944263,20.673405272503757,38.46747831887925,0.21103674361426034,0.1723808222920366,0.08455129080726677,0.0004466252144508,3.0416830105954675
홍은 현대아이파크 아파트 202동 앞,3110,365,20.364383561643837,1.0049778016951432,0.03632449885645096,0.1440871787972555,4000.0030256962204,28.869635409659626,41.776007497656984,0.21135476927216468,0.19830485672003229,0.09000403605542849,0.0004380470064418,3.0459105687944836
서울연신초등학교,953,360,9.433333333333334,0.838339222614841,0.03769140164899882,0.12632508833922262,2186.406251472319,20.127502944640753,38.35171039521754,0.15901060070671377,0.19846878680800945,0.07979976442873969,0.0004209437371295,3.034083830911874
송도병원,429,322,3.1832298136645965,0.6790243902439025,0.04097560975609756,0.15414634146341463,2436.7976975609763,21.782439024390243,39.055865921787706,0.21170731707317075,0.13951219512195123,0.13365853658536586,0.0006264905149051,3.022808788031063
청담역 13번 출구 앞,2312,360,15.127777777777778,0.9456481821520382,0.030297466030113844,0.09474843922144693,3520.222317297098,27.21759089239809,40.225516029863854,0.23209695189129637,0.2027175908923981,0.11219243481454279,0.0007725864420968,2.977890335722809
서울안천초등학교 옆,1866,349,5.060171919770774,0.9807474518686297,0.03114382785956965,0.11325028312570781,4490.8326387315965,32.460362400906,41.07741116751269,0.1896942242355606,0.16704416761041901,0.11098527746319366,0.0008110583372202,2.938875293263834
휘경공고앞,606,173,11.06936416184971,1.0762402088772847,0.02193211488250653,0.10966057441253264,4403.13846997389,31.275718015665795,34.73400673400673,0.1185378590078329,0.13211488250652742,0.1556135770234987,0.0013961960148492544,2.786228340444806
신청담나들목,3638,356,13.705056179775282,1.0774748923959827,0.020700963312154128,0.1330190612830498,5907.340934617748,40.4134043861447,38.17611706297361,0.09920065587210494,0.26029924164787865,0.09817585570813692,0.000816365595707,2.9189966728157395
신내역금강펜테리움센트럴파크,4845,341,5.894428152492669,0.8318407960199005,0.028358208955223882,0.09353233830845771,2535.1440298507464,16.45273631840796,35.9256801592568,0.2567164179104478,0.26567164179104474,0.16716417910447762,0.0015016181530160143,2.7962208064203686
동선고가차도 초입,1386,358,9.23463687150838,0.9918330308529946,0.029340592861464006,0.12401693889897157,2772.0684875983065,22.66333938294011,37.27131502890173,0.18421052631578946,0.17271627344222623,0.09830611010284332,0.000331081855486,3.0846292975945717
삼육대 제3과학관,1680,194,2.556701030927835,0.6754032258064516,0.02620967741935484,0.05241935483870968,4138.022983870968,25.717741935483872,30.56769596199525,0.0282258064516129,0.12701612903225806,0.13709677419354838,0.0018812010420279802,2.684201778239105
구룡터널 입구(개포1단지아파트),2391,140,1.2642857142857142,0.9491525423728814,0.07344632768361582,0.14689265536723164,2246.3398870056494,14.3954802259887,37.0062893081761,0.3333333333333333,0.07344632768361581,0.2598870056497175,0.00394153579750391,2.410599520945688
서울시청,4796,183,61.42622950819672,0.6476292144826973,0.02695489725113424,0.08646917534027222,2446.9091780090735,24.390712570056046,41.22280322837331,0.1659994662396584,0.25807312516680014,0.13931144915932747,0.0010788262133856446,2.839235628937533
신풍역 2번출구,5886,184,65.47282608695652,1.0047314684153732,0.037353698016103595,0.1229351705818876,1766.3145173072137,19.921557234166183,34.17663817663818,0.12916078691790486,0.243629119282809,0.10085498464347971,0.0005249799963922,3.00895884013631
고덕래미안힐스테이트 아파트 211동,4958,183,14.53551912568306,0.5815789473684211,0.045112781954887216,0.10902255639097744,1427.522462406015,11.009022556390978,36.88074785245073,0.3642857142857143,0.08533834586466166,0.2236842105263158,0.0023789344916175154,2.688643126978672
마장축산물시장 북문 건너편,4397,184,34.42934782608695,1.082399368587214,0.03535911602209945,0.13496448303078137,4324.430759273875,29.485872138910814,41.39264950166113,0.12675611681136542,0.25745856353591157,0.10939226519337017,0.0008247849850643,2.9190744518205354
수서역 7번출구 앞,2376,184,32.32608695652174,1.1698049764626766,0.03227975790181574,0.10205110961667788,2149.946254203093,16.042703429724277,40.245558086560365,0.1027236045729657,0.3964357767316745,0.18745796906523202,0.0018175309329841165,2.747286503938792
종암박스파크,1319,184,49.880434782608695,0.6224667683591196,0.03312268468075834,0.13630420570930485,3917.081099368054,26.66910002179124,35.65024992649221,0.23087818696883852,0.21638701242100675,0.08433209849640444,0.0005797096994613,2.9912745247831602
양천향교역 3번출구,6180,184,23.777173913043477,0.9885714285714285,0.03131428571428571,0.1184,1371.1621325714289,13.373028571428572,35.1976401179941,0.24091428571428572,0.23405714285714285,0.12,0.0009115580045351,2.90225091570927
이스트폴 105동 방면 입구,5152,184,22.081521739130434,0.8067930100910657,0.040364262859955695,0.12380014767413242,2289.151789318237,23.06620723603249,36.84076990376203,0.17843957666748708,0.23800147674132416,0.09598818606940684,0.0007197103772864,2.9446019058993778
양평1나들목 보행통로 입구,227,184,60.53804347826087,1.03851333153784,0.02414938504354071,0.16832749798007002,4796.458604901698,35.60481192207559,36.6785464709993,0.15611814345991562,0.24086542777628156,0.08402908699165096,0.0006607884399358,2.9585590525871712
서울AI허브 앞,4351,152,10.355263157894736,0.8951715374841169,0.030495552731893267,0.09021601016518424,2426.992153748411,19.68869123252859,37.911417322834644,0.05844980940279543,0.2611181702668361,0.1480304955527319,0.0013496907291488953,2.8386470767933702
국회도서관 2문 앞,5879,171,7.947368421052632,0.8800588668138337,0.03016924208977189,0.0706401766004415,2537.768991905813,24.306107431935246,40.84642857142857,0.041206769683590876,0.23988226637233262,0.1780721118469463,0.0026999038062910743,2.4553819669981314
성내5교 2,5783,127,13.724409448818898,1.1038439472174413,0.025817555938037865,0.14400458978772232,3922.8589328743547,28.156052782558806,39.56587301587302,0.1549053356282272,0.24784853700516352,0.14457831325301204,0.0009479442371294,2.9125542016459196
숭미파출소 사거리,4097,119,14.453781512605042,1.0430232558139534,0.022093023255813953,0.11046511627906977,2865.937058139535,24.386046511627907,37.70859375,0.2505813953488372,0.15581395348837207,0.10988372093023256,0.0007032423682471,2.974621638721076
청량리역광장,4147,92,27.380434782608695,1.0281857880111156,0.026200873362445413,0.12068281063914252,2221.4577689559355,20.603017070265977,36.871262037506334,0.11274315204446209,0.2846367606192933,0.11591901548233426,0.0009654228651801,2.874474999769001
한림연예예술고등학교,5785,75,9.106666666666667,0.9341142020497804,0.014641288433382138,0.12005856515373353,1706.4467057101024,16.94143484626647,37.27038626609442,0.16691068814055637,0.191800878477306,0.1054172767203514,0.0007299170267442,2.932321305054191
유광사여성병원,3779,1,1.0,3.0,0.0,0.0,3751.98,45.0,44.0,0.0,0.0,1.0,0.03993055555555555,-0.0
광진구청 앞,3501,181,58.34254143646409,0.9370265151515151,0.039867424242424246,0.10558712121212122,1842.2045975378792,19.719791666666666,34.56171663491427,0.19071969696969698,0.19782196969696972,0.08503787878787879,0.0004396063200662,3.0369956237823277
한양수자인아파트 앞,1828,181,25.46961325966851,0.5045553145336226,0.0438177874186551,0.10216919739696312,2275.96710845987,18.575921908893708,37.951135581555405,0.24880694143167026,0.17028199566160518,0.11800433839479392,0.000625828022747,3.001190560717928
\N,3936,181,61.13259668508287,0.9353818346136467,0.03370989606868504,0.13032083145051965,1963.0777279710792,18.512155445097154,34.219946401225116,0.11830094893809309,0.2298237686398554,0.08133755083596927,0.000518642070308,3.0066776475286554
목동역5번출구 교통정보센터 앞,770,169,113.02366863905326,1.0579550808858176,0.04434322810324067,0.10030888435160462,1627.1756059892152,15.775613842207214,36.23486125154477,0.14219150829799487,0.23464740065965134,0.11858017904821737,0.000957657024896,2.8923176578142904
대호프라자아파트,963,181,17.07182320441989,0.9944983818770227,0.03203883495145631,0.1372168284789644,2757.8650485436888,24.188025889967637,44.97006390850992,0.16084142394822004,0.16181229773462782,0.07184466019417475,0.0002545205328809,3.095100238814526
휘경공고앞,606,173,11.06936416184971,0.9660574412532638,0.02193211488250653,0.10966057441253264,4403.13846997389,31.275718015665795,34.73400673400673,0.1185378590078329,0.13211488250652742,0.1556135770234987,0.0013961960148492544,2.786228340444806
서울시청,4796,183,61.42622950819672,0.8080241971354861,0.02695489725113424,0.08646917534027222,2446.9091780090735,24.390712570056046,41.22280322837331,0.1659994662396584,0.25807312516680014,0.13931144915932747,0.0010788262133856446,2.839235628937533
수서역 7번출구 앞,2376,184,32.32608695652174,0.867182246133154,0.03227975790181574,0.10205110961667788,2149.946254203093,16.042703429724277,40.245558086560365,0.1027236045729657,0.3964357767316745,0.18745796906523202,0.0018175309329841165,2.747286503938792
종암박스파크,1319,184,49.880434782608695,1.0276748747003706,0.03312268468075834,0.13630420570930485,3917.081099368054,26.66910002179124,35.65024992649221,0.23087818696883852,0.21638701242100675,0.08433209849640444,0.0005797096994613,2.9912745247831602
양평1나들목 보행통로 입구,227,184,60.53804347826087,1.0614058712631296,0.02414938504354071,0.16832749798007002,4796.458604901698,35.60481192207559,36.6785464709993,0.15611814345991562,0.24086542777628156,0.08402908699165096,0.0006607884399358,2.9585590525871712
상원삼거리 장안철교 아래,4393,365,38.16712328767123,1.012705476993755,0.033307013136171126,0.07357691479434356,3585.1951898643324,26.16222812432704,37.091020308294596,0.12310674036321873,0.3039982772234585,0.19912425525805758,0.0018245274595605008,2.767716452833065
왕십리교회옆,3514,365,76.53698630136986,1.0115621420389462,0.033218785796105384,0.12020332187857961,2100.8933619702193,18.350622852233677,37.236086102471766,0.1684564719358534,0.2073668384879725,0.08415664375715923,0.0003910900059652,3.056253287808388
성산2교 사거리,153,365,61.02465753424657,0.9945227619646224,0.035287779473825984,0.11062225015713388,2462.626776959686,22.561192421657537,35.75523499302001,0.20068240998473555,0.20364550597108735,0.09437011762593157,0.0006180466706388,2.975380375712566
"419탑 앞",1551,364,20.689560439560438,0.6455981941309256,0.03213384676669765,0.13716637896693668,2254.227959102377,18.55995219758332,40.651897799438785,0.18350816624618244,0.16531669101048999,0.09374585048466338,0.0004458944387317,3.0285685575744723
구로디지털단지역 앞,1911,365,173.6164383561644,1.0213981379201515,0.038109515543632635,0.10099416127505129,3131.222492977747,23.542291305033928,37.96644283055363,0.19981063594760928,0.2635158592393877,0.13629477670822154,0.0009696167306315,2.934067727504459
돈암초교 입구,1303,365,20.56986301369863,0.9856153436334576,0.03529568460309004,0.12400106553010122,1966.521567661162,16.392781033564198,34.139710610932475,0.2974160895045285,0.16435801811401174,0.17368140649973363,0.001196982359683364,2.8870254546884757
삼성타운(삼성생명) A동 맞은편,2231,365,44.88219178082192,1.0670858259064828,0.032718837748748626,0.07734098400683677,2619.7622359907227,25.975094616041996,39.34551065814971,0.07685264314491515,0.31552923940910754,0.18245635453546574,0.001801274844253991,2.7638633097555836
서초역1번출구 앞,2502,362,15.146408839779005,0.8685026445376619,0.031004924311508298,0.10851723509027904,2669.8021466350547,24.50337406529272,40.06010122311261,0.16925041035929234,0.2153930330111253,0.11252963706000364,0.0007971155428322,2.9290440761467744
당산역11번출구,5862,365,133.04109589041096,1.0174011532125207,0.036738056013179574,0.10827841845140034,1477.7714130972004,15.355724876441515,35.649491714245926,0.19985584843492585,0.26964579901153213,0.12318780889621088,0.0009507367817339,2.900101602713733
(재)FITI시험연구원,2724,365,55.846575342465755,0.8395800627943485,0.038559654631083205,0.05749607535321821,1428.696645408164,11.252649136577707,34.80700963543134,0.3934458398744113,0.20516091051805338,0.19868524332810047,0.0021601099874259673,2.6580437480489465
노원정보도서관,1691,365,48.821917808219176,0.9991582491582491,0.0351290684624018,0.13125701459034791,1981.6661548821533,19.50611672278339,37.9059213461661,0.10768799102132436,0.18742985409652077,0.08439955106621773,0.0006283120518063,2.9720037274146436
명지대학교 도서관,176,365,51.97260273972603,1.0182920400632578,0.03595150237216658,0.11059567738534529,3430.8785561412774,26.4991565629942,31.906515932666625,0.18534528202424883,0.15867158671586717,0.06889826041117554,0.0003862339394348,3.0451445973892324
가좌역 4번출구 앞,179,365,50.846575342465755,1.0139554932916643,0.036047200819009646,0.09461716687321516,1946.1605108033839,15.81884799827577,39.6600074682599,0.2901018373834797,0.2130502721051781,0.15604289024193113,0.001310890342644112,2.814290889501292
문정근린공원2,4478,365,29.09315068493151,1.0008475374329033,0.04049345512760147,0.11102740371033054,1681.0863047367925,15.902344853564365,37.37128016448436,0.23231942744137865,0.16395140785384688,0.11281664940201526,0.0006663094956211,2.9773229135500974
상월곡역 3번출구,1327,365,30.523287671232875,1.0186697782963827,0.0351853514047213,0.11130060138228166,2755.8554645004942,23.93070639978458,38.168432203389834,0.19235257158244323,0.20815007629476706,0.09900368010052958,0.000593377098412,3.0011159880902585
잠실4동 주민센터 옆,1226,365,69.05753424657534,1.0228517019757202,0.03681663096088233,0.11886058874871062,1791.2063742759642,17.612711259223996,38.478368645058694,0.2426406411171943,0.19959533444417996,0.11572641434579069,0.0008255468355021,2.908376231488242
효성인텔리안 앞,1535,365,57.30958904109589,1.0132421837651784,0.035424036714791086,0.12338655703222105,2281.4115976670787,22.547518883258437,37.49886852229011,0.10455110431207572,0.20881537431876854,0.07940529687350607,0.0004000584376155,3.051232041094108
내방역 8번출구 앞,2271,365,21.873972602739727,1.0769038076152304,0.030811623246492986,0.125,3338.800509769537,39.576027054108216,43.93891273247496,0.1343937875751503,0.23346693386773548,0.10245490981963928,0.0006615742060831,2.96825644159168
강남구 도시관리공단,2388,361,16.29639889196676,0.44212136664966856,0.0407955124936257,0.09858915519292878,2549.4769505354398,21.105048444671088,39.75546875,0.2893081761006289,0.21927587965323816,0.19003909569947305,0.0015713959764754508,2.8296527669653044
도림천역 1번 출구 앞,1904,365,64.3890410958904,0.9831078206110119,0.036847927835928856,0.1115224236235214,2447.482587864863,19.373968172921455,35.843981504499574,0.2412986128840099,0.1713471193940941,0.12394689813632882,0.0008156944480925,2.9082019694351118
망원역 2번출구 앞,103,365,71.6986301369863,1.1202139854795568,0.029499426824608332,0.14363775315246466,3014.100136415744,30.53591899121131,34.90992889122992,0.08486816965991592,0.24631257164692397,0.0954145968666412,0.0006072510029129,2.985296934769738
한사랑교회 앞,758,365,38.679452054794524,1.0,0.03654908627284318,0.12112197195070123,1854.2124734381634,17.189828587618642,36.921369794697036,0.23941068139963168,0.17438730698399207,0.10865561694290976,0.0006770290304315,2.945927808522676
흑석롯데캐슬에듀포레(107동),2083,364,13.837912087912088,0.9148302561048243,0.03295612467738734,0.1216994242604725,2959.1562656343067,21.734961286480047,45.15214016411621,0.2501488981536629,0.14850109191979352,0.12567004169148302,0.0005715540763685,3.0338876516917592
휘경sk뷰아파트 앞,4103,361,9.07202216066482,0.9761832061068703,0.03603053435114504,0.1233587786259542,3077.500479389313,26.844274809160304,33.680943738656985,0.14717557251908397,0.23328244274809162,0.08946564885496183,0.0006439483259846,2.9617965459876188
현대아파트 정문 앞,2339,364,17.89010989010989,0.960534398034398,0.04407248157248157,0.1273034398034398,2839.158782248157,22.058046683046683,41.530812324929975,0.2868550368550368,0.20807739557739557,0.12254299754299754,0.0009277540589925,2.9171432815882588
청기와빌딩,4518,364,22.046703296703296,1.0801246105919002,0.03700934579439252,0.12299065420560748,2142.6965856697816,17.650467289719625,36.02587360594796,0.18417445482866043,0.19489096573208722,0.0918380062305296,0.0004372988260337,3.0491417588695544
\N,4547,181,89.07734806629834,1.2250821807355952,0.03851640513552068,0.12429448613781555,1885.4528605098312,18.499286733238232,35.150896151818664,0.12069714073063326,0.25293059604292,0.10078769459777957,0.0005956004071207,2.996428338270329
성북구 한예종 캠퍼스 별관,4420,360,16.913888888888888,1.1399244539333224,0.031203810149449826,0.08080144522910165,1677.7856051896865,22.01412382985712,31.074584592145015,0.09311873870914765,0.1785186401707998,0.11660371161110199,0.0008758930069615,2.9223517591246253
홍연2교옆,175,365,28.197260273972603,0.9984453944811504,0.03167508744656043,0.12572872133696075,3446.033424018656,24.371745044694908,38.26853084775854,0.22532063738826272,0.1913136416634279,0.11280606296152351,0.0006921913884072,2.964732195844015
신논현타워 앞,2542,365,35.07397260273972,0.9489142321512264,0.03140134354007186,0.1289642243399469,2493.5152319949984,22.93875956881737,37.49049499494903,0.13927511326355257,0.24589907826902047,0.09725042962037182,0.0006602306311421,2.9805565360491113
LG트윈타워 앞,5870,365,103.77534246575343,0.9712762025450129,0.022334864565182955,0.0926923280004224,4618.609425260044,35.712735624901,37.9214970190717,0.10565499762395059,0.168752310048049,0.22601510111410317,0.002255242947650914,2.6690182799020223
개봉푸르지오아파트 상가,1933,365,51.75890410958904,1.1292610628837603,0.03742324793563413,0.11798644929070506,2288.265492801188,18.660702943044676,34.31626392888444,0.26471522337497355,0.17859411391065003,0.1241266144399746,0.0007801354065503,2.9760770281131124
롯데중앙연구소,1188,355,11.588732394366197,1.0850753524550316,0.03913466212931454,0.05930967428293631,1933.3109309674287,17.926105979581916,38.63854109961894,0.11035488575595526,0.33787068546426835,0.22216820612542537,0.002392368446579774,2.6475243778818
마곡엠밸리6_7단지 마곡중학교,1111,365,77.24931506849315,0.9118669314796425,0.04117605334089942,0.13406156901688182,1356.3036090225548,14.2690807206696,35.08851475245874,0.17857142857142858,0.19602071215775288,0.0824939707759966,0.0005732662993903,2.979185586543626
신방화역 8번출구,3754,365,47.76986301369863,0.98491626519844,0.0413512273457215,0.12066987841247993,1512.0322126634549,15.185134205092911,35.92407505988821,0.20119293415921083,0.20962376691901813,0.09182151869694884,0.0004967716475006,3.0219732323977624
보문역6번출구 앞,1362,133,30.210526315789473,1.0788949726231956,0.040567446490791435,0.11622697859631657,2134.627508710802,18.956943753111002,36.91787694745181,0.17172722747635638,0.20507715281234445,0.10054753608760578,0.0005793982489174,2.9882841658454784
해담는다리,133,365,51.93424657534246,1.1208588309769993,0.03249630723781388,0.1330976999366955,3364.3352395020024,27.684849124287826,37.375684223330495,0.17788562987972145,0.21739818527115426,0.07543785608778224,0.0005129936410926,3.004160061823315
강동세무서,1010,365,99.9068493150685,1.008830143147041,0.0340042779575495,0.11273515055119837,1896.3902229474031,18.89480612077003,36.61077251986343,0.14545055668293752,0.22286513464597157,0.1046728459386826,0.000536722914025,3.014531855405342
을지로4가역 1번출구,389,365,31.838356164383562,1.006453833577145,0.030031838912313914,0.09981929265983995,2250.0446975303325,23.283194217365114,40.80910411622276,0.2108252301867309,0.20480165218139576,0.11599690215988297,0.0010642170214871717,2.8746785716451253
연희IC 남측,4269,365,24.904109589041095,0.9932893289328932,0.03454345434543454,0.12871287128712872,2516.3297854785483,23.603520352035204,35.85588501877509,0.13036303630363036,0.18382838283828382,0.08151815181518152,0.0003507737783313,3.065896703214226
독산동 현대홈타운 금천과선교 앞,3968,182,16.247252747252748,0.9482583699695637,0.052756171795738924,0.11937774771728103,1783.7336455867433,14.325667906662158,38.238623751387344,0.28407169428474804,0.1474467365573216,0.12411227595536016,0.0008053945423679,2.9597015907325277
극동스포츠 앞,4907,361,18.002770083102494,0.7968918295122327,0.024773042006462534,0.1266348669026004,3981.0287798122786,33.15910140021542,37.17009943181818,0.15848592091090938,0.24803815971687954,0.10032312663486691,0.0008021875952767,2.924187225572404
신길선원가와인아파트 앞,242,365,32.895890410958906,0.5118680769551095,0.042641792287832096,0.12959107187473973,1756.104925460149,15.6127259098859,35.13651379712398,0.2012992421087699,0.18997251603231446,0.08203547930373949,0.0003540679802815,3.0783492353673765
마곡수명산파크 209동 건너편,1192,365,89.47123287671234,0.7911320696940931,0.0434822549529963,0.11440120035520715,1037.4428802400685,10.156842330893836,33.65478725260917,0.3335885108858744,0.13415194292188504,0.16183360382153902,0.001245980994114487,2.8496075911266603
송파구청,2608,365,191.33150684931508,1.030886648719858,0.030056131508104704,0.12559424938427172,2234.1240973137087,20.70288962712641,36.9286226147821,0.11408156251789908,0.2839366515837104,0.13591843748210092,0.00122883767710279,2.803524209210944
석촌호수 아뜰리에,2601,361,73.45429362880887,1.002488969340423,0.03141381000867368,0.12742768789832937,1760.0306056492047,17.580759512765397,35.98370493670332,0.1778481728702342,0.22404495229475432,0.10219858958404043,0.0005766113671188,2.991075687205468
남성역3번출구 뒤,2060,365,41.652054794520545,1.153522331118858,0.040189436295468,0.12793527593238177,2442.539649411302,22.081431296454646,36.80372765310004,0.28158916003420376,0.15220680128921923,0.12661974610274288,0.0007896488711046,2.9577835005634947
동산어린이공원 앞,4411,365,33.25479452054795,1.007826660075795,0.04267589388696655,0.09268413247652002,1923.107763222937,16.830037897511946,36.82498582498582,0.26239907727797,0.2157686604053386,0.11649365628604383,0.0009931903478084,2.870551642738411
청계벽산아파트 앞,530,365,48.50410958904109,1.0865906009941255,0.037844554902846814,0.10523045639403525,2623.175023723453,21.327948486217803,40.22905246671887,0.28027564392227744,0.166516041572526,0.1391211025756891,0.0008304149685894,2.9522505670050676
성내어울터,1029,365,93.37260273972603,0.9896716645638333,0.03746955781813914,0.13881634928552566,1759.1270957425008,17.84674745459347,34.68660383709189,0.08209852997271207,0.2617587512103518,0.09908746809072504,0.0006575320409871,2.9823849556961672
탑골공원 앞,328,315,19.593650793650795,0.9627349319507453,0.02948801036941024,0.13642255346727156,2155.9798152948806,22.74546338302009,38.68425105891413,0.0685353208036293,0.2360661049902787,0.11114711600777706,0.0006717243746057,2.9759751882269967
CJ 드림시티,907,365,100.96986301369863,1.2132740001085365,0.027785315026862756,0.12929397080371194,3362.826717859664,25.736148043631626,37.07015217528572,0.11382753568133716,0.23896998968904326,0.08473978401259022,0.0005881021887877,2.988261231386328
신월6차보람아파트 앞,777,365,33.67123287671233,1.0341741253051262,0.0419039869812856,0.1307567127746135,2552.311532139952,22.489910496338485,38.48916495423127,0.2806346623270952,0.15874694873881204,0.11472742066720912,0.0006784061281146,3.008892208147993
개봉역 1번 출구 자전거보관서쪽,1936,365,23.632876712328766,1.1904706700672385,0.04127057732436819,0.107465801066543,2934.047238581036,21.870275910039414,42.42506702412869,0.21725017389288198,0.25237653605379085,0.12404358914908416,0.0009626645758426,2.880067390491419
풍납현대아파트쉼터,1208,365,77.9945205479452,0.9964170296473233,0.041625684979626244,0.1149711957285373,1700.0658792328213,17.624350147534074,38.595396850899746,0.21915835323872418,0.20679359280595755,0.11577912041590557,0.0006808648887744,2.9697743378777286
목동5단지아파트 501동,768,365,65.4986301369863,0.9968628435186347,0.0377713640356381,0.14539674572301,1855.4108282093127,17.644832057556364,36.08368028784374,0.09206508553980006,0.2120299493872088,0.10089095244070774,0.0007834109901272,2.941132814319959
마곡중학교 후문,1165,365,49.18904109589041,0.7078088448256656,0.04762169989974379,0.12559875236716053,1230.9843583602533,13.290575916230367,35.6704628219559,0.2248524005792581,0.15367049125543053,0.09708143032193384,0.000587997084441,2.9811367932581554
위례동주민센터 맞은편 근린공원,2606,181,53.77900552486188,0.8734333264844873,0.03318265872200534,0.11670433531949867,2251.9860355455107,23.130675981097184,38.97713004484305,0.2019724676392028,0.20947195397575508,0.10324635298952127,0.0007904069886495,2.9059340958385014
문래현대2차,3205,365,64.4986301369863,1.002293772831535,0.032834933310678785,0.1287486194885736,2986.717661201256,23.033302183331916,37.01564235021484,0.27457310338968655,0.17475150794325034,0.1080621867300994,0.0007966082688081,2.904530111402698
일원1동주민센터앞 사거리,3640,365,37.23835616438356,1.0839464390818128,0.03281341965862272,0.09027369040612125,2723.689799882283,23.26228663919953,41.520312634200806,0.18474102413184226,0.16693643319599766,0.15361977633902296,0.0011250470937868525,2.8920722732147057
중계주공2단지 앞,5313,365,25.506849315068493,0.9964554242749731,0.04242749731471536,0.142749731471536,1724.556237379161,16.764017185821697,35.63035119200205,0.18152524167561762,0.1524167561761547,0.09688506981740065,0.0005015222541803,3.021710758706528
호반써밋,5753,365,21.16986301369863,0.9717872395496312,0.03571890772615504,0.1298045813381649,2033.4619619515984,18.967516500582374,41.13840830449827,0.20732496441050863,0.22052543030930505,0.09641516759415038,0.0006215616709281,2.9752821911860425
논현역 10번출구,2303,365,32.04383561643836,0.7551299589603283,0.031549247606019154,0.11200410396716826,2332.355117989056,21.04360465116279,36.34146833400565,0.17458960328317374,0.2048563611491108,0.10978112175102599,0.0006294954556574,3.0016125159683322
상계주공2단지 219동,1697,365,51.42739726027397,0.9904640136380587,0.04309839646262852,0.12897554738692665,1614.7459863619438,15.878269671301476,35.84545728946574,0.24692344574077035,0.1589686218102392,0.14591657343774972,0.0008562028242455,2.955331498628594
동아에코빌입구,256,365,36.295890410958904,0.9674667874396136,0.043402777777777776,0.12537741545893719,1692.9959359903362,15.82963466183575,36.409877207134535,0.22041062801932365,0.16817632850241546,0.08725845410628019,0.0004376913970425,3.0431757703255733
희성오피앙,1639,365,26.09315068493151,0.9518059638807224,0.034019319613607726,0.12988240235195297,2665.969188366235,20.959260814783704,39.151252169600795,0.16957160856782866,0.21913061738765224,0.09890802183956321,0.0005281716166741,3.028208862606128
금호사거리,534,357,8.126050420168067,1.0130989314029646,0.03067907618062737,0.1468459152016546,3996.620637711134,28.746294381247846,39.5448275862069,0.21820062047569802,0.15856601172009652,0.09789727680110306,0.0003710907662463,3.079620926142214
우장산역 1번출구옆(우장산아이파크105동앞),1126,350,62.86571428571428,0.7079489160569014,0.02976866790892151,0.12716447757124028,1930.9781966095525,19.09653229105122,38.03317230273752,0.10294050811253011,0.2151524792073808,0.09189655956005999,0.0005439301541078,3.016370025300186
디폴리스 지식산업센터,3985,360,27.29722222222222,1.041925307825379,0.030629897221939553,0.050473186119873815,4374.916621552865,27.135544927241273,37.56543359611886,0.07652386282690546,0.4478477663579933,0.32054543604355346,0.004711589169721996,2.374618055777961
국제루터교회 앞,4611,306,5.833333333333333,0.8801120448179272,0.024089635854341738,0.13837535014005603,3853.3146050420164,34.48627450980392,37.222146274777856,0.09019607843137255,0.2453781512605042,0.09971988795518208,0.0007600899837059,2.9637738055401113
래미안 루센티아 아파트 108동 앞,4255,365,32.01917808219178,0.7470693933430307,0.041755797039445534,0.12809104132797125,2596.4357842046734,24.620347394540943,38.499453768993945,0.18927012920338837,0.17669205099683408,0.0820569863951399,0.0003648364491272,3.052889737992318
두산위브아파트,4573,365,25.493150684931507,0.907469102632993,0.04975819451907577,0.13025255239118752,1727.1591853842024,15.99645351961311,35.233203631647214,0.3606663084363245,0.1598065556152606,0.17334766254701772,0.0014446485316325633,2.836662928492136
가양레포츠센터 앞,1121,365,50.895890410958906,1.0412337837110406,0.029983312698498143,0.12741562146740593,3095.2157302040173,25.02702266243204,38.34835230677052,0.11374280023685203,0.24551865209667867,0.10502233945201055,0.0008965460374436,2.8881388975843523
역촌종합시장 버스정류장(예일여고 방면),933,365,50.79178082191781,1.1374399913695452,0.035762446733912295,0.12907923836237123,2557.909768056531,22.79713037380657,36.61723555662767,0.16969631587464265,0.20556664329251848,0.08144991639246993,0.0004659299808775,3.022286021792744
창동시장입구 사거리,1754,364,23.296703296703296,0.9202830188679245,0.03054245283018868,0.1252358490566038,2424.9272193396223,22.129481132075473,37.737683265090475,0.10577830188679245,0.2242924528301887,0.08490566037735849,0.0004636726939203,3.0303344823110114
서울특별시 남부교육지원청,3221,365,32.156164383561645,1.0126096958336883,0.03493226548521769,0.10343358609525433,1579.9461898270429,18.252193916673768,37.18796032603358,0.1716793047627162,0.2709380591292494,0.12515975121410922,0.0010023352996161594,2.8679941119350842
종묘공영주차장 건너편,397,356,11.508426966292134,0.9565535757871614,0.028313400048816207,0.14522821576763487,2447.658018061997,23.72174762020991,41.63247863247863,0.061752501830607764,0.21405906761044666,0.09787649499633878,0.0008097731347439,2.941575539611694
신내역 4번출구,1421,365,16.378082191780823,0.926564068250251,0.03864168618266979,0.10772833723653395,2077.5993057878886,16.52408832385413,38.40072347266881,0.19621947139511545,0.2303445968551355,0.10488457678153229,0.0008096439031016,2.923600620939767
독산3동주민센터 앞,1870,364,21.25,0.44692954104718813,0.03658694246929541,0.09541047188106011,2102.225890109889,18.228571428571428,37.083797155225724,0.275759534583064,0.1742727860374919,0.12747252747252746,0.000789898248428,2.958688315086177
강북구청사거리,1552,365,40.31780821917808,0.9999320467518348,0.02752106550693123,0.12979070399565099,2247.161401195975,19.890119597716772,37.48618915710328,0.05354715955422669,0.28771405273172057,0.10458004892633868,0.0009175338027339,2.908331441114993
본마을 노인복지센터 앞,2516,344,6.508720930232558,1.2434122376060741,0.026351049575703438,0.15096025011165698,3372.949392585975,28.54488610987048,45.37956204379562,0.11165698972755694,0.17105850826261723,0.15006699419383654,0.0011658818123923647,2.836712412279368
염천교사거리,441,356,27.396067415730336,1.0063570183533272,0.0349636009432995,0.053316928124679586,1964.1181769711886,20.12621757407977,40.50150847064284,0.1328821900953553,0.23890085102019892,0.178099046447247,0.0019839061110218732,2.6948820153632926
청계9가교차로 앞,4122,343,71.8862973760933,1.0682159224560976,0.036054670073407145,0.11080017844831082,2585.386657338686,21.221073123251003,35.97302923760178,0.26961917508212674,0.19499533601005797,0.1183436752240743,0.0007793777928059,2.9530136723823834
이좋은집오피스텔 앞,3918,365,19.572602739726026,1.3633818589025757,0.03723404255319149,0.1322788353863382,2605.217495800671,22.565089585666293,34.96556962025316,0.16041433370660696,0.16993281075027997,0.06998880179171332,0.000185439410197,3.123660749400866
번3동 주민센터 교차로,1532,365,24.21917808219178,1.114819004524887,0.03800904977375565,0.12251131221719457,3299.4690226244343,25.472285067873305,41.83904194589228,0.20588235294117646,0.19276018099547512,0.09524886877828054,0.0005700797258223,3.010313509528613
금호 어울림 아파트 앞,506,365,25.23013698630137,1.0325768270170486,0.03540015202519275,0.09197524161146704,2789.440755782387,22.138994461939408,37.053272637795274,0.08231078292974264,0.3625800846997503,0.2618090997936801,0.0026855703601258614,2.677334489160381
유한양행앞,2007,92,17.434782608695652,1.096633416458853,0.04800498753117207,0.10972568578553615,1851.1084351620952,15.987531172069826,39.15707821590175,0.19825436408977554,0.17206982543640897,0.11097256857855362,0.0008236327648598,2.9209635951832436
중곡역 1번출구,3502,365,35.961643835616435,0.9382904159683072,0.03222611610543959,0.10566813957031845,2621.8066684443093,25.759256437604755,39.12423178226514,0.15518817613896083,0.21430748133475547,0.09690690233125095,0.0006421887804055,2.9659201747780193
삼양시장오거리,1504,360,7.919444444444444,0.9119607155384076,0.03682918274289723,0.12311469659768502,2278.8602174675552,23.494212556997546,40.67095736122285,0.11224131883549632,0.22237811294282706,0.08839003858295336,0.0004140725519159,3.059594078761244
원효로다목적체육관 앞,4604,361,15.18836565096953,1.1004924311508297,0.027722049972642715,0.0897318985956593,2611.2390260806133,21.154112712018968,38.38181047275811,0.1413459784789349,0.2648185300018238,0.1904067116542039,0.0017144081695082954,2.797347274223655
국회제2의원회관,4580,340,20.602941176470587,1.0008565310492505,0.03954318344039971,0.021127765881513206,2690.48479371877,21.382869379014988,40.2338898163606,0.10992148465381871,0.3306209850107066,0.26652391149179155,0.0038831230004128443,2.378466368835284
등촌역 5번 출구 뒤,742,365,26.76986301369863,1.002149217070924,0.03141950670351039,0.13212567802681405,2009.1047794493916,18.612219834203255,36.78053302433372,0.14901238358407534,0.19465766042370278,0.08463821512639444,0.0004388049116883,3.0355564280105525
노해근린공원내,1664,365,26.0,0.954373024236038,0.0303477344573235,0.12939936775553215,1860.0393940990518,17.779452054794522,34.97411338338079,0.19789251844046368,0.17797681770284507,0.08977871443624869,0.0007009290801982,2.9410453623825967
화랑대역 3번출구,5334,355,8.566197183098591,0.996382768826044,0.035843472541927,0.09930943768497205,1875.6173923051622,23.16474843801381,36.6934393638171,0.15554094048010522,0.24334100624794475,0.10555738243998684,0.0007421813746843,2.9224159320423997
방일초교 마을버스 정류장,2221,365,31.53150684931507,1.0827178729689808,0.03692762186115214,0.12772612737857328,3108.4732270397067,30.308714918759232,37.52536943267542,0.1408462942045356,0.2231297245633852,0.10417933790946216,0.0007057084520625,2.9482900915060655
상일파출소 옆,3699,365,35.96986301369863,1.0492802193617183,0.03183791606367583,0.1134892223322416,2116.290965800899,22.96953309467591,42.90270070292268,0.1843247772107548,0.2331479929926118,0.09452357376799451,0.000541020439383,3.012305836377405
풍납토성 서성벽터B,1289,363,20.600550964187327,1.036908264241776,0.03423375234019791,0.09962556833377909,2398.844756619416,20.280556298475528,36.57581111468037,0.1821342604974592,0.1882856378710885,0.15151109922439154,0.0012641922601305733,2.806508083808883
금호스포츠센터앞,3525,363,17.78787878787879,1.1729905528883382,0.02617314542357132,0.15471581229673223,5299.330452222393,38.25398792008673,40.34786574242977,0.14960507975840173,0.20210624128852409,0.07666098807495741,0.0004018764288305,3.039771767746831
광화문역 6번출구 옆 B,309,333,20.723723723723722,0.6910592667729315,0.026952615562961888,0.05767280104332705,2423.1196420808583,22.181278075641213,41.48274185707341,0.09274018258223446,0.3144471815678887,0.21446167222141718,0.0020459902307508426,2.7247457588733774
성동교 사거리,4370,364,24.065934065934066,0.8791095890410959,0.023858447488584476,0.08789954337899543,3763.0213607305936,27.709817351598172,35.94407981097401,0.06621004566210045,0.332648401826484,0.22385844748858447,0.002126103544199106,2.7305027977014626
KT 서초지사 앞,2235,358,8.452513966480447,0.577990746860542,0.026107072042300065,0.08724388631857237,2550.677432253801,22.814606741573034,37.713104588673005,0.11335095836087243,0.2799074686054197,0.14937210839391937,0.0012788111889316847,2.81402978078619
둔촌 주공 GS 맞은편,1018,365,69.63013698630137,1.0209325201652568,0.031084005508557937,0.12834939996065317,2141.008429667519,20.078260869565216,36.77346048012145,0.2083021837497541,0.17222112925437733,0.08990753492032265,0.0005161651465555,3.0139636260618805
성균관대입구 사거리 A,358,365,20.77260273972603,0.9879978897388552,0.02835663413347402,0.138353996307043,1932.2460815088389,17.68227380638354,32.212125910993954,0.06858348720654181,0.21907148509628066,0.08572935900817726,0.0005837448032156,2.988346648570926
"3호선 매봉역 3번출구앞",2335,365,59.19178082191781,1.1112705392270308,0.03610275399213145,0.09858828974774357,1894.1341046054154,17.621569081231197,40.63483418711243,0.23096505438555892,0.2641518167090951,0.13071048368433233,0.0010832300814876304,2.84772075783581
전농동 동아아파트 앞,624,365,48.71780821917808,1.0597795523563154,0.04099651332808458,0.11640985265999325,1676.6919514115416,16.947981104487685,38.63321926179418,0.3265099538859521,0.14199752558767292,0.152345068046339,0.0011608785440662317,2.8695879270077964
신동아럭스빌아파트 앞,2226,336,9.386904761904763,0.2089410272669626,0.025047558655675334,0.09289790741915029,1946.579029803424,13.463221306277742,36.899075785582255,0.10716550412175016,0.28471781864299306,0.1829422954977806,0.002082738696556632,2.6886806296417007
서울도시가스 앞,2703,365,29.936986301369863,0.7317653518806626,0.032396815228333486,0.11769012537750526,2441.257723986455,21.182849821542966,37.52733053020203,0.13992861718678504,0.27583051157682803,0.1262011531069827,0.0007005968176802,2.974232959928769
돈의문 박물관 마을,4715,360,18.04722222222222,0.8816376789287363,0.027859011851623827,0.07911343697090965,2233.5816161305224,20.42234877635832,41.6327035140385,0.2128674772972141,0.2205633369247345,0.13406187471140527,0.001107654323004272,2.855447072213133
MCM 본사 직영점 앞,2305,352,9.409090909090908,1.0727657004830917,0.03804347826086957,0.06521739130434782,3608.0164462560383,25.614734299516908,38.724233023095486,0.03804347826086957,0.4242149758454106,0.2940821256038647,0.0037227081826102515,2.499436633241519
어린이도서관,349,363,20.71625344352617,0.9792553191489362,0.026196808510638298,0.13138297872340426,2205.1503324468076,22.346143617021276,38.60117346171205,0.14534574468085107,0.20571808510638298,0.09042553191489362,0.0007764573234181,2.90650446555964
매헌역 2번출구앞광역버스 정류장앞(22-297),4303,363,29.03305785123967,1.022772559066325,0.03615143751779106,0.08710503842869342,2018.4959218142135,19.39462947148686,38.07774049217002,0.23617041465034633,0.22886421861656703,0.13986146693234652,0.0010479808232975397,2.8741135445686425
중랑구민회관,1463,362,9.7707182320442,1.052021487135991,0.04975968334746961,0.11874469889737066,3672.504891150693,28.96437659033079,35.53372739916551,0.156347186881538,0.14984450098953916,0.08142493638676845,0.0005038874319641,3.0220341659320136
세곡데이케어센터,3637,363,7.573002754820936,0.8963259367042561,0.04692615496544198,0.11713350309203346,2473.6609421607855,19.085485631138596,38.0497906002792,0.2571844307020735,0.15351036740632956,0.15751182248090215,0.0011542274857299724,2.8912142105599856
신촌기차역입구 교차로,137,359,12.593314763231199,0.6611369166113692,0.030303030303030304,0.14974563149745632,2661.6789382879883,29.642999336429995,36.036470288191786,0.0679053306790533,0.2552532625525326,0.10550763105507631,0.0006324896250832,2.9900684068631223
이마트 버스정류장(서부경찰서 방면),913,365,54.24109589041096,0.9933326598646328,0.03000303060915244,0.15496514799474695,1912.816851197093,18.09399939387817,40.83914056727107,0.07228002828568542,0.2684109506010708,0.09804020608142236,0.0010798075693700115,2.8035478031681373
래미안장위포레카운티(102동),1395,365,28.70958904109589,0.9805324935585457,0.02977383338104781,0.12539364443172057,2739.4325699017086,23.680885580685178,36.93676916414032,0.2528867258326176,0.17702070808283232,0.10630785380284379,0.0006799459472251,2.9631152846797413
염창동 새마을금고 건너편,1171,365,29.80821917808219,1.050919117647059,0.033455882352941176,0.11976102941176471,1927.8925772058822,18.094485294117646,38.04490051046984,0.2250919117647059,0.1583639705882353,0.10487132352941177,0.0005195983159272,3.0135625200220755
대모산입구역 7번 출구 앞,3624,358,8.025139664804469,0.8816568047337278,0.03376261747302471,0.1371388792203272,2846.0086007657496,23.424643230073094,39.371554135037954,0.3003828750435085,0.19317786286112076,0.11103376261747303,0.0009212104548591,2.8829972803856534
온수역 2번 출구 앞,3930,365,19.208219178082192,1.0138354015119098,0.03608615033518756,0.09798887462558836,1620.7699828840398,13.22293538724861,35.68698347107438,0.12494651262302096,0.3080872913992298,0.1419198402510341,0.001121557899658776,2.844830886135757
성북제일새마을금고 본점 앞,1348,364,14.434065934065934,1.0647125999238676,0.023410734678340313,0.1229539398553483,2265.748486867148,19.504377617053674,40.59247027741083,0.17834031214312904,0.21850019033117624,0.08679101636848116,0.0004110164337684,3.058659385896545
포레나 당산,5866,365,100.93150684931507,0.9794788273615636,0.034147665580890336,0.1248099891422367,1654.8918800217136,20.249158523344192,35.377089201877936,0.09318675352877306,0.28219326818675355,0.11153637350705754,0.0008329227410017,2.9280238694716405
상계동 우방유쉘아파트 앞,1651,364,31.912087912087912,1.0135158402203857,0.032283057851239666,0.1315426997245179,1747.845459710742,17.828512396694215,35.027812630698456,0.16107093663911845,0.190599173553719,0.07274449035812672,0.0003850251197171,3.0448594289306308
고덕역 5번출구,1072,365,54.78904109589041,0.8684868486848685,0.029352935293529354,0.1426142614261426,1839.0381768176821,19.12761276127613,35.059641309581124,0.09015901590159016,0.24582458245824584,0.10026002600260026,0.0008932605702648,2.8880774927373962
세종대학교(학술정보원),3543,358,21.053072625698324,1.0041130423245324,0.028658617487063817,0.06886028923975056,1777.5840997744453,20.93233381982221,27.583860488972473,0.04219185352262173,0.20777497678121268,0.11397107602494361,0.0010723041741538214,2.848832702779953
종암사거리 분수대,1319,181,30.917127071823206,1.0209077912794853,0.032165832737669764,0.12348105789849893,3646.6573766976403,26.733380986418872,36.31828485077446,0.19299499642601858,0.23034310221586848,0.0864903502501787,0.0005857074578555,2.9882964473637887
대학동주민센터,2191,365,23.72876712328767,1.0114305507447177,0.030481468652580532,0.1310472231843898,3715.5691825424306,27.15829580879806,38.335808580858085,0.19951506754416348,0.17180464149636301,0.0914444059577416,0.0003642531492452,3.0674326158470318
한강진역 2번 출구 앞,802,331,12.054380664652568,0.462406015037594,0.035338345864661655,0.12882205513784462,2414.941491228071,20.6922305764411,35.35091743119266,0.16190476190476188,0.18395989974937343,0.09323308270676692,0.0004847606170816,3.0374421203699247
강북구청 뒷편,1513,352,9.056818181818182,1.019447929736512,0.039209535759096616,0.11417816813048934,2288.4705865746546,24.50878293601004,37.191279887482416,0.08061480552070263,0.2189460476787955,0.13801756587202008,0.0006409526453323,3.005367934555309
세곡동 사거리(대왕초등학교 정류장),2425,357,6.126050420168068,1.1966163694558756,0.04069501600365798,0.11705532693187014,3063.5870004572475,26.202103337905807,38.32372970141435,0.13397347965249198,0.16415180612711477,0.11385459533607682,0.0007876786799859,2.9569274824734353
아시아지하보도 2번 출구,1224,365,51.64383561643836,0.9910875331564987,0.03013262599469496,0.12344827586206897,2559.577391511936,28.38785145888594,38.88395124428644,0.16376657824933688,0.2389920424403183,0.09379310344827586,0.0006526411257066,2.96514023703139
중계동 노원구민체육센터 옆(중1-2),1620,181,25.281767955801104,0.9965034965034965,0.04589160839160839,0.14816433566433568,1850.93399694056,16.732736013986013,36.23426164287386,0.1341783216783217,0.1763548951048951,0.07342657342657342,0.0003472126710217,3.055405110140819
가락중학교 앞,4462,364,19.914835164835164,0.9319906193957788,0.04124706856118085,0.13946751276038075,1824.0041095323497,17.144847565181404,37.68809408732076,0.14057111325700095,0.19147468616360877,0.06883708097668643,0.0002711750461682,3.0894866116324455
한내근린공원 북측,1640,365,36.989041095890414,1.0853270128138657,0.027331308791941337,0.1467298718613436,4070.437937930522,30.49574105621806,37.87768351800554,0.14532256869861493,0.20339234130805123,0.07177246129916302,0.000445543949511,3.02109872780077
방배래미안 정문 앞,2223,355,8.991549295774648,1.0391604010025062,0.03195488721804511,0.125,2313.8293421052626,21.00344611528822,34.973409989220265,0.10369674185463659,0.22525062656641603,0.08928571428571429,0.000616678169421,2.9623826268014923
래미안그레이튼102동앞,2350,352,8.0625,0.9112050739957717,0.03382663847780127,0.09126145172656801,2258.1614305849184,22.38336856941508,39.579805996472665,0.14904862579281183,0.23009161381254406,0.10606060606060606,0.0005435048693997,3.010409170884804
도봉보건소사거리,1708,365,45.09315068493151,1.0209004192235251,0.03384166717297527,0.1223646637098244,1776.4696670514602,17.2338538185795,36.773384831460675,0.14952305729388177,0.20408287259250257,0.08038155416489459,0.0004032439281751,3.045493471409495
성원2차 아파트,752,365,27.265753424657536,0.820136655948553,0.0409967845659164,0.11706189710610933,2479.397925040192,20.69664389067524,36.560039805395846,0.2859726688102894,0.18438504823151128,0.12982315112540194,0.0010858017353428645,2.885796012037364
두산위브아파트 옆 상가건물 앞,1814,365,30.421917808219177,0.9602845821325648,0.042957492795389046,0.11968659942363112,1486.0299432636896,14.496757925072046,36.89378596087457,0.31403097982708933,0.17237031700288186,0.17345100864553314,0.001245542959814166,2.891061548019162
영락고등학교,3310,334,15.760479041916168,0.11664133738601824,0.03305471124620061,0.13297872340425532,1962.4312784954382,15.106572948328267,34.170386740331494,0.2211246200607903,0.13392857142857142,0.0841565349544073,0.0006534375388151,2.9610901211203924
성원APT버스정류소,1771,364,28.52747252747253,0.6127696456086287,0.03264637904468413,0.1319337442218798,2061.0036305855174,18.36103620955316,39.587631244952114,0.2027157164869029,0.16862480739599384,0.08840523882896764,0.0005222577283305,3.012433049595741
보금자리정원,2383,360,7.836111111111111,1.1772421127259838,0.030840127614321162,0.11662531017369727,3407.230070896845,25.31159163417228,40.179952644041045,0.19957461892945763,0.11875221552640908,0.12477844735909252,0.000782541615944,2.9692264799279897
독립문역 2번출구 뒤,3426,358,9.013966480446927,0.7074682367524016,0.0368763557483731,0.09730399752091726,2403.367793616362,17.883173225906415,41.86329113924051,0.41121784939572353,0.12984195847536412,0.19832661915091415,0.00200530786414694,2.8002143184120634
노량진근린공원 대방공원,2008,362,13.276243093922652,0.5959217644610904,0.029546400332917187,0.10944652517686225,2038.2219225967533,17.321265085310028,38.916823687752355,0.21036204744069914,0.15480649188514356,0.07990012484394507,0.0004596006058802,3.022531985069816
주공14단지,1857,357,8.591036414565826,0.9960873818063254,0.04727746984023476,0.08118682751874796,2260.008043690903,22.328659928268667,38.44060475161987,0.44343006194978807,0.13335507010107597,0.26899250081512877,0.0029082138508025926,2.5981580951578165
독산고등학교,1843,363,15.482093663911845,0.7558718861209964,0.04181494661921708,0.10729537366548042,1943.5164092526688,17.633807829181496,36.17177547770701,0.31423487544483986,0.13594306049822064,0.1304270462633452,0.001046515227629955,2.8927420945584843
고덕자이(105동 앞),3684,365,35.81917808219178,1.0126204681046351,0.031130487991433378,0.12911121309469176,2303.9569810310536,23.701239100504818,39.48620658051507,0.18793024323083984,0.17202080465045128,0.07258681352302279,0.0003701795948094,3.0441919852419774
일신초등학교 옆,1366,362,9.969613259668508,1.089221390967027,0.03380437794402882,0.1316154059296204,3729.7476115267386,27.58852867830424,39.344674085850556,0.1828761429758936,0.17234691050152398,0.08478802992518704,0.0005061710512621,3.0121039869183357
아메리칸센터,4641,337,14.952522255192878,1.076404048422306,0.040087318912482635,0.11986505258979957,2350.8537487596745,19.74935503076007,36.85391225689733,0.12780313554276643,0.23457035126017067,0.12442945028775551,0.0008087065729759,2.925199001461665
중계본동 입구,4021,338,6.710059171597633,0.390652557319224,0.0291005291005291,0.1128747795414462,2126.296203703704,18.002645502645503,39.991150442477874,0.2103174603174603,0.1693121693121693,0.10141093474426807,0.0009832179328064,2.828888222233677
"419민주묘지역",1539,364,13.917582417582418,1.0511251480457955,0.024476904855902093,0.12870114488748519,2762.9058507698373,24.4751283063561,36.986613433536874,0.08409001184366363,0.21614686142913542,0.0813264903276747,0.0005218226810583,3.0084902494728767
이태원관광특구B(용산구청쪽),843,175,17.88,0.4634068392457654,0.027165228507510387,0.13678491530840525,3072.886561201662,26.865452221156918,36.712620027434845,0.03803131991051455,0.2799616490891659,0.13998082454458294,0.0011105657986710642,2.888096252217293
마천금호어울림 1차아파트 건너편,1279,364,11.184065934065934,0.9945959223777942,0.04225006140997298,0.10857283222795382,2660.7671211004663,23.542864161139768,45.684756820877816,0.22844509948415623,0.1896339965610415,0.11643330876934414,0.0007406647765086,2.9695133175054917
"한남 준 J,FSS 앞",4612,145,3.6206896551724137,0.8838095238095238,0.011428571428571429,0.18095238095238095,3571.812419047619,33.85523809523809,32.21041214750542,0.047619047619047616,0.2723809523809524,0.10666666666666667,0.0009573129251701,2.903564962647601
쌍문동 이안아파트 앞,1713,362,19.930939226519335,0.306999306999307,0.03395703395703396,0.12002772002772003,2234.1018170478155,20.385031185031185,35.606480735128166,0.14303534303534304,0.1537075537075537,0.09175329175329175,0.0004428045709231,3.0488137879652637
다락원체육공원 전망대 입구,4058,363,13.545454545454545,0.9804758999389872,0.025828757372381533,0.1537522879804759,5574.284940004068,35.26316859873907,38.857610887096776,0.05857230018303844,0.21578198088265202,0.0860280658938377,0.0007428041179464,2.926363265013122
서울숲 공영주차장앞,3552,350,23.762857142857143,0.9950703378622099,0.012143801851629193,0.19394012264037513,3857.831090537453,49.59300228447758,34.535714285714285,0.05218227726343634,0.20620416015390164,0.12997475051100157,0.0015756709520344456,2.709932817328755
언주역 6번출구앞,2381,180,15.161111111111111,0.9769146207401979,0.03297911322828875,0.08904360571637962,3283.3263869549287,27.762916819347748,38.42548262548262,0.10993037742762916,0.21656284353242947,0.11432759252473433,0.0005830244147695,3.022398477475535
청담나들목입구,2314,193,5.658031088082901,0.9029304029304029,0.019230769230769232,0.13736263736263737,4274.2365842490835,30.586996336996336,39.137897782063646,0.10897435897435898,0.2261904761904762,0.1401098901098901,0.0012634902744792851,2.7963107044314195
CJ오쇼핑앞,2284,248,6.681451612903226,0.44417622208811103,0.025347012673506336,0.09837054918527459,1597.179118889559,14.394689197344599,38.706792199058505,0.05612552806276403,0.19432709716354857,0.27157513578756787,0.0029354468095602244,2.616803252735947
밀알학교 입구 (삼성서울병원 입구),2401,353,9.121813031161473,0.6307453416149068,0.02732919254658385,0.11894409937888199,3113.2645962732918,24.633229813664595,42.01640595192674,0.24875776397515528,0.14565217391304347,0.09409937888198758,0.0007207128282945,2.952695640265977
신내동 한살림 중랑지구 건너편,4829,360,9.738888888888889,0.9187107815173987,0.038505419281232175,0.11380490587564175,1671.3555305191098,13.956075299486594,33.03772336201191,0.3114660581859669,0.12749572162007988,0.13063320022818026,0.0008744951925693,2.9681359676488595
IBK기업은행 석수역 지점 앞,1861,344,5.116279069767442,1.0267045454545454,0.03068181818181818,0.13068181818181818,4983.8778125,33.998295454545456,40.454607046070464,0.07102272727272727,0.1971590909090909,0.15738636363636363,0.0009596318296602,2.9471328451101515
국회3문,297,336,6.988095238095238,0.969335604770017,0.028109028960817718,0.09028960817717206,2967.8716439523005,26.12052810902896,38.81707317073171,0.21848381601362862,0.2981260647359455,0.16056218057921637,0.0017751746062149784,2.7350144544449497
삼각산아이원아파트(105동 옆),1550,229,5.934497816593886,0.05518763796909492,0.036055923473142015,0.12729948491537896,2853.0751655629138,20.211920529801326,41.133735979292496,0.3355408388520971,0.1243561442236939,0.16188373804267844,0.0015197609961515295,2.8189477061510035
SK 남산빌딩,435,354,8.898305084745763,0.9263492063492064,0.02412698412698413,0.09746031746031746,2471.292380952381,23.204126984126983,42.185268695978955,0.15968253968253968,0.20253968253968252,0.10888888888888888,0.0010143969933652474,2.862461135455242
서울특별시교육청도봉도서관,1715,364,18.557692307692307,0.9456698741672835,0.029015544041450778,0.1319022945965951,2924.3136210214648,24.010954848260546,40.83747609942639,0.11724648408586233,0.19792746113989637,0.08393782383419689,0.0006855902065337,2.9459010370293233
항동지구 3단지 302동 앞,2813,304,2.838815789473684,0.86558516801854,0.030127462340672075,0.11123986095017381,2407.6540903823875,23.458864426419467,38.18337730870712,0.4229432213209734,0.12746234067207418,0.1853997682502897,0.002057626723483687,2.713549793838096
거여동 사거리,2616,361,12.87257617728532,0.9851517107811492,0.04734237142242307,0.12201420271142673,2462.870200129115,19.7699591134065,40.44380816034359,0.2429524424359802,0.17387561867871745,0.12395093608779859,0.0008122158810562,2.9339309216916445
노들섬 동측 앞,869,354,11.977401129943503,0.9797169811320755,0.022877358490566036,0.16084905660377358,4428.752639150944,34.11037735849057,33.5871615454822,0.07358490566037736,0.2957547169811321,0.10518867924528302,0.0012227515846881059,2.8182233994285135
암사동 선사유적지,1007,322,8.599378881987578,1.0624774286746117,0.02564102564102564,0.16865294330083064,3481.583488624052,32.30480317804261,41.16472377090725,0.08378475984109787,0.17045864933188876,0.11267605633802817,0.0012261477851810202,2.802461891857091
청담역 1번출구,4916,344,5.523255813953488,0.8736842105263158,0.024210526315789474,0.12578947368421053,3840.5128421052627,28.46157894736842,40.07802263251936,0.13052631578947368,0.19421052631578947,0.10157894736842105,0.0005903431825177,2.9996178330925196
현대성우아파트 옆,1573,355,6.340845070422535,0.6579298089737894,0.03642825410928476,0.13149711239449133,2176.005748556197,19.02265659706797,40.18871794871795,0.2243447356730342,0.1363838294091515,0.12039093736117282,0.0005210343548822,3.0431948266808218
항동지구 11단지 1103동 앞,2809,330,3.7545454545454544,1.3470540758676353,0.03954802259887006,0.1420500403551251,3596.7391606133974,34.55690072639225,39.78881388621022,0.15899919289749798,0.15980629539951574,0.08797417271993543,0.0006236105872653,2.964938340291128
북한산생태공원입구(교통섬),994,352,6.551136363636363,0.9028620988725065,0.042497831743278404,0.11795316565481354,2080.880819601041,18.89679098005204,42.79206500956023,0.22333044232437121,0.19774501300954034,0.09323503902862099,0.0005588153060662,3.01266504726681
상사마을 버스정류장(아라대교방면),1101,354,5.593220338983051,1.154040404040404,0.03333333333333333,0.10404040404040404,3065.0735909090913,21.98838383838384,40.361309523809524,0.19141414141414143,0.18333333333333332,0.12575757575757576,0.0010336105159337481,2.8999527032996992
아차산역 2번출구,3899,184,35.09782608695652,0.9948900588417466,0.037318055125425825,0.15205946113347785,2755.4544456488075,24.191390523381852,36.878102481985586,0.1551563951687829,0.1994425518736451,0.08624961288324559,0.0003259779564816,3.078729485074805
디에이치퍼스티어아이파크 124동 앞,4931,184,21.95108695652174,0.9121069571676157,0.0428323842535281,0.13072542708591237,2087.7557192374347,19.274325328051496,43.055443548387096,0.24213914335231496,0.1643971280019807,0.12329784600148552,0.0007818436782525,2.9645463669946066
삼성화재서초타워,4349,184,41.255434782608695,1.0569094980898432,0.039652219733895405,0.11987880384666053,2419.509172704518,27.996838361217232,39.1166014930679,0.0952443683309182,0.27032011592675537,0.10762745356343038,0.0007719615375116,2.9481533686457952
LH수서2단지 201동 앞,4938,184,57.391304347826086,1.065435606060606,0.03314393939393939,0.125,1753.651084280303,15.678598484848484,33.60124964498722,0.3458333333333333,0.1694128787878788,0.14166666666666666,0.001242087661654423,2.8157456034097157
반포역 4번출구,4345,184,18.184782608695652,1.125821876867902,0.03825463239689181,0.17065152420800955,3024.8593514644353,27.80035863717872,38.34963698891861,0.19515839808726837,0.2367005379557681,0.08965929468021518,0.0006149667475984,2.9808917147431493
이태원관광특구 입구(용산구청방향),843,170,18.811764705882354,0.4534083802376485,0.03721075672295184,0.14571607254534083,2954.791041275797,23.858974358974358,35.37397740553175,0.03814884302689181,0.26422764227642276,0.13258286429018137,0.001018665919509053,2.8987871205292812
신정교하부(도림천역 방면),5885,184,38.95108695652174,0.7934979768382866,0.04060276266220176,0.13129621878052183,3173.5447732663592,23.775917399190735,37.90796460176991,0.21166457374075626,0.18850286033207758,0.09167015487651738,0.0005753685623612,2.974067612717124
말죽거리공원 사거리,2244,184,36.34782608695652,1.0414174641148326,0.034688995215311005,0.1166267942583732,2499.180524820575,22.172248803827753,38.97571157495256,0.11019736842105263,0.24880382775119617,0.11707535885167464,0.0007652967640711,2.9529324828213035
암사역사공원역 1번출구,4956,180,10.244444444444444,1.012472885032538,0.027114967462039046,0.13503253796095444,2984.810162689805,27.265726681127983,41.480948957584474,0.18329718004338397,0.19956616052060738,0.10629067245119306,0.0007400657529792,2.9124377266503805
개포래미안포레스트 126동 앞,4937,182,10.846153846153847,0.8546099290780141,0.03343465045592705,0.12917933130699089,2014.9341438703143,17.973657548125633,41.92589928057554,0.2993920972644377,0.1540020263424519,0.12613981762917933,0.0006817402404853,3.00581870074855
서울역파출소,6062,69,9.855072463768115,1.173529411764706,0.022058823529411766,0.10441176470588236,2108.0377058823533,19.70735294117647,38.47072072072072,0.3235294117647059,0.1426470588235294,0.23676470588235293,0.0020045174932718183,2.7828539213458328
\N,4547,181,89.07734806629834,1.0093034795013336,0.03851640513552068,0.12429448613781555,1885.4528605098312,18.499286733238232,35.150896151818664,0.12069714073063326,0.25293059604292,0.10078769459777957,0.0005956004071207,2.996428338270329
위례동주민센터 맞은편 근린공원,2606,181,53.77900552486188,1.0599958906924183,0.03318265872200534,0.11670433531949867,2251.9860355455107,23.130675981097184,38.97713004484305,0.2019724676392028,0.20947195397575508,0.10324635298952127,0.0007904069886495,2.9059340958385014
종암사거리 분수대,1319,181,30.917127071823206,1.6854896354538957,0.032165832737669764,0.12348105789849893,3646.6573766976403,26.733380986418872,36.31828485077446,0.19299499642601858,0.23034310221586848,0.0864903502501787,0.0005857074578555,2.9882964473637887
중계동 노원구민체육센터 옆(중1-2),1620,181,25.281767955801104,0.4075611888111888,0.04589160839160839,0.14816433566433568,1850.93399694056,16.732736013986013,36.23426164287386,0.1341783216783217,0.1763548951048951,0.07342657342657342,0.0003472126710217,3.055405110140819
이태원관광특구B(용산구청쪽),843,175,17.88,0.46915947587088525,0.027165228507510387,0.13678491530840525,3072.886561201662,26.865452221156918,36.712620027434845,0.03803131991051455,0.2799616490891659,0.13998082454458294,0.0011105657986710642,2.888096252217293
"한남 준 J,FSS 앞",4612,145,3.6206896551724137,0.7561904761904762,0.011428571428571429,0.18095238095238095,3571.812419047619,33.85523809523809,32.21041214750542,0.047619047619047616,0.2723809523809524,0.10666666666666667,0.0009573129251701,2.903564962647601
언주역 6번출구앞,2381,180,15.161111111111111,0.9688530597288384,0.03297911322828875,0.08904360571637962,3283.3263869549287,27.762916819347748,38.42548262548262,0.10993037742762916,0.21656284353242947,0.11432759252473433,0.0005830244147695,3.022398477475535
이태원관광특구 입구(용산구청방향),843,170,18.811764705882354,0.4590368980612883,0.03721075672295184,0.14571607254534083,2954.791041275797,23.858974358974358,35.37397740553175,0.03814884302689181,0.26422764227642276,0.13258286429018137,0.001018665919509053,2.8987871205292812
말죽거리공원 사거리,2244,184,36.34782608695652,1.0761064593301435,0.034688995215311005,0.1166267942583732,2499.180524820575,22.172248803827753,38.97571157495256,0.11019736842105263,0.24880382775119617,0.11707535885167464,0.0007652967640711,2.9529324828213035
서울시설공단 앞,550,365,42.51780821917808,1.043946130549649,0.03138088794381081,0.054964881757845224,2629.738008247955,20.37489528964495,40.56864841745081,0.11798440621174044,0.20896965010632126,0.2551710806108641,0.00300792568969516,2.582742746575784
트레빌빌딩,1081,365,52.1945205479452,0.8861477087816912,0.03459136003359404,0.12387801165293161,1772.1278562805094,17.53897433205606,34.20118307478723,0.16592304865886304,0.20676079995800745,0.07222717967560759,0.0003539070798637,3.061087745224366
태릉입구역 3번출구,1606,365,44.6958904109589,1.015508152507049,0.03500061297045482,0.12253279391933308,2441.334008213803,21.547811695476277,36.93346074892051,0.11621919823464508,0.19333088145151403,0.0783376241265171,0.0002688832216613,3.097331037817477
마곡나루역 2번 출구,2715,365,446.54794520547944,1.0186943984293515,0.041266335357997425,0.10045401558377814,1408.273401067563,12.722878704214983,35.84005739910314,0.2387876556843978,0.26148843487330514,0.13231486594269587,0.001242793188892436,2.822368929222721
건대병원후문,3569,365,132.47671232876712,1.0295942424618438,0.03172436613310171,0.10561690863217107,1722.609391984121,17.153947967076146,30.662970520984437,0.15684328080406998,0.20823509947470736,0.08973404475327791,0.0005372767484552,3.0078679443209158
석촌고분역 2번 출구,2632,365,76.35068493150685,1.0383235251901823,0.037247021673604136,0.13258934979187598,1861.7743921343467,19.14227788144108,36.399533391659375,0.19674895937993397,0.2018444093584039,0.09501937706329841,0.0005507867229212,2.999533979303583
프라이어팰리스아파트,3658,363,15.741046831955924,0.9961498074903745,0.03272663633181659,0.1471823591179559,2695.292192859643,22.91809590479524,37.89829813409883,0.25306265313265663,0.17220861043052152,0.11935596779838992,0.00063398281944,2.9920552824445203
KBS 연구동 건너편,298,319,19.288401253918494,0.7212741751990899,0.024865919063871283,0.09101251422070535,2931.017064846417,24.94929302779132,37.21335350860601,0.2189176011701609,0.2653989923614497,0.1547212741751991,0.0017123920513832283,2.733127867311597
가재울 초등학교,166,365,46.057534246575344,0.9839390875022307,0.04134197846648028,0.12259829873297245,2670.479716257213,23.59020879186247,39.35983891884513,0.3344833739813218,0.1418119088691928,0.14912854678484325,0.0013108374815265311,2.8319656276815457
영등포청과시장 사거리,266,365,49.97260273972603,0.9771381578947368,0.03695175438596491,0.10986842105263157,1848.1478623903515,18.29638157894737,36.29432024547561,0.14714912280701756,0.19424342105263157,0.1081140350877193,0.0006490864376539,2.987645822673445
불광역 2번출구,925,365,23.84109589041096,1.028039531142266,0.03378533670420593,0.11457136290507929,2220.863072856813,23.023213054470236,39.70212476164533,0.10813606067570675,0.2509767869455298,0.11778901401976558,0.0005748775930216,3.01607355581324
도봉구청 옆(중랑천변),1720,365,49.202739726027396,1.014366056016482,0.026170722200567962,0.1175455203519127,3960.761343616016,28.148783339829613,42.70104953539675,0.12378194776992037,0.2881006737568907,0.143883289715463,0.000993784812019,2.88169215426667
시청역(2호선) 9번출구 뒤,370,360,59.69444444444444,0.8959516053978595,0.02857142857142857,0.06472778036295952,2209.050948813399,25.28724988366682,41.631249363608596,0.1314564913913448,0.24141461144718473,0.15430432759422988,0.0014531332865811214,2.769835912009896
위례 포레샤인 1809동 부근,4454,357,9.344537815126051,0.3426258992805755,0.046462829736211034,0.12829736211031176,2537.4004256594726,19.710731414868107,41.956923076923076,0.1987410071942446,0.14418465227817745,0.08663069544364509,0.0002781572703468,3.0938168842136973
노원 을지대학교 병원,4007,365,57.50410958904109,1.135499547381962,0.03277907475344228,0.10110057649244843,2024.598736481017,19.092429367764066,36.707371153534154,0.1223021582733813,0.1921006241364524,0.0910476916480061,0.0005402292565669,3.011368986491036
영등포역5번출구,5858,365,151.94520547945206,1.1184637576631806,0.03508835196538045,0.11723764875586008,2224.5548321312685,19.260313739632167,36.11704982076545,0.24071402812838083,0.22315182113234766,0.10842048323115759,0.0008576131219769,2.9360099282372536
사당동 아르테스 웨딩앞,2033,365,30.213698630136985,1.0749909321726514,0.03754080522306855,0.11924192963365977,1674.5281456293062,18.106637649619152,35.10895350057731,0.17210736307580704,0.20774392455567645,0.07807399347116431,0.0005264466621647,2.996455154854487
"419민주묘지역 1번출구",1564,364,23.01923076923077,1.0033416875522139,0.025898078529657476,0.11660102637546246,2781.585389664637,22.962406015037594,35.562243888653384,0.0841389187253849,0.22986036519871106,0.08688387635756056,0.0006399390256539,2.966993789264553
갈산문화예술센터,4541,365,61.00547945205479,1.0316612026766065,0.04190057035074325,0.1201778416490771,2336.668361701174,19.470651636951544,36.51381956743412,0.2712534243499349,0.16270714510261822,0.13805182557147347,0.0008839694044199,2.9371583872774676
이앤씨드림타워 앞,243,365,110.52876712328766,1.019904320452123,0.03725553379768485,0.11954985995092085,1807.9151327367833,19.074684579728824,38.45755817261194,0.13095208586371862,0.26460600351981756,0.1259202339935057,0.0011112042888568403,2.8403782575030734
을지로입구역 8번출구,4774,359,17.5933147632312,0.9874920835972134,0.030240658644711843,0.10797973400886637,2164.0657378087403,23.9944585180494,38.25546917374797,0.1388537048765041,0.26884103863204556,0.13347055098163393,0.0011148885181532346,2.8356457772369716
동문굿모닝탑,4515,365,99.10684931506849,1.0135179963509704,0.037872505114170396,0.13332780450046994,1580.864089677669,15.446950848675845,33.659198113207545,0.13523525183833693,0.19912091557472217,0.08196494719964616,0.0006705276615692,2.940410759431305
목동트라팰리스 웨스턴에비뉴,792,365,163.85479452054796,1.0142625445182003,0.03339074021435618,0.15635293527513502,1742.534524553982,18.052920226729313,37.684895220155404,0.04894075944287458,0.26779473974618356,0.10338254719347234,0.001157285042724863,2.795406523622598
한성백제역 2번 출구,2621,365,93.30684931506849,1.00637167102211,0.026954811052059782,0.14302492879584228,2680.331580585488,28.044043808908594,36.63645316731736,0.12951816073053998,0.24720321813430426,0.10676219279443286,0.0008468973881929,2.8973444035111
롯데월드타워(잠실역2번출구 쪽),1210,365,301.4767123287671,0.9967193449595143,0.03110715291851071,0.11850343968956462,2160.540808713258,20.032152236934177,35.12518548785995,0.14542116885831385,0.3351538999809158,0.16893101536727886,0.0016115367234459529,2.7414914633176353
길동 사거리(초소앞),1022,359,53.34818941504178,1.008249791144528,0.03748955722639933,0.11220760233918128,1716.814512322474,16.783260233918128,36.235406813147335,0.20300751879699247,0.21224937343358397,0.10421888053467,0.000581908909643,3.0151785112270604
서초1교 (진흥아파트 방면),2520,361,13.393351800554017,0.9824198552223371,0.04198552223371251,0.12119958634953465,1969.489863495346,24.036194415718718,39.29077838373823,0.15491209927611166,0.2204756980351603,0.10548086866597725,0.0006626320388279,2.969601221348191
상계주공10단지 종합상가 앞,1686,365,60.054794520547944,0.9752737226277373,0.03448905109489051,0.13270985401459853,2287.207548813868,20.70830291970803,38.618033847148865,0.14502737226277373,0.19931569343065694,0.07791970802919708,0.000299136400577,3.086317127878412
가마산지하보도 옆,2826,365,17.09315068493151,1.0743708927712774,0.05209168135919218,0.0892771277448309,2139.2080862317684,18.014585670780573,36.14156564618862,0.3188010899182561,0.17598974194582465,0.16012181439333226,0.0011571372275817002,2.898708025416618
목동성당 앞,4514,365,90.83013698630137,0.941573914879498,0.03797544716918529,0.12834434289506227,1517.8889089976765,16.70280215968389,37.187353466074114,0.17989322233282057,0.17446384942539137,0.07233131240008446,0.0004709748745403,3.0113347175273617
송정역 3번출구 앞,3796,365,51.76712328767123,0.8970097909499868,0.04630854723471818,0.11897327335273881,1558.5895824292136,12.727494046043926,37.06010375806656,0.24927229425774017,0.2070918232336597,0.11521566551997883,0.0007462290395845,2.959462716352337
상계동수락리버시티,1672,364,14.837912087912088,1.0505461951490465,0.033697463432697645,0.13534530642473616,2433.533943714128,19.216441399740788,40.318943298969074,0.16682095908165154,0.17367154230698018,0.09720422144047398,0.0005211017893277,3.0242655656579793
상암월드컵파크 3단지 후문,413,365,22.353424657534248,0.9932589778159088,0.032724598602769946,0.13371736732442702,2383.2319524451527,21.56943252849614,40.0,0.22159578379703396,0.18874862115455326,0.0922907219021939,0.0006545442473767,2.952083822358614
삼청동 골목,464,365,26.997260273972604,0.9491577024558555,0.03470671808402679,0.11548609701644003,2147.0892135173526,22.22325959001421,40.18281231427552,0.18723361071646033,0.12624314998985184,0.09082606048305257,0.0008095212261478,2.8961842500191777
동작경찰서,2058,365,45.945205479452056,1.2248062015503876,0.03243887895050686,0.14704830053667262,3387.437448419797,29.916219439475253,34.308071155542486,0.09189028026237328,0.22546213476446034,0.07847346451997615,0.0003868793000392,3.059208911120162
자곡사거리,2384,365,51.83835616438356,1.0912742455472755,0.033296337402885685,0.11267903387770202,2358.1081338195686,19.063791554357593,38.094565896314805,0.29411764705882354,0.17425083240843509,0.14227577823582263,0.0008931735002594,2.9427790975558974
서울식물원 잔디마당 앞,2727,364,71.8543956043956,1.0258076849550755,0.03490728350219843,0.0366277958325368,1943.7712536799816,14.42603708659912,37.84063147682674,0.12051233033836742,0.2460714968457274,0.26771171860064996,0.0035444824655819474,2.447208445347838
마포소방서 앞,121,348,19.816091954022987,1.007685614849188,0.034947795823665896,0.1277552204176334,2394.872537703017,23.52044663573086,38.624793933399275,0.19214037122969838,0.19185034802784223,0.0872969837587007,0.000486010478705,3.0064542946482216
학여울역 사거리,2321,356,10.581460674157304,0.9410671621980355,0.03610299973453677,0.13432439607114416,2733.328598354128,25.37085213697903,41.0584375,0.2020175205734006,0.20706132200690203,0.09503583753650119,0.0007091497523803,2.9439894573620156
동방1교,2183,107,28.27102803738318,1.0023140495867768,0.04198347107438016,0.13289256198347107,4630.621292561982,34.08396694214876,40.209466619569056,0.12165289256198347,0.1844628099173554,0.07669421487603306,0.000434501096616,3.0368809779192856
신세계백화점 본점 앞,324,361,22.002770083102494,1.0562759662595997,0.026816064459272315,0.10852322799949642,2829.706953292206,27.685005665365733,41.195989461358316,0.06659952159133828,0.3103361450333627,0.16253304796676318,0.0015383241173519257,2.7484538220952164
반포1동 서초빌딩 앞,2503,365,34.09315068493151,1.0574574091931854,0.03471552555448409,0.10896817743490839,2708.123962552235,22.36459337833494,37.86718371303926,0.20001607200257152,0.226775956284153,0.09868209578913532,0.000593194315419,3.0117341345813067
하계역 6번출구,4036,365,58.11232876712329,1.1233322332751874,0.03342605251991891,0.11583612276648908,1497.1493786242997,17.85097355145915,38.12963759544037,0.13360991938145303,0.25925227476309465,0.12064494837584272,0.0007484847389677,2.94426184427975
서울사대부설초등학교 앞,355,365,38.824657534246576,0.9990120668971844,0.026603627125820338,0.10168654293980665,1687.0050511608213,17.214946016512595,36.622784192551634,0.1671018276762402,0.18269705737068662,0.09286571166466728,0.0007139505596396,2.9480146716671696
가락시장역 2번 출구,4854,365,43.728767123287675,1.0031952885157571,0.039283252929014474,0.11835098051500532,1800.373414573021,16.810600839546396,41.82015183902116,0.15086774011653403,0.2647077250798822,0.10914103126370528,0.0006531854369564,3.0008284691737437
마들역 4번출구,5332,365,30.027397260273972,1.0045620437956204,0.03220802919708029,0.10638686131386861,2031.8734069343072,20.98905109489051,35.866567828020756,0.21843065693430658,0.19315693430656933,0.1207116788321168,0.0006886533220411,2.9674096664701737
마곡힐스테이트 정문,3756,365,58.345205479452055,0.850347483095417,0.04517280240420736,0.12485912847483095,1099.2686340157773,11.716895191585275,35.393869690809886,0.32884109691960933,0.1449098422238918,0.1940740045078888,0.0014821469645586885,2.8126316953067083
하계 어린이 공원,4008,365,28.043835616438358,0.9718640093786636,0.03624462680734662,0.12729581867917156,2053.8009349355216,20.02452129738179,38.49274391605269,0.21570926143024619,0.18806174286830793,0.07766705744431418,0.0005419720619179,2.986420649539776
이수역 4번 출구,2230,364,46.07967032967033,1.04459548083229,0.03446014427949681,0.11697370774458953,2115.8777702259626,20.264174566267215,38.011156045181984,0.14028498181601384,0.26286293447803016,0.09384129255350862,0.0006436459719251,2.97780151730675
대원빌딩,3767,365,50.18904109589041,0.9838965009007042,0.04323380097166876,0.11982095092526884,2041.1045619302351,16.863748021180196,34.41052564994623,0.30285495933184126,0.1703695616572957,0.1353239805666248,0.0009455092959001,2.957311056556798
대청역 1번출구  뒤,2342,365,40.78630136986301,0.9961711560421844,0.036206085846711894,0.11231275609592262,2660.841845905822,24.124403842278497,41.14214601769911,0.17693289447168672,0.23859743400282127,0.1035803049640626,0.0006857006342335,2.958884933351755
한강아파트,2707,355,79.52112676056338,0.9105561459440312,0.039319872476089264,0.1195890896209706,1780.6434243712354,15.770031880977683,37.99423139421514,0.28898335104498757,0.16099893730074388,0.12167906482465463,0.0008833629792839,2.921808669022284
목동1단지아파트 118동 앞,754,365,64.82465753424657,1.00435315498077,0.04644774100841047,0.13334178606145133,1667.3525658256174,17.04703943197667,39.83571498482921,0.33464350619162336,0.15506529732471153,0.15565698829297156,0.001229032734418851,2.849699080755612
올림픽공원역 3번출구,2622,365,185.8876712328767,0.9950183495703695,0.030936343940220195,0.13027458031805922,2173.793195772969,23.453197541599728,35.94187545244275,0.15628822827160313,0.2594879806629427,0.110289024156583,0.0009491564717816,2.8511619794736505
종로오가 지하쇼핑센터 14번출구,453,364,35.9010989010989,1.0028313437404346,0.033134374043464955,0.11317722681359045,2011.2582545148457,21.87855831037649,40.26413237924866,0.12985919804101623,0.20393327211509027,0.10185185185185185,0.0006595509711205,2.9761405034756994
방화사거리 마을버스 버스정류장,1102,365,75.43835616438356,1.0921735972398765,0.04278191392772834,0.13201380061739604,1785.175763210459,16.352351552569456,33.314340729070935,0.12998002542218995,0.20522970764481568,0.08752496822226258,0.0004530801836524,3.04084508560975
가락본동주민센터 인근,5774,365,40.298630136986304,1.0043510775715547,0.03446869263716092,0.1083690257665375,2301.088819770209,20.2654837174519,37.96389159363843,0.1605139710381399,0.19831395744102248,0.1017744238221497,0.0005374752027744,3.0058883980350837
원일교회,3504,365,82.13698630136986,0.9164776517678452,0.039492995330220146,0.1300533689126084,1542.6901340893949,16.466310873915944,33.418041156142,0.17715143428952634,0.19046030687124751,0.07394929953302201,0.0002921675441573,3.0844266190649727
리버뷰신안인스빌1차 후문,4556,365,47.706849315068496,1.0280250387641416,0.04002756561189916,0.08005513122379831,1487.6705467179681,15.758456325733647,35.65946866485014,0.2885200712111641,0.18480445644059035,0.11388043415838742,0.0012043481557121366,2.824334835116707
조원동 미성아파트,2110,365,42.131506849315066,1.1200416178956951,0.03823644166991806,0.11867603069319807,2474.6826824034347,22.850305631421513,38.19465906533643,0.1450123553127845,0.26004682013265706,0.1029392638834699,0.0005248065683829,3.0347378566704095
송정중학교,1186,365,31.71232876712329,1.098574514038877,0.05010799136069115,0.11092872570194384,1587.4874280777535,14.407257019438445,33.898974955088235,0.26436285097192225,0.16907127429805613,0.09520518358531317,0.0007895168170564,2.9141073415476324
강동경찰서,1020,365,120.43561643835616,1.0114879774335177,0.042334902977774744,0.10380126936463523,1713.9478373029394,17.403671603084693,37.076901336073995,0.22768943788530221,0.1975022179758411,0.0954070838736095,0.0007461688570772,2.9027321441658125
서울출입국관리사무소 앞,708,365,129.33424657534246,1.0272205393267948,0.04033300146164764,0.11337301671362297,1489.4975014298732,15.558561230326012,34.56493150684931,0.15800622788993157,0.22716969940898596,0.11917724066346093,0.0008383021441382,2.9007305362225626
압구정파출소 앞,2308,365,30.27123287671233,0.9997284822155851,0.028871391076115485,0.1253507104715359,4753.362092497061,35.91501493347814,40.36049592031366,0.10734003077201557,0.24400398226083808,0.1225450266992488,0.0007703760549438,2.9567530044641184
천왕역 4번출구 뒤,1953,364,30.315934065934066,0.6086995922066153,0.042501132759401906,0.10122338015405528,1343.635257816039,11.098051653828726,35.56656504065041,0.1780697779791572,0.2531037607612143,0.0946986859990938,0.000841352283874,2.9246535498949418
도봉운전면허시험장 버스정류장 옆,1690,314,32.589171974522294,1.0017590149516271,0.031173653864946742,0.09742988370956708,2144.5757490472006,18.875305384540212,35.700209875179496,0.12508550767125964,0.19378481383758428,0.08599628652399101,0.0005930763442259,2.9917511827649412
휘봉고등학교 앞,628,365,22.783561643835615,1.0507455507455508,0.03463203463203463,0.11303511303511303,2022.229037999038,17.43843193843194,33.02618471609506,0.1667869167869168,0.16654641654641655,0.10942760942760943,0.000848172327349,2.903817221001727
삼전동주민센터 건너편,5765,365,67.53698630136986,1.154963287493408,0.03435966086568496,0.12672913877733155,2003.7577603342665,22.380430814165752,34.73133387372782,0.2123646099549714,0.19913999432071722,0.0874203886252079,0.0005565098772372,2.9964534218968506
자양중앙나들목,593,365,55.11506849315069,1.0646716707262514,0.03464731321767659,0.14689068946662026,2749.956411989858,22.297211313814188,36.27342079408195,0.24789978625043493,0.18471939155937764,0.12561515136451756,0.0007663936289616,2.939732960775314
동대문역사문화공원역 5번출구,4793,365,29.786301369863015,0.9976085356880059,0.02869757174392936,0.09437086092715231,2138.5519913539374,23.39091243561442,36.50016116901257,0.10991537895511405,0.24061810154525384,0.1364054451802796,0.0008338495189096,2.9628063296862384
외대앞역 3번출구,663,365,54.80821917808219,1.0388902774306423,0.0342914271432142,0.11462134466383404,2733.615231192205,20.65198700324919,33.58243043585324,0.11517120719820045,0.2532866783304174,0.11447138215446138,0.0006847627798055,2.977253434029131
LH강남힐스테이트아파트,3642,179,22.067039106145252,0.37341772151898733,0.03215189873417722,0.1220253164556962,2399.452812658228,18.81721518987342,37.16049053585711,0.25063291139240507,0.1278481012658228,0.11316455696202532,0.0007489393615695,2.965863974356295
서울문화재단 앞,4121,365,43.175342465753424,1.0234151913192462,0.034139222031854814,0.08414239482200647,2280.2961628275916,19.189479027857097,36.91198096885813,0.23681705691985533,0.21555936290373753,0.10597119106542294,0.0008844612465417,2.9132063154834595
목동신시가지아파트6단지,4527,365,69.05753424657534,0.9989288264698881,0.033603110370546696,0.10608585257478378,2064.636975720062,19.862612076489725,33.11417169554215,0.11679758787590257,0.14381496469094662,0.16035864476711895,0.0011336144311422426,2.8682868643925525
원메디타운 앞,1964,365,69.41643835616438,1.0050519003828393,0.03686308560603071,0.11532541342700399,2233.7106749023183,18.858388917393537,31.76850327012657,0.16454197418794647,0.1971030508742156,0.08359316414729447,0.0007246665736114,2.9221643885886497
코레일유통본사,4552,363,24.56198347107438,1.003028263795424,0.03443248093315388,0.04744279946164199,1686.559350605653,18.235531628532975,38.91604841858649,0.19739793629430238,0.18304172274562583,0.1389636608344549,0.0017562842734102442,2.66873393960702
영일 어린이공원,292,365,45.556164383561644,0.9624729372143372,0.04606687515034881,0.12027904738994467,1581.2118348568704,13.651010343998076,36.53550170068027,0.254330045706038,0.17199903776762088,0.10722877074813568,0.0006568009211087,2.9778050342734583
우면산등산로 입구,4337,285,3.7964912280701753,0.1377079482439926,0.029574861367837338,0.09426987060998152,2417.6614602587806,17.173752310536045,41.722761596548004,0.14417744916820702,0.2966728280961183,0.1709796672828096,0.0017075556569173336,2.75860476278442
대현그린타워,2304,351,11.43019943019943,0.2946161515453639,0.03464606181455633,0.08225324027916252,2359.7923130608174,19.308574277168496,40.13711790393013,0.1458125623130608,0.26819541375872386,0.19541375872382852,0.001818896638985227,2.783400200210871
목동사거리 부근,701,365,51.78904109589041,0.9998941966883563,0.04226842300163995,0.11744167592445644,2000.7664333703658,17.956409035602814,35.11743141687542,0.23583558165370577,0.16833306882505422,0.10733745966248744,0.0005174569583685,3.035670925088164
보라매역 8번출구,2009,365,23.224657534246575,1.0642916125987967,0.02960953167394125,0.1351893358499469,2086.406374896781,20.116196767724432,35.57060121345835,0.12303881090008256,0.18544296331249263,0.08080688922968031,0.0004837087312,3.020145661269077
용마산역 1번출구,1427,355,9.738028169014084,0.6141162857969338,0.033555105582875326,0.10963262944749783,1816.3303529071459,15.818050332658375,36.07205738506684,0.09401214926236622,0.2614984090251663,0.1214926236621348,0.0010318128804535608,2.8722242442073855
중계중학교,1667,365,53.679452054794524,0.9276782524370949,0.044965038534170367,0.12392180880926862,2009.3748139641712,17.87587403664574,38.9926624112629,0.20456285408053898,0.18603582912264582,0.1024345429490124,0.0005325092291785,3.0130987340463893
건국대학교 학생회관,592,359,76.07799442896936,1.175783538371412,0.024934094903339192,0.06517281780902168,1422.2198886936103,16.776801405975394,26.900192799175,0.04364381956649092,0.17219537199765672,0.13041886350322202,0.001399553052687642,2.757548886229657
연가교 교차로,3131,364,32.3489010989011,0.9079405520169851,0.03515923566878981,0.12110403397027601,2839.6485834394894,23.491380042462843,40.94640227741239,0.3441188959660297,0.1538004246284501,0.16526539278131636,0.0013007771707363982,2.860360830968499
상수역새마을금고,4246,365,19.972602739726028,0.9821673525377229,0.032373113854595334,0.14005486968449932,3378.9186200274357,26.41755829903978,33.509009009009006,0.09890260631001371,0.22688614540466392,0.08244170096021948,0.000343752881317,3.0740666160779417
종로3가역 8번출구,3410,360,82.87222222222222,1.0049943018033116,0.03134008178588188,0.0815847690554401,1788.4651250251407,23.79650734061809,41.43584497344088,0.14791848226855264,0.18864382918817457,0.10233290876181537,0.000787905822423,2.9394071372640815
국군복지단,827,332,9.19277108433735,0.6985583224115334,0.0399737876802097,0.027522935779816515,1529.597709698558,11.809633027522937,39.6152320507735,0.042922673656618615,0.11664482306684142,0.2552424639580603,0.0041314398062341955,2.33085963198593
상왕십리역 1번출구,3513,365,67.58082191780822,0.5687760976203025,0.034175213848461505,0.11606599910812015,1607.7595921676732,16.763327522601045,37.82231404958678,0.1359711355251956,0.2499695950054729,0.10974176024648316,0.0008027382538917,2.923942886586569
낙성대공원,3804,336,7.508928571428571,0.8676179151803408,0.015457788347205707,0.17756638921918352,2153.7715418152993,31.99326198969481,38.28825995807128,0.035275465715418154,0.2556480380499405,0.10305192231470471,0.0011991057944019002,2.8059617832651518
난곡종점,2127,359,14.45125348189415,0.4751349267540478,0.03912875867386276,0.1264456437933693,3186.494938319199,23.864880493446414,46.86949541284404,0.1817656129529684,0.10273708558211256,0.08288357748650732,0.0004151401107446,3.0544057229522577
중화빌딩 앞 (동부시장),1403,365,27.19178082191781,1.0616624685138538,0.035062972292191436,0.1345088161209068,2134.604114861462,18.60241813602015,36.36754813268383,0.09672544080604534,0.236272040302267,0.0909823677581864,0.0004658397081103,3.0421321475081857
샛강생태공원방문자센터 앞,271,363,20.958677685950413,0.707018927444795,0.027339642481598318,0.09174553101997897,3098.588990536278,25.812171398527866,40.80882800608828,0.20807045215562564,0.24355941114616192,0.129863301787592,0.001122438071810329,2.8514092857821898
은평세무서 버스정류장(은평구청 방면),985,365,33.553424657534244,1.010369886502817,0.03437576549359027,0.11292561443618845,1904.6667461419117,18.43529027516943,37.05489742848888,0.16461174165101658,0.2100922674940802,0.09455376826978036,0.0004229668139476,3.0442985615000038
아산병원 기숙사 부근,4457,365,137.4849315068493,1.0707424973097923,0.029094097485154038,0.07341277748993663,2528.975551392926,19.55974253716472,36.190071742652165,0.09607030409310112,0.13540711809015185,0.20704635128133594,0.002560166695825294,2.5933663466987906
강남구청,2356,354,13.209039548022599,0.6708725406330197,0.02352437981180496,0.10286569717707442,3204.9092172797264,25.543627031650985,42.25963945918878,0.1554747647562019,0.20744225834046195,0.10008554319931566,0.0004880357009717,3.026518605047557
은하수 공원,4045,365,22.364383561643837,1.0701947813303931,0.03773122626485361,0.11503123851525175,2961.042537057455,22.443709420556168,36.45335903900341,0.2715913267181183,0.16231777532769814,0.12385152517456817,0.0008822601680168,2.9276768501896666
"번동 주공3, 4단지 교차로",1533,353,27.60339943342776,1.1412151067323482,0.028119868637110017,0.1268472906403941,2716.058205049259,22.570504926108374,39.37795928030303,0.13464696223316913,0.22742200328407228,0.09246715927750411,0.0005568025511665,2.9953212581511024
사육신공원앞,2003,364,28.958791208791208,1.0410776966132245,0.02921923916136989,0.13869651835689215,4138.051560573,31.139360591974196,33.55891829689298,0.11279764728204156,0.231477089460203,0.08025804003415236,0.0004734930443918,3.031565316541537
올림픽공원사거리(선수촌아파트),2653,365,40.56986301369863,0.9876418152350082,0.03525121555915721,0.13627768773635873,2162.005865072934,20.044570502431117,38.0630904723779,0.16376283090221502,0.21576175040518641,0.09697460831982713,0.000516262855711,2.9984446352959644
어린이대공원역 3번출구 앞,500,365,65.59178082191781,0.9232279353410467,0.03809364688191805,0.11240131991144899,1658.50975523161,15.597844701557996,30.82446354088145,0.14038678417777034,0.20592289378054385,0.08483354914163986,0.0004463851687413,3.037732150558066
백련산로 녹번센트레빌,4678,365,16.084931506849315,0.7678419349344234,0.03934593765968319,0.13524101515925738,1894.9467927099297,16.168625447112927,39.94408764639214,0.2750809061488673,0.14341679441321753,0.1481859989780276,0.0008057609342649,2.973785327969272
LG 사이언스파크,1198,365,68.63835616438357,0.9926954855705904,0.03620324911188281,0.05192990859378118,1354.9941372290737,12.103580409531792,37.59240687679083,0.24404262962519455,0.2264000319323035,0.1610186404821778,0.0019393183491273117,2.6708505417884787
창경궁 입구,337,363,19.925619834710744,1.0261302364164246,0.0284805751417116,0.1108806857458869,1747.4679275542653,16.971381169639155,38.89303932861609,0.1957693902944836,0.18374118622978017,0.10659477395271671,0.0008624876095792,2.891431464181506
반포래미안 리오센트,2547,360,27.9,1.1154918359219435,0.02678215850258861,0.13381123058542413,3254.0846415770616,26.088610115491836,38.93707424084979,0.22690163281561132,0.19155714854639586,0.11887694145758662,0.0008089010107816,2.9234294726383045
안국역 5번출구 앞,326,339,40.92035398230089,0.7932525951557093,0.03229527104959631,0.10625720876585928,1973.627516580161,21.081603229527104,39.52074619374268,0.1779123414071511,0.19600634371395614,0.12687427912341406,0.0010990812925403104,2.8365436304831344
서울디자인고등학교 앞,4222,365,39.46027397260274,1.1563563146566687,0.03179893077831007,0.12275220440186073,2660.729963896412,24.173158369784073,37.934119797291686,0.1416371589252239,0.22627230438103174,0.09602166215371798,0.0005872124273552,2.9917523958599928
삼호3차아파트 앞,2530,364,35.01648351648352,1.056017574140907,0.030440922642397616,0.12129295465243999,3250.053142946805,27.107092421151734,38.24691473448018,0.14796798995763377,0.2186568335163973,0.10246351796642084,0.0006901927874517,2.9647732693468885
대치역 7번출구,2431,365,39.57534246575342,1.024852890273451,0.03260643821391485,0.1369331948771201,2963.506851505712,25.973347178954654,40.145852553887444,0.16690896503980615,0.204638283142956,0.08757355486327449,0.0006748291902105,2.959582821884448
포스코피앤에스타워 (역삼역 3번출구 부근),2410,364,27.252747252747252,0.7078629032258065,0.03508064516129032,0.08064516129032258,2503.47858064516,25.59717741935484,38.177767243422615,0.14002016129032258,0.2192540322580645,0.1345766129032258,0.0010898695500382992,2.881565584534957
올림픽공원 북2문 A,4464,365,37.035616438356165,1.0167924249149283,0.02796271637816245,0.12694185530403906,2460.4280988311884,22.64114513981358,35.46169683452003,0.10511910045864772,0.2731913004882379,0.13175025891404055,0.0010165599998607831,2.859150436630192
명지전문대학교 정문 앞,163,364,14.653846153846153,0.9525684289463817,0.03505811773528309,0.0922384701912261,3043.919445069367,23.76527934008249,35.733333333333334,0.2242219722534683,0.14698162729658792,0.09936257967754031,0.0006122021645026,2.985042605133751
성내삼성아파트,3668,365,114.96438356164384,1.0479719746437253,0.04203803441208712,0.11734426385777608,1627.6667182212466,17.760855059339402,36.12478758976046,0.261760640579572,0.19305562175301463,0.10769267432438873,0.0007378379760603,2.949191999192929
LG사이언스파크 E7동,5099,364,51.62637362637363,1.0778522775649213,0.036079182630906766,0.02346743295019157,1494.1039016602808,13.29948914431673,37.15429903103152,0.035813111962537246,0.3502554278416347,0.25005321413367393,0.004128901537270011,2.339431957211768
STX V타워,1835,362,17.486187845303867,0.9987361769352291,0.04123222748815166,0.06113744075829384,2845.556244865719,19.287045813586097,39.2335924787561,0.2693522906793049,0.32717219589257507,0.18341232227488152,0.0024067070512708527,2.636642238458027
양서중학교 옆,713,364,22.376373626373628,0.8798035604665438,0.04211172498465316,0.11307550644567219,2314.7448275015354,19.500552486187846,36.66979388770434,0.23879680785758134,0.13775322283609576,0.12203806015960712,0.0007049368678732,2.9885394530538045
두산건설 본사,2347,346,10.017341040462428,0.4125793421811887,0.031159838430467397,0.07761107905366417,2625.8114772071553,26.710328909405654,40.30643513789581,0.0946335833814195,0.2657241777264858,0.16676283900750144,0.0017835787466859018,2.770542657495259
파스쿠찌 청담사거리점 앞,4929,361,14.781163434903046,1.1341829085457271,0.029610194902548726,0.09820089955022489,4118.691664167915,31.790667166416792,40.098398169336384,0.12368815592203898,0.2580584707646177,0.17634932533733133,0.0016188397399251396,2.845212415884726
SC제일은행 양재동지점 앞,4329,362,21.69889502762431,0.6803309993634628,0.032718014003819226,0.08338637810311904,1965.034426479948,18.760025461489498,37.83733412852244,0.24952259707192873,0.24608529598981538,0.11712285168682368,0.0009362006535638,2.9092587183245247
수연빌딩 앞,1630,365,33.29041095890411,1.0066661180149783,0.030120977697308864,0.1353798041313472,1768.4363418648666,17.19718541683812,38.7128866479201,0.08229775327133569,0.2532301868158999,0.09925109044523084,0.0006721838147415,2.9722659591915455
홍익중고 입구,1361,362,26.337016574585636,0.7169079085378645,0.032095657646318436,0.11674008810572688,1995.2205223410963,17.33291378225299,37.20636957536164,0.23526326830291588,0.15145794000419552,0.08590308370044053,0.0004891418623336,3.024969558584039
전농초등학교 건너편,621,364,16.77747252747253,0.770591124938595,0.0329130505976748,0.11118388734239397,2266.278534468642,19.15228426395939,36.49087924115286,0.2945799901752088,0.17619125593581136,0.1552317013263468,0.0010821717576646476,2.9149059265480615
학동로 래미안 아파트 앞,2311,353,10.090651558073654,0.3641212801796743,0.03537338573834924,0.10415496911847277,3085.6486805165646,25.085626052779336,42.839467005076145,0.13952835485682202,0.2501403705783268,0.1291409320606401,0.00087816283488,2.927551489372657
KT관악지점,3812,364,27.57967032967033,0.9888435103097918,0.033668692100806856,0.1165454726566391,1639.1151877677037,16.232592887737823,34.00475907198096,0.14722581930471162,0.19225022412590898,0.07530630540890527,0.0002626758655874,3.0925216530880224
낙성대역 3번출구 뒤,2148,362,18.055248618784532,0.9859241126070991,0.03335373317013464,0.11291309669522644,2233.650211138311,22.534424724602204,36.75521483330362,0.13785189718482255,0.2178702570379437,0.08598531211750306,0.0004622689839167,3.0222067912134682
녹번역1번출구앞,4658,363,14.388429752066116,0.8150488225157955,0.03771778671261727,0.13421405322611527,2141.3203752632576,18.229561554662073,40.018879932117095,0.10070840513115069,0.2280298678920161,0.10626076967260195,0.0005401043771977,3.0144443142606665
삼전역 1번출구,2618,365,59.64383561643836,1.04983922829582,0.03504823151125402,0.12181901699586586,1975.087421221863,21.204134129536058,35.109655060377975,0.16541111621497473,0.23137344970142398,0.0954983922829582,0.0006151011244888,2.975548250626443
롯데캐슬골드파크3차 301동 앞,1869,365,27.87123287671233,1.0017693895606017,0.04315344539467217,0.10341098987515973,1690.2633923129845,16.02467315442839,35.65967101531481,0.3394278973754055,0.165929421016416,0.16111274943477832,0.001314657964206353,2.8509560767249975
신정이펜하우스 1단지아파트 입구 사거리,757,364,16.708791208791208,0.4944097336402499,0.04094048010522854,0.11312068398553107,2043.6581420585328,16.953469253535022,31.91378970211087,0.27540282801709964,0.1448536665570536,0.1869450838539954,0.0012336559400375315,2.8970071650452542
대모산입구역 2번출구 앞,2337,365,15.945205479452055,0.8702749140893471,0.033848797250859104,0.1302405498281787,3313.3708075601376,27.4553264604811,41.84340091021928,0.19192439862542954,0.1879725085910653,0.08745704467353951,0.0003973392299729,3.0638846601993386
가락고등학교 앞,2614,362,16.58839779005525,0.8034970857618651,0.03463780183180683,0.09658617818484597,1816.426116569525,17.681765195670273,39.23619047619048,0.2779350541215654,0.12522897585345544,0.1495420482930891,0.0009669640623901,2.9159497604602937
현대아파트 앞,3903,365,20.16986301369863,1.0491714208095626,0.037489812550937245,0.10812279271936974,3201.538481390927,24.69532735669655,34.313037723362015,0.24966041836457484,0.20130399348003264,0.12605270306981797,0.0007444538597397,2.991042171249015
관악구청교차로,2128,364,12.596153846153847,0.9917121046892039,0.03227917121046892,0.12170119956379498,1945.9707851690289,21.70730643402399,34.65706343189285,0.10752453653217012,0.18037077426390405,0.06804798255179935,0.000366823996852,3.047767176571682
개봉지구대 개봉치안센터,1930,365,26.964383561643835,0.9916683600894127,0.04104856736435684,0.1186750660434871,1800.503306238569,16.588396667344036,36.09134615384615,0.20910384068278806,0.18248323511481407,0.09601706970128022,0.0005066468242211,3.02931322922892
송파시그니처롯데캐슬,5773,361,9.734072022160666,1.083096186681844,0.03500284575981787,0.114114968696642,3119.895017074558,25.381331815594763,38.214071856287426,0.30421172453044965,0.15737051792828685,0.11952191235059761,0.0008517972764785,2.930513636399405
강변아파트 310동 앞,2709,365,37.484931506849314,0.9496418652243824,0.029381669346586755,0.13791843297763484,3497.868014910099,28.969595088437362,39.920732766105225,0.20026311942698435,0.20406373337231398,0.07286946352872387,0.0005231637162094,2.993685155632907
상계주공13단지 1301동,4043,359,9.994428969359332,0.6675027870680045,0.03288740245261984,0.09698996655518395,1951.196025641026,17.67865105908584,34.57969151670951,0.23494983277591974,0.14214046822742474,0.14018952062430323,0.0008197498722982,2.952314181844332
구의7단지현대아파트,3563,362,7.671270718232044,0.9895570759812747,0.04321209938782859,0.1303564998199496,2231.4462297443283,19.249909974792942,34.72489253614693,0.36694274396831117,0.16996759092545913,0.18617212819589485,0.001531611557393794,2.818131887034315
여의도 은하아파트,4563,364,19.50824175824176,0.9832417969300099,0.030981551894099423,0.11125193634699339,2073.6661963103793,20.88818476270948,39.90800124533001,0.21419518377693283,0.21489930995634415,0.09026897620053513,0.0007585780627111,2.900457518650026
초롱타운 앞,2825,361,10.191135734072022,0.9706441967926067,0.042131013862462624,0.10899701005708073,2510.8379369393865,21.66865996194618,35.37735215053763,0.2935580320739331,0.1519434628975265,0.12829573253601523,0.000979220523274,2.903133937709203
오금동 대림아파트 정문,4871,362,20.787292817679557,0.9259800664451827,0.03149501661129568,0.12039867109634551,1881.293346179403,16.270033222591362,36.085847589424574,0.15840531561461793,0.18591362126245847,0.07787375415282392,0.0006474335885427,2.931271929918837
상도효성해링턴플레이스,4152,365,13.005479452054795,0.7153991994944175,0.03644406993890879,0.11986517800716241,2244.8908447440485,21.114388034548135,39.5365440464666,0.16599957868127238,0.13903518011375604,0.0821571518854013,0.0002673883549626,3.103012000917262
양지사거리(센트라스APT 115동앞),3555,362,7.005524861878453,0.8470031545741324,0.03194006309148265,0.111198738170347,2077.2003470031545,18.986198738170348,37.74288217257994,0.25236593059936907,0.138801261829653,0.11750788643533124,0.0009123830648683,2.92170407339719
당고개역 앞,5315,179,9.664804469273744,0.9,0.035838150289017344,0.1375722543352601,2456.8729537572253,18.214450867052022,40.94157862026103,0.18265895953757225,0.19075144508670522,0.08786127167630058,0.0004370876815872,3.0291417949104535
천왕지구삼거리 앞,1981,365,20.221917808219178,1.3662105405771576,0.043219076005961254,0.1258637041051348,2199.5756333830095,18.173147270017612,38.815065022800205,0.3349139682969787,0.1456442216501829,0.1365668608589622,0.0010608107859300957,2.907427176127015
돈암삼성풍림아파트,1392,322,6.260869565217392,0.13690476190476192,0.022321428571428572,0.125,2828.3186259920635,20.499007936507937,34.3338898163606,0.25396825396825395,0.14583333333333334,0.11408730158730158,0.0008270066321282,2.9223912351346866
삼양동사거리,3726,363,14.391184573002755,0.998468606431853,0.02622511485451761,0.1464395099540582,2753.4238303981615,24.86313169984686,44.24155251141553,0.11485451761102602,0.16558192955589587,0.06680704441041348,0.0001836364933016,3.1191873474757075
상계주공15단지 버스정류소,4018,364,27.423076923076923,1.0042075736325387,0.03295932678821879,0.12302143858946103,1905.0347715888583,17.88829893808856,37.11969557195572,0.2167902224003206,0.21729112402324186,0.08645562011620918,0.0005955160254419,2.984000576891649
푸르메병원,488,365,42.723287671232875,1.0374503013979737,0.032448377581120944,0.10510452738232653,1576.375241118379,15.07829934590227,37.83291018724214,0.19937155316147237,0.2037322046941131,0.0995895857381044,0.0007010576933848,2.9436938467991025
신내어울공원 앞,1420,365,22.08219178082192,1.039578163771712,0.0228287841191067,0.10669975186104218,2535.320084367246,18.327543424317618,35.331136044880786,0.14615384615384616,0.15148883374689825,0.17034739454094291,0.0011285238536999523,2.9002946112246737
구의3동주민센터,555,362,16.359116022099446,0.9658899020601148,0.033772374197906116,0.12563323201621074,2519.5490324214798,23.865923674434313,37.059263754045304,0.10520094562647753,0.23066531577169874,0.12208713272543059,0.0005706151383422,3.013836335513797
숭실대학교(중문),2094,344,10.686046511627907,0.20919477693144722,0.028563656147986942,0.11643090315560392,4300.908207290533,30.44504896626768,37.13090551181102,0.1395538628944505,0.18443960826985853,0.10174102285092491,0.000446303529947,3.046502171934108
신도중학교앞,977,330,6.9,0.32059727711901626,0.04084321475625823,0.12033377250768555,1765.6341809398327,16.613965744400527,39.780849974398365,0.21914800175669744,0.14931927975406234,0.08388230127360562,0.0007826560221373,2.90984539657189
강서아동복지센터,3781,310,2.693548387096774,2.0155688622754493,0.03592814371257485,0.10179640718562874,2703.0080598802388,22.161676646706585,42.35294117647059,0.14850299401197603,0.1401197604790419,0.14251497005988023,0.001390509898366939,2.722288649077589
로제우스 레포츠센터,3431,354,6.389830508474576,0.5181255526083113,0.04509283819628647,0.13085764809902742,3915.47816091954,29.277188328912466,46.79190158892875,0.11715296198054818,0.17329796640141468,0.1348364279398762,0.0009968651652659,2.9269856035051274
순천향대학병원(한남오거리),864,341,19.01759530791789,1.04070932922128,0.031457208943716265,0.1272166538164996,5002.23238087895,35.6360832690825,38.26683701405366,0.06445643793369314,0.241017733230532,0.15312259059367772,0.0011370881564392746,2.89236566594694
구룡산 입구 (구룡산 서울둘레길 입구),2392,325,4.101538461538461,0.5063765941485371,0.04351087771942986,0.09527381845461365,2221.538244561141,16.247561890472618,35.76642335766423,0.26556639159789946,0.1447861965491373,0.1380345086271568,0.00122226633021096,2.8405799723348366
왕십리 자이아파트(101동 앞),3527,124,1.9919354838709677,0.5789473684210527,0.02834008097165992,0.15384615384615385,1843.152145748988,16.39676113360324,36.98689956331878,0.2550607287449393,0.20647773279352227,0.13765182186234817,0.0010892916983104497,2.875852506772335
안골마을입구,2288,276,2.213768115942029,0.5826513911620295,0.0425531914893617,0.1309328968903437,3161.133747954173,22.680851063829788,42.02605863192182,0.16202945990180034,0.1342062193126023,0.07528641571194762,0.0005071549610716,3.0103879164707505
구룡역 4번 출구,3648,343,4.142857142857143,0.9950738916256158,0.048557353976073185,0.1414496833216045,2150.484159042928,29.313863476425052,37.15576592082616,0.12456016889514426,0.22800844475721324,0.08655876143560873,0.0006272975492056,2.9484151162897616
공릉산 백세문 입구,4044,322,3.5527950310559007,0.9248251748251748,0.03409090909090909,0.18006993006993008,2131.5372639860143,18.075174825174827,42.38565488565489,0.1486013986013986,0.12150349650349651,0.08304195804195805,0.0006764584725686,2.95900103297697
능안마을입구,2287,247,2.6275303643724697,0.34514637904468415,0.032357473035439135,0.03389830508474576,2243.6468258859777,25.19722650231125,46.96084828711256,0.09244992295839753,0.25115562403698,0.19568567026194145,0.0030277466828320817,2.492728014595267
남영역 건너편,835,251,31.04780876494024,1.0368279224945465,0.02823046323623765,0.1158732195560118,1875.3999063261895,18.28666752213525,36.61988486074374,0.14872321313999742,0.20954702938534583,0.09495701270370846,0.0005103151655905,3.0103404281990165
새정이마을버스정류장 앞,4338,174,1.7758620689655173,0.48220064724919093,0.025889967637540454,0.19741100323624594,4134.761391585761,30.65695792880259,41.76136363636363,0.11650485436893204,0.14886731391585759,0.10355987055016182,0.0009830162545428,2.8654102191957285
신명초등학교 건너편,4954,183,16.038251366120218,0.541396933560477,0.04258943781942078,0.11584327086882454,1685.6657649063027,17.449063032367974,37.223241590214066,0.3400340715502555,0.10834752981260647,0.15706984667802384,0.0017968097262248068,2.7256438529783398
영문초사거리,5883,184,87.78260869565217,1.0271792966815254,0.03894254581475978,0.1284051510648836,1676.2669229816734,19.44217434373452,36.69541738543464,0.14029222387320456,0.23978454680534916,0.10970777612679544,0.0006671001772987,2.9554601439490202
노룬산시장 앞,3894,184,53.92934782608695,1.0042325909503174,0.03849642245288723,0.13121031945984077,2331.698314017938,26.289428600221708,36.402372838571246,0.22997077496724783,0.21908696966643154,0.0983573516073768,0.000575710964252,3.0154802677145383
독산동 한양수자인아파트 앞,1828,184,26.527173913043477,0.48248309772587583,0.04240934234787953,0.1024380249948781,2056.1772300758043,16.96762958410162,37.590739357729646,0.30280680188485964,0.16308133579184594,0.17516902274124155,0.001075098414098752,2.936165043296419
유원지식산업센터 앞,4398,184,49.14673913043478,0.9805374322680527,0.038151056065465,0.12307862435032622,2353.9670618157693,26.7447749640606,34.64992987377279,0.09808691805816654,0.27800508680747543,0.14696450293044344,0.0013578275202485383,2.7656786200218164
한강버스 마곡 선착장,6184,184,37.19021739130435,0.9200642992839398,0.021920210434020166,0.16732427297968727,4815.216052900773,33.61493497004238,39.78324187420853,0.06970626918018413,0.24433727897121146,0.09016513225193629,0.000775164572955,2.939759569759589
불암산역 앞,5315,183,11.639344262295081,0.7309859154929578,0.030985915492957747,0.12910798122065728,2442.2014507042245,19.236150234741785,41.23888255416192,0.2061032863849765,0.20985915492957746,0.09248826291079812,0.0005121200599528,3.0217021311440226
사당역 1번출구,4348,165,3.703030303030303,2.9639934533551555,0.03927986906710311,0.09165302782324058,3095.674533551555,27.28314238952537,37.556497175141246,0.19148936170212766,0.23731587561374795,0.10147299509001637,0.0008482376575536,2.9261628071894448
가양나들목,6185,41,2.292682926829268,1.1914893617021276,0.07446808510638298,0.11702127659574468,3646.842234042553,29.382978723404257,41.375,0.22340425531914893,0.10638297872340424,0.1702127659574468,0.0017062459131834417,2.7529599835070484
LH강남힐스테이트아파트,3642,179,22.067039106145252,0.3318987341772152,0.03215189873417722,0.1220253164556962,2399.452812658228,18.81721518987342,37.16049053585711,0.25063291139240507,0.1278481012658228,0.11316455696202532,0.0007489393615695,2.965863974356295
당고개역 앞,5315,179,9.664804469273744,1.1710982658959537,0.035838150289017344,0.1375722543352601,2456.8729537572253,18.214450867052022,40.94157862026103,0.18265895953757225,0.19075144508670522,0.08786127167630058,0.0004370876815872,3.0291417949104535
독산동 한양수자인아파트 앞,1828,184,26.527173913043477,0.47654169227617293,0.04240934234787953,0.1024380249948781,2056.1772300758043,16.96762958410162,37.590739357729646,0.30280680188485964,0.16308133579184594,0.17516902274124155,0.001075098414098752,2.936165043296419
불암산역 앞,5315,183,11.639344262295081,0.9511737089201878,0.030985915492957747,0.12910798122065728,2442.2014507042245,19.236150234741785,41.23888255416192,0.2061032863849765,0.20985915492957746,0.09248826291079812,0.0005121200599528,3.0217021311440226
구립수락노인종합복지관,5330,362,21.39779005524862,1.0824941905499612,0.03150012909888975,0.11360702297960237,1846.2638058352702,17.008004131164473,38.67839036755387,0.24812806609863153,0.17518719339013686,0.12742060418280401,0.0009116313960811,2.8925838613080397
강동리버스트6단지,3673,364,11.021978021978022,1.0812562313060818,0.038135593220338986,0.11440677966101695,2672.724508973081,27.515952143569294,43.713366481427315,0.21535393818544368,0.1600199401794616,0.11340977068793619,0.0007156976367894,2.968010419889789
삼육대 입구,1646,359,10.2033426183844,0.9705159705159705,0.021294021294021293,0.10510510510510511,4338.935995085995,27.026208026208025,35.62431473718156,0.15342615342615343,0.1395031395031395,0.07507507507507508,0.0004312617565075,3.0249454365995163
청소년수련관 후문,4029,365,125.10958904109589,1.0213949414212198,0.037271433263987734,0.12007007555020256,2813.703416621043,23.12098981714661,38.47498951342282,0.25117705025730863,0.18600678856892588,0.1346764480455491,0.0008025218335673,2.9398522551460196
성균관대입구 사거리 B,3420,365,27.427397260273974,0.991409449605434,0.029667365897512735,0.12106682649086005,1943.3331305563881,17.199480571371492,33.31107414448669,0.11287583657976226,0.19918090100889022,0.0758166017380881,0.0004145768563613,3.0392676582808864
성동구 견인차량 보관소 앞,3560,365,45.536986301369865,0.9291859695565851,0.03664039468142711,0.10258107213765719,2436.236266169303,20.944888995848626,38.369482547874505,0.19342999819505444,0.21839841164791526,0.09451898201070934,0.0005713579457659,3.0119360168631917
한내 행복발전소 옆,4027,365,74.31780821917808,1.0354641303546412,0.031261520312615206,0.18318218683182186,2889.4441985548915,24.35888077858881,38.244629244629245,0.0446803804468038,0.2390326623903266,0.11107424611074246,0.0013303115605156608,2.7363755287722085
양평역 1번출구,4561,365,122.93424657534247,0.991308417463395,0.03955784359608656,0.09384680528626507,1943.4243923692347,18.002340041452165,36.49993618053251,0.28229814356711463,0.23273383699939829,0.1386195984043146,0.0011341510806650473,2.8686055812014777
상일초등학교,1025,363,17.785123966942148,0.9959727385377943,0.032063197026022304,0.06768897149938043,2610.8312732342006,21.91201982651797,42.804907975460125,0.11555142503097893,0.3268277571251549,0.14606567534076828,0.0013139935403611626,2.8718572195180325
"7번가피자 서교망원점",184,181,71.07734806629834,1.1993781577924603,0.03676642052079285,0.13206373882627284,2571.7982635056364,25.611193159735716,36.46106020942408,0.15491643995336185,0.20474154683249127,0.08045083560046638,0.0004991159196503,3.011807959024818
석촌역 8번출구,2639,365,114.9945205479452,0.9833226121554333,0.03621375646248779,0.11397803349772473,1677.293606842499,18.372906392204513,36.13295696285387,0.17861482381530985,0.24418078288423511,0.09987372834917685,0.0006655660684168,2.9628409408855054
창동역 1번출구 앞,4065,290,127.9,1.088997330888895,0.03847294491925265,0.11824971017227899,2086.1497306624237,18.419724461459655,38.26688859027608,0.13030115122266858,0.26084494890943893,0.12234773934377612,0.0008254808554005,2.9445524663525773
노원문화예술회관,1683,365,55.87123287671233,0.9972049232579807,0.04128867748737312,0.11847202471436277,1995.8858083656141,16.432158093463443,35.04562127464466,0.2550875300348159,0.15730888049821018,0.10944932084538812,0.0006489251116841,2.990782147330076
신정1동 주민센터 앞,779,365,105.03287671232877,1.0730625766231057,0.04037874638078097,0.13115267235307926,1916.019977828208,18.311631061376737,35.349483085581454,0.17074888488927148,0.1887210788533271,0.08480058429193729,0.000491313423589,3.0155539661551125
목동아파트 613동 앞,4531,365,113.43287671232876,0.9921503272709707,0.04345095766007294,0.13366181194599425,1735.0001369466004,20.20225587517813,40.89477773461346,0.27348259787938073,0.1659783107504287,0.13235755863101709,0.0009756249690884,2.8694500916265393
다성이즈빌아파트(호원대 대각선 맞은편),1019,365,133.02191780821917,1.0633534488085186,0.04491998434700224,0.11655304512594485,1630.5506325046915,16.42650299672523,34.52748011620708,0.23345622309641012,0.19448849710625501,0.09956130414186559,0.0006786133344189,2.9556760662174066
서울숲 지식산업센터,4373,365,71.3972602739726,1.0255564082885649,0.04033000767459708,0.10095932463545663,2180.0313833461264,21.73031465848043,35.635380336408986,0.15529547198772065,0.19366845740598618,0.10310821181887951,0.0007315139525248,2.9548760704316086
망원역 1번출구 앞,102,365,94.63013698630137,1.0518818760856978,0.033063115228720324,0.13613202084539663,2575.30322177186,27.578343949044587,36.12615710129595,0.1272437753329473,0.22463810075275042,0.09189345686160973,0.0005824331232171,2.9887053596699014
동빙고근린공원,4639,363,21.068870523415978,1.1596495815899581,0.02536610878661088,0.16017259414225943,4801.290730910043,36.20031380753138,39.282807570977916,0.08747384937238493,0.22515690376569036,0.09165794979079497,0.0007541224090697,2.9333975594140513
항동하버리안2단지아파트 후문,3911,359,5.66016713091922,1.2741141732283465,0.04625984251968504,0.13139763779527558,2329.669832677165,23.49704724409449,39.01881720430107,0.2544291338582677,0.11318897637795275,0.12106299212598425,0.0007179797345706,2.969114436606035
신창시장,1737,365,52.21917808219178,1.103672612801679,0.036096537250786986,0.1208289611752361,2609.953029380903,25.30566631689402,39.316547192353646,0.19931794333683106,0.1803252885624344,0.09800629590766002,0.0005011446673863,3.025071578800686
리버뷰신안인스빌2차 후문,4557,365,51.512328767123286,0.9553239017125837,0.034889905329220296,0.12956068503350707,2032.5152276353604,17.839325603659184,34.42660799324854,0.2048186363152856,0.18412934794170832,0.09770237208807574,0.0004677674619115,3.0255552392240754
교육개발원입구 교차로,2244,181,37.52486187845304,1.0254711425206124,0.026943462897526502,0.11881625441696113,2591.8320141342765,22.68816254416961,37.375567026435164,0.1061542991755006,0.24263839811542992,0.11896348645465253,0.0007136302761326,2.9712908067077812
현대자동차 동부서비스센터 주변,4386,365,40.61643835616438,0.9092748735244519,0.032984822934232716,0.0736593591905565,2025.361301854975,17.754401349072513,36.02041908840624,0.24128161888701516,0.1885328836424958,0.11669477234401349,0.0009848344908954,2.8949344494314673
KC 대학교,1183,181,16.29281767955801,0.6551373346897253,0.049508307900983387,0.10478128179043744,2051.163903017972,16.35096642929807,32.511684687827,0.3292641573414717,0.1258053577483893,0.11664971176670058,0.0012590006189391308,2.7732271799973423
백련산 힐스테이트 3차,909,364,17.73076923076923,0.33467616981716763,0.03594669972110319,0.09807871087697552,2959.948693833282,21.367369073442827,37.6447461212976,0.2950108459869848,0.12178493957235823,0.16330957545708089,0.0010019516371976836,2.9421533229075623
상계중학교(당현2교사거리),2920,365,25.367123287671234,0.9785073982071498,0.038881088670482775,0.14310400691219355,2072.9656517982517,18.601360838103467,34.48780162644981,0.1537963062965763,0.19073334053353494,0.0704179717032077,0.0003443901173266,3.063930597245819
"마곡엠밸리14단지 버스정류장(마곡엠밸리11,12단지상가방면)",5074,365,103.61643835616438,1.0040454785827604,0.04032258064516129,0.09653622421998942,1185.8092882072958,11.63802221047065,35.08124672764791,0.17895293495505024,0.23170280274986776,0.08905341089370704,0.0006475427353116,2.9514328310656603
삼성전자R&D어린이집 뒤,4319,347,8.195965417867436,0.6610407876230661,0.0319971870604782,0.07172995780590717,3116.633804500703,25.85689170182841,38.158794421952315,0.1729957805907173,0.3062587904360056,0.11357243319268635,0.0010575001664948965,2.8586413026411392
송파레이크힐 상가,4895,365,31.03013698630137,1.0020307257637295,0.04061451527458944,0.11928306551297899,1908.6246733180271,18.26028606745541,38.7203947368421,0.1719936429454353,0.21225498852198482,0.08405438813349815,0.0003903570265388,3.062744823607888
한화오벨리스크 앞,4212,365,25.75890410958904,0.9124654328866199,0.03446075303126994,0.1177409061901723,1658.544889385237,13.996596468836417,32.88668555240793,0.28472665390342483,0.177515422250585,0.1694320357370772,0.0009991374219449,2.9578272047573755
KT혜화지사 앞,356,365,37.24931506849315,0.9897764048249486,0.027802294792586054,0.10002942041776994,1679.2746432774343,17.04824948514269,36.01049954884751,0.15431009120329509,0.17394822006472493,0.09716092968520153,0.0006596877530594,2.9745140403822665
하계역 4번출구 앞,5323,365,41.153424657534245,0.997736502230211,0.03614939085280607,0.11570468011450635,1769.870029292323,18.081619066640037,35.66394906436835,0.14299980027960854,0.22541774848545368,0.10312229545303242,0.0004936746369328,3.02594497108452
영등포구청역 1번출구,230,181,222.24309392265192,0.9957241585044498,0.03940237657236613,0.09628101228061453,1451.1207281360278,17.75088251379705,36.953880348212635,0.2325361706359071,0.23529557997315168,0.12971709839407347,0.0009844037152992,2.8949964248560955
구로역 광장,1946,365,81.62191780821918,1.0307465091299677,0.0379296455424275,0.08807733619763695,1894.0746408431828,15.903698979591837,37.687487423028934,0.2092843716433942,0.2796388292158969,0.1504095059076262,0.0011914624550701948,2.8438426956731906
문정 법조단지5,1241,363,17.911845730027547,0.9470932020916641,0.029836973239003382,0.12042448477391572,2556.1938695785916,20.780836665641342,36.56975681111721,0.2040910489080283,0.2617656105813596,0.11150415256844048,0.0009060930417065,2.8927029154464616
HID 유족동지회 앞,854,315,4.904761904761905,0.6310679611650486,0.021359223300970873,0.21100323624595468,3555.7626019417485,32.18899676375405,33.43346613545817,0.04789644012944984,0.23883495145631067,0.1022653721682848,0.0007535465171081,2.952964287019332
배명고등학교 건너편,4886,365,28.34794520547945,1.0390451338552238,0.03527592538900164,0.11945491446796173,2392.7136058760984,21.054605199574755,35.960076045627375,0.282690634966657,0.14332656808736832,0.15105827776167005,0.000939413025298,2.9287951627057174
북가좌삼거리2,3122,365,22.17808219178082,0.9747992588017295,0.04570722668313774,0.12748610253242743,1999.704987029029,15.726991970352069,39.63577493164484,0.30179122915379863,0.1390982087708462,0.11785052501544163,0.0007449262358254,2.976847055471895
효창동주민센터 앞,823,358,10.614525139664805,0.7257894736842105,0.026578947368421053,0.13605263157894737,2563.918455263158,23.91657894736842,40.276964445772336,0.27,0.15105263157894738,0.1081578947368421,0.0006573734225916,2.9801277393001366
을지로4가역 9번출구,473,365,56.18630136986302,0.969133996489175,0.03705870879656719,0.0903062219621611,1835.0904349522104,20.285108250438853,37.72357539367849,0.21498927247903257,0.18563487419543592,0.10781158572264482,0.0008641057339278,2.9186365305366295
휴플러스 수락한신아파트 101동 앞,4035,364,22.623626373626372,0.8760170006071646,0.03230115361262902,0.13515482695810566,1297.9489763205827,13.499210686095932,39.61526696329255,0.29277474195506986,0.15846994535519127,0.13989071038251366,0.0009596902373324,2.9086350065597633
대학로 마로니에공원,342,365,61.19178082191781,0.9681217819565704,0.02552048354600403,0.12200582046115961,2142.056977837471,20.150078352361763,36.53622965131207,0.1494067606895008,0.22659503022162525,0.1058428475486904,0.0006991642686202,2.960084501799642
구룡근린공원,489,362,12.201657458563536,0.803033733303147,0.032827711116142175,0.10776545166402536,1501.1037649988687,14.331446683269187,35.26423200859291,0.2637536789676251,0.1949286846275753,0.11433099388725379,0.0008304057118874,2.951538569984721
성산유수지공원,5508,365,37.21643835616438,1.0387220259128387,0.03724970553592462,0.13780918727915195,2614.5661542991743,22.68256772673734,37.816466701443225,0.17446996466431094,0.19390459363957596,0.08406949352179034,0.0004833042836199,3.0071932173619373
철도교통관제센터 정문 앞,3934,365,53.99452054794521,1.0621067586766795,0.06144712806981936,0.1103105337933834,1481.8832590826044,9.708595494215547,44.48977673325499,0.39775725593667544,0.4162269129287599,0.38086056423787296,0.008572368084303022,1.8670657120796532
롯데캐슬 앞,224,365,63.64657534246575,1.0111919418019026,0.03241358529551031,0.10787310059833843,2305.714208170121,22.590159700400328,38.27365554799183,0.12151866041065816,0.2665834445353192,0.12298222203090697,0.0008872324467686,2.9111054880779563
돌곶이역 앞,4408,258,67.1937984496124,1.1440355329949239,0.03386017535763729,0.09771573604060914,1929.7980041532062,17.402630364559297,36.41341962752609,0.08687125057683434,0.2868020304568528,0.13930549146285187,0.0008766357555276,2.945590002828474
남부고용노동지청 남측,231,365,75.06849315068493,1.0068248175182481,0.04131386861313869,0.08572992700729927,1474.6779281021898,17.331277372262775,36.051492570612645,0.18722627737226277,0.20543795620437957,0.11156934306569342,0.0007724062579549,2.9268985393876434
서울보증보험본사 앞,345,364,39.17857142857143,1.0668957296122292,0.032255802538391415,0.06402075590772036,1604.0428784797703,18.233223476614544,40.057424315233064,0.2089615034008835,0.22004067035972233,0.1300750298015567,0.001090760215636241,2.822763243466333
서울복합물류 게이트 1,4852,365,52.73972602739726,1.104,0.05376623376623377,0.10997402597402597,2554.4116566233774,19.21303896103896,40.42815986269462,0.14607792207792208,0.18825974025974024,0.14836363636363636,0.0011528070875733215,2.8962839698892515
중앙근린공원,165,365,33.364383561643834,0.7973394646083101,0.04015437674494991,0.12440466414846445,2254.019531121694,20.28370832649039,42.76694229732159,0.35424536048612254,0.14838232878962063,0.1892757431433733,0.0015308261642524147,2.817549214250921
학여울역 1번출구,4930,359,13.841225626740947,0.6902797343529885,0.030187160394445564,0.11350372308311532,2771.7892875830157,22.045280740591668,39.07921291624621,0.30046286979271486,0.18997786274904407,0.20225397464278527,0.0018573648576857293,2.724971481455001
성내7교,1277,365,31.457534246575342,1.0408465424142135,0.03858212854903327,0.11722696394356384,2753.222989897229,23.520205539104687,39.958549750483755,0.24551471869012367,0.15624455669743947,0.10006967427277477,0.0006172071847884,2.9724034496578797
서울숲역 5번 출구 옆,511,364,35.277472527472526,1.0102795732419594,0.028346701970251537,0.10988240791215638,2840.6045082158707,31.19702515380422,34.76493696327425,0.1538042208550736,0.24063546452768475,0.12047348337356904,0.00123084559332899,2.803836512509317
종로구청 옆,305,360,77.76666666666667,0.9706029432776111,0.028432633233319047,0.08726246606658095,2169.6060840834416,22.18224032004572,41.27351794871795,0.14241320188598372,0.23210458636948134,0.1411630232890413,0.0013207800811297092,2.779815396873704
삼익세라믹아파트교차로,1726,365,33.608219178082194,0.979375560446727,0.03195565337898427,0.1276595744680851,2287.4975699029906,18.25287356321839,36.010147234381215,0.17828319882611887,0.19605445504198254,0.07891089916034891,0.0004327053453072,3.0382336326041166
도봉세무서 앞,1560,364,24.678571428571427,1.0189246354224646,0.032505844372704,0.11432706222865413,2294.2062351107634,24.955248803295113,40.804478566858606,0.11065345652899922,0.23199376600244906,0.09261939218523878,0.0005108162809046,3.031020259278617
영등포구 총괄 우체국,4600,181,52.59668508287293,0.9851890756302522,0.05136554621848739,0.09044117647058823,1684.0132542016806,17.668802521008402,36.4842397336293,0.22710084033613445,0.16302521008403362,0.09737394957983193,0.0008144909311764,2.921050032507564
마포역 2번출구 뒤,146,365,62.21643835616438,1.0874102778634023,0.025276322163019067,0.12576511515258268,4250.772763221627,32.38852437359637,39.51686085305138,0.133251133911665,0.2583557179972698,0.11678189264168391,0.0007422170071388,2.95522116952999
아차산역4번출구,574,365,68.4958904109589,0.6008959641614335,0.034318627254909806,0.11847526098956042,2697.7564017439317,22.68453261869525,36.3970150663581,0.19603215871365146,0.187832486700532,0.10963561457541698,0.0006828154375614,2.972912125761842
한양대후문역 부근,537,342,29.9093567251462,1.0032261218105387,0.030110470231694202,0.13100009776126698,2613.619759507285,21.102747091602307,31.435831276643484,0.10137843386450289,0.19630462410792843,0.06970378336103236,0.0003676855020253,3.0475975498722367
서울남부교정시설 앞,3922,364,15.211538461538462,1.023659021130576,0.03575943651797002,0.08939859129492506,1988.773285172475,15.166877370417193,39.330885836096634,0.20317861657937514,0.1300343146108001,0.3496478237312624,0.005053091373861263,2.2970166181980423
성신여대입구역 3번출구 앞,1385,365,42.16164383561644,1.0007147962830594,0.030671258691272987,0.12833842354928846,2147.104728052505,19.12476444213399,35.9766860949209,0.1350315160179349,0.18955097797127818,0.07186951718760154,0.000336584270625,3.0556094772426214
상봉신협 앞,4824,364,48.57692307692308,0.9852957810202466,0.03749575839837122,0.1220450175319534,1591.7768448139373,14.536364664630698,33.98702737940026,0.3238321456848773,0.169324737020699,0.15450740866417825,0.0011102573774378788,2.91111924486403
영등포유통상가 사거리,265,365,54.9013698630137,0.936972902839463,0.036129547382603926,0.10210090323868456,1561.3632641349377,17.49902689754978,37.4099854862119,0.1813463745695893,0.22421278506911524,0.11532511602375368,0.0006075653679574,3.0005833134036726
한국종합기술사옥 앞,1023,365,65.98082191780821,1.0202632562388407,0.031889714736536144,0.048166756633309805,2195.3229074450865,18.15226508325375,37.903121843282506,0.060208445791637255,0.3228003155753021,0.20221733172777479,0.002514733321837673,2.6236198501528585
서울북부고용노동지청,1553,365,22.59178082191781,0.9990298326461314,0.03431967014309968,0.12442396313364056,2613.8194664079565,25.496483143342225,39.906712663504386,0.15280135823429541,0.19791414018918263,0.08731506184816881,0.0003242236174114,3.079492805424843
장지역 1번출구,4491,365,43.99452054794521,1.0152571926765475,0.03350354963258189,0.10393573296799104,1756.4758737078084,16.407273633080084,40.00014700477765,0.1670195541163283,0.2778677294806327,0.13283098766969734,0.0009861153477013,2.9158187065724444
강남파이낸스센터앞(역삼역2번출구),2430,363,18.575757575757574,0.6721044045676998,0.02951208660833457,0.09046418508082456,2237.794337831824,22.010529437935638,38.01558219178082,0.1557170398932226,0.1902713925552425,0.11493400563547382,0.000864646511016,2.916171706779229
구로교 아래,4167,365,38.52054794520548,0.7006401137980085,0.03918918918918919,0.12987197724039828,3211.7713627311537,26.402560455192035,37.33714520773344,0.10440967283072547,0.2652916073968706,0.09551920341394025,0.0005310863195306,3.0258423503215615
오목로 무중력지대 앞,762,364,27.36813186813187,0.8962055812085926,0.028508331660309173,0.12557719333467177,3596.6982051796817,28.467576791808874,35.32183766473704,0.08321622164224052,0.24513149969885567,0.12075888375828146,0.0008021748762095,2.9453266085257965
중계역 6번출구,1668,365,88.10684931506849,1.0713019683447869,0.03834074442613265,0.12833110482291116,1815.579256817691,17.00388693678286,36.882252061592354,0.13815728100998165,0.23200348269535745,0.10012749152647782,0.0008217461038553,2.897867007146996
마천금호어울림 1차 102동앞,4473,351,5.84045584045584,0.9912195121951219,0.037073170731707315,0.11951219512195121,2708.1371707317076,22.81219512195122,41.88917929952954,0.2053658536585366,0.17560975609756097,0.1278048780487805,0.0009098139335052,2.935371700972178
청계8가사거리 A,362,365,64.85205479452055,1.0226014955008238,0.034810527649866925,0.13463731992733724,2431.6094334840086,25.485235097798995,37.06303959870738,0.26390942503485276,0.1690253897173757,0.13315871741793756,0.0007181574626721,2.9911196046763306
경찰병원역 3번출구 앞,2651,365,40.917808219178085,0.997254770672916,0.04070974221627051,0.11375962504184801,2118.164727820556,16.949983260796785,35.95089105717281,0.26501506528289254,0.19872782055574156,0.11550050217609642,0.0008399980913336,2.951326993631241
연세강서빌딩,5087,365,69.73150684931507,0.9806302058777306,0.040075436115040074,0.11826182618261827,2071.391625412538,17.312352663837814,35.314418562658,0.29184347006129185,0.16132327518466133,0.1250982241081251,0.0009567118950993,2.887809797705822
목동사거리 버스정류장,1140,365,72.82191780821918,0.9997366440933032,0.03999247554552295,0.11422121896162528,2027.2597246049636,18.842814145974415,37.06725449515906,0.23363431151241534,0.17279909706546276,0.11139954853273137,0.0005473073417878,3.0261012246804486
암사역 3번출구(국민은행앞),1008,365,93.24383561643836,1.188605512134924,0.03390726920138685,0.12058529705588529,2631.975158371042,24.29773168008462,37.03429865170818,0.15934065934065936,0.2332961156490568,0.0902039137333255,0.0004699363094536,3.032626461001586
공무원연금매점 교차로 (개포주공9단지 입구),2403,365,29.34246575342466,0.899906629318394,0.0357609710550887,0.13893557422969188,2544.5571736694706,21.808776844070962,38.898656091650146,0.2533146591970121,0.17777777777777776,0.11549953314659198,0.0006847730014301,2.98202883390743
해원리바파크 육교 밑,1908,365,82.48219178082192,0.9886733541486746,0.04397794459576164,0.11499368896565469,1643.4919501096128,13.138610243805221,37.21130669203933,0.28984255630106953,0.19514382515113265,0.16252574237693482,0.0013755096810267953,2.8294260585742483
도봉제1교,4077,364,46.425824175824175,1.0688206402745724,0.021066335286111605,0.1563406118705249,5838.581053908516,35.528847860820164,42.7283170591614,0.11474051719036629,0.23640452097757264,0.09059707675010356,0.0006743341194656,2.9540239209365287
봉천역 4번출구,2189,365,33.846575342465755,1.0921968593168205,0.03237817710862879,0.12821758135016997,1788.2735421725765,17.36935405536668,34.68782383419689,0.06451351788894286,0.2514165452485025,0.1039339485186984,0.0008681941747901,2.918350129378452
창동주공19단지앞,4080,365,42.04657534246575,0.9959601224995113,0.03251449794748159,0.11643969505440803,2366.422008861669,20.13566169283899,38.12681358324837,0.15162572489737408,0.22408288264807452,0.09506743989053235,0.0004847392406015,3.025138351146409
가양역 7번출구,5082,365,148.7013698630137,1.168767042523399,0.03624069570344167,0.10330532832191024,1474.8052163018656,14.72547719065517,35.58275891413497,0.15063748249686784,0.2967241506374825,0.11909499594664308,0.001004434121151046,2.8661834312574377
홈플러스 신내점 앞,1438,365,57.06027397260274,1.168627262687857,0.027944495126518462,0.1196043597253565,2579.3762980746133,18.72938973447928,38.49956212370005,0.14529216881932108,0.2612954338118788,0.1133624621885053,0.0007479371686772,2.9391139805750472
양천문화회관,794,365,88.73150684931507,1.017321764905672,0.040880600240837374,0.12983604532682866,1666.5845910396142,16.338777904714856,35.17515819924064,0.2024886528545404,0.1815852039398524,0.08410782103930589,0.0005744551029057,2.982201567821459
보라매병원역 1번출구,4179,346,94.77167630057804,1.044371931322619,0.033240828276051355,0.1145131286023604,3194.72262663536,27.556677137019303,37.40857472308606,0.09670336372785215,0.23219785916867433,0.10585221554694886,0.0007495833797235,2.945530912969809
중계동 을지중학교,1659,365,26.161643835616438,0.8837574615142947,0.04461200125667609,0.1429469054351241,1708.300105770237,17.041051418996755,37.06148826703476,0.20305791182322758,0.16420567598701435,0.08723426536810137,0.0005876867440124,2.9716345074126855
세종대왕기념관 교차로,636,363,14.644628099173554,1.1049661399548534,0.031038374717832957,0.07411587659894657,2017.5141986455976,19.05379984951091,37.39981949458484,0.09706546275395034,0.259405568096313,0.16422121896162528,0.0014592637461894123,2.8481220997052508
현대 뜨레비앙 아파트 앞,4713,361,40.470914127423825,0.9841204654346338,0.031143052703627654,0.11040383299110199,1750.3791129363462,20.343874058863793,39.55320197044335,0.10219028062970567,0.19828884325804244,0.10999315537303217,0.0009238303152479,2.8980580454853744
거여5단지 503동 앞,4855,365,16.01095890410959,0.9861396303901437,0.049110198494182064,0.14288158795345654,2136.9969815195077,18.86533196440794,41.70700996053373,0.1242299794661191,0.16546885694729635,0.14544832306639288,0.0008994797115293,2.934993323402549
구일역 1번 출입구 앞,1996,365,60.989041095890414,1.0006738241768114,0.03283769821661201,0.12914963388886394,4620.194486321375,30.87390503571268,38.332532821005444,0.19787969992363325,0.2505727505502897,0.10574547414761241,0.000877895542826,2.8986722792108783
종로5가역 4번출구,3414,365,38.56164383561644,1.0304795737122558,0.03282415630550622,0.11673179396092362,1976.7256753108352,20.411865008880994,39.447287704846204,0.18422735346358793,0.2107992895204263,0.10785079928952043,0.0007525118562243,2.947350017069133
용산 푸르지오 파크타운 1단지 앞,4632,361,11.246537396121884,0.48004926108374385,0.03374384236453202,0.14679802955665025,3318.363972906404,23.697783251231527,38.8093009651945,0.20615763546798033,0.21009852216748767,0.13817733990147782,0.0011466531717720778,2.857498433667156
훈련원공원주차장 앞,387,364,26.1510989010989,0.9393843891165038,0.030675491123017123,0.10641874146443954,2334.337478726757,29.730223763000314,41.62946871896723,0.13026578422103163,0.22996113037083726,0.09108099590293098,0.0007412975992602,2.937416464813978
건국대학교 과학관(이과대) 앞,3523,351,20.943019943019944,1.0457080669296694,0.021901782070466603,0.04407563596789552,1200.2380329206908,15.55284995238743,26.18328708992982,0.056046796354237524,0.1889538838253299,0.14691878655965174,0.0015336494439060393,2.7291943308571605
e 편한세상 보문아파트 내,1352,350,6.32,0.8128390596745028,0.031193490054249547,0.12160940325497288,2525.841143761302,21.382007233273058,39.68792934249264,0.24999999999999997,0.17359855334538876,0.15596745027124773,0.0011181180264660476,2.882600015436688
목동1단지아파트 상가 앞,755,365,86.62191780821918,1.0006958281936933,0.03513932378150995,0.1311319859569219,1813.7389031217372,20.147483948508714,38.1811702243718,0.11942942088117153,0.21757282474618087,0.09074232216845368,0.0006136945070624,2.9737848582841657
북한산 코오롱 하늘채,1742,365,48.6958904109589,1.0027005738719479,0.03386969731067852,0.12383256441993924,2501.208380218298,20.013277821537077,37.36263230556834,0.22240351074603354,0.1441993923708788,0.10211544953302577,0.0004330950101778,3.0440504164600832
송파파인타운 7단지,1217,362,23.853591160220994,0.9786913723219456,0.039953676896352056,0.1239143022582513,1957.851004053271,19.903068905616678,41.363935288701825,0.16386797915460335,0.2294151708164447,0.07782281412854661,0.0004446975247814,3.026215582705753
명보사거리,428,360,17.155555555555555,0.9329663212435233,0.027202072538860103,0.06816709844559586,1972.9898283678758,23.128562176165804,39.089416763229046,0.08775906735751296,0.22895077720207252,0.13131476683937823,0.0011829125644405817,2.8338322011302894
경희대학교 청운관,661,364,28.186813186813186,0.9687134502923976,0.025048732943469786,0.08840155945419104,3192.030968810916,25.20243664717349,31.117698127247923,0.07407407407407407,0.15438596491228068,0.18167641325536063,0.0014437989466844503,2.8320934393224926
신세계면세점,4776,354,9.720338983050848,0.9439116535890729,0.022667829119442023,0.12205754141238012,2650.3687125835518,24.332461493751815,39.29025570145128,0.05056669572798605,0.32141819238593433,0.15140947399011914,0.0014236950656818755,2.7750390560041764
쌍용예가(구청별관),288,365,43.45479452054794,1.0074396318012735,0.040602736271357416,0.10188512704117017,1786.8271067398034,22.433894458104785,38.54489500362057,0.2282958199356913,0.204589874535023,0.10743332702856062,0.0007511217572703,2.9441925549898778
공항시장역 2번출구 뒤,1108,365,40.56164383561644,0.9956771361026681,0.04795677136102668,0.12637622424856468,1722.0215427220535,17.856332320162107,36.73526353675118,0.21060452549814251,0.1735224586288416,0.0867274569402229,0.0003713110819276,3.0660954987247373
신용산역 1번 출구,841,365,48.652054794520545,1.0820475278747608,0.022862935015204415,0.12366257461425836,3443.356265908324,26.50580020272553,37.62712867381156,0.05085032098209258,0.28116905056875774,0.15012951908998762,0.0012880881103312807,2.844708747577179
양천구청역 1번출구,4528,365,44.298630136986304,0.9940008658544127,0.04496258272001979,0.09029624590265323,1319.822180716186,13.0607335023811,37.29150621230836,0.23767703630403858,0.24905683715752366,0.11948790896159317,0.001118118759464132,2.8354884723387546
홈플러스 마포점 앞,419,365,81.46575342465754,0.8931898436186313,0.028552211198923826,0.1609887338153691,2789.1692550865996,24.701799226500757,40.951647411210956,0.06393139398015805,0.2743904489658652,0.10617117874558601,0.0011545703278994972,2.793244674831014
한강중학교 앞 버스정류장,4622,361,10.717451523545707,1.071336262600155,0.026104936676143706,0.12535538898940293,3836.789064357715,27.768674075988628,36.94198717948718,0.11139829413285088,0.24735073662445076,0.11656758852416645,0.000775132393674,2.9791504872301795
래미안라센트아파트 103동 앞,1322,364,30.763736263736263,1.0547419181996784,0.038042507590641185,0.11939632077156635,2501.301432398645,20.978656903018397,38.08335142174951,0.28906947669226646,0.1258260403643508,0.140918021075192,0.0008223931732048,2.9534610421292937
대륭테크노타운 18차,1859,353,17.5014164305949,1.0289737779216575,0.029297507283910652,0.033344124312075105,3310.451226934282,22.151505341534477,36.71351246858689,0.05843314988669473,0.3646811265781807,0.2737131757850437,0.004970856402732975,2.287262960535502
김근태도서관,4088,359,7.713091922005571,0.7020585048754063,0.031058143734200072,0.14409534127843987,3141.73348501264,24.615023474178404,41.33035351483137,0.10473094980137235,0.16251354279523295,0.08956301914048392,0.0007024126086755,2.956008741556128
올림픽공원 수영장,5781,362,107.99171270718232,1.0449185276136392,0.04190008441408948,0.11278233954927992,2167.5586803263977,22.085590770726217,37.70690165876777,0.16355869337221496,0.2535492287621825,0.11055687719028982,0.0012432767652547228,2.7212733709143
성동세무서 건너편,563,365,52.679452054794524,1.14582899937591,0.033752860411899316,0.05367172872893697,2109.0185744747246,18.87341377158311,38.0200868621064,0.12981069273975454,0.24750364052423549,0.24147077179113793,0.003148823076640965,2.5551795566687248
도곡1동 주민센터 교차로,2360,365,20.95068493150685,0.9758075062115863,0.03504642343402641,0.09703151562704329,2131.985986661435,20.00601543088793,40.020295478286826,0.15705505426964822,0.21420164770498235,0.10095462272786714,0.000725058875678,2.953232097751818
천왕연지타운2단지 앞,1952,365,39.37260273972603,1.393709553962842,0.040359056433094426,0.12706144318419038,3126.726692644911,23.36984204300327,36.83384815477158,0.22350567114327463,0.20054275972444507,0.10750817618815671,0.0006320796986683,2.9935333140255334
역삼중학교 앞(체육관 방향),3616,360,9.238888888888889,0.9657245941070355,0.039085989176187615,0.13168971737823212,2350.658638003608,22.03307276007216,40.29433681073025,0.15213469633193022,0.21587492483463622,0.09951894167167769,0.0005442815796275,3.0173014418723527
대치역 사거리,2372,365,30.24109589041096,1.1471281029171951,0.029171951440478346,0.13344808842181555,3198.187095488312,26.543123754303316,40.971444261394836,0.17213263272331944,0.217883674578728,0.10346077187896358,0.0008700157322371,2.895680973843931
레베쌍트 빌딩 앞,4913,354,9.067796610169491,1.0046728971962617,0.029906542056074768,0.08940809968847352,3176.6350031152647,27.955140186915887,39.465997770345595,0.08006230529595015,0.2607476635514019,0.14517133956386294,0.0010571621166978842,2.9075484135074903
에스테반,4234,364,14.271978021978022,0.5051010587102983,0.0383060635226179,0.11337824831568816,1916.4591780558226,15.446005774783446,34.956270245256825,0.35014436958614054,0.156111645813282,0.14109720885466795,0.0011623549678257507,2.8830406356072324
목동7단지아파트 A상가,4539,365,29.526027397260275,0.9138906931428041,0.03776561195137793,0.11914261853948223,1876.0978890229185,19.15690823049086,39.29781537802527,0.15189755961770438,0.2084995824440939,0.10039899786582537,0.0006060547323844,2.9940268328729083
도림사거리,255,365,43.04383561643836,1.015212271656801,0.03978104512761759,0.14512125262554898,1696.4449105722097,16.689135000954746,35.539673016349184,0.16459805232003055,0.21297180319521355,0.08280822353764879,0.0003686496065869,3.0696312977454805
아현역 4번출구 앞,142,364,21.793956043956044,0.9964704399344511,0.03554771208874322,0.12088743224505231,1885.3904676667091,15.843816967099459,37.7842733029009,0.2047144838018404,0.23131224001008446,0.09895373755199799,0.0006020591621161,3.0114155312871667
일원역 4~5번 출구 사이,2341,358,17.312849162011172,0.5979348176831236,0.037270087124878996,0.13536624717650855,2609.540987415295,21.20054856405292,40.11367978601452,0.13843175217812198,0.21458535011293964,0.08502742820264601,0.0005356239723904,2.9999907489611215
남부법원검찰청 교차로,704,365,76.65205479452055,0.9923868754021017,0.036743155336335695,0.10851383229680463,1643.7538930588307,17.322038744728,36.208207343412525,0.13360497533776539,0.2386875402101651,0.11223103867324326,0.0007515033067768,2.939752522519333
한내근린공원 남측,1641,365,20.002739726027396,1.0939597315436242,0.03684426790850569,0.14299411039583618,3477.6693466648403,26.148198876866182,40.48391332895601,0.17819476784002192,0.18586495000684838,0.09423366662101082,0.0006399916259365,2.9699483188079494
시청역 10번출구,4753,361,17.966759002770083,0.9168979340117176,0.03314831945729263,0.07832254085723096,1735.890414739439,19.66049953746531,41.04201680672269,0.15787850755473326,0.24082639531298183,0.13906876349059513,0.0011735255813362347,2.8108075776036547
태평양물산,1986,365,80.56986301369864,1.1393158324265507,0.03346028291621327,0.06613846572361262,3168.51669953754,25.3752380304679,38.21315483586517,0.053352829162132756,0.34392002176278563,0.22245647442872687,0.002679453933862451,2.6329983727902238
강일동 리슈빌 빌딩앞,1021,365,47.50684931506849,1.1544982698961939,0.03264129181084199,0.10403690888119954,1968.6326384083043,17.579757785467127,38.99903567984571,0.2129181084198385,0.1707035755478662,0.13414071510957323,0.0005660807417252,3.0361432578154703
아만티호텔 앞,4207,365,40.47671232876712,1.1019358332205225,0.02978204954650061,0.11506700961147963,2307.229306213619,24.206240693109518,35.239935327405014,0.10227426560173278,0.24272370380397995,0.11059970217950453,0.0007155486620174,2.9693550057007054
뒷벌공원 옆,2228,365,44.73698630136986,1.1415273439892217,0.040235164431379755,0.11427521587359912,1722.58302651724,18.35268540633229,38.09858750985875,0.21673096944087206,0.21905811745973425,0.11850082674995407,0.0008527084822464,2.9250649729973612
홍은도담도서관,4253,364,15.436813186813186,0.9861185264281901,0.03523758675920982,0.11852642819006941,3696.3879284570194,25.77291332977398,42.23818293431553,0.2559174230290087,0.1389927033279943,0.1206620395088094,0.0006587037444556,3.004775083712772
중부경찰서앞사거리 건너편,4761,361,12.002770083102494,0.9065312716362797,0.030463881837064388,0.10085391183937226,2310.09492037849,22.64181860143088,36.121964833938044,0.13616432033233325,0.2561735518116778,0.15139626125086544,0.00107418291157703,2.909624023409758
새절역 2번출구,914,365,69.98630136986301,1.1621060872969269,0.02783323546682325,0.13133685652769622,4046.4786674496004,30.476570757486787,38.48601414350705,0.11203758073987082,0.21338813857897826,0.09915834801330985,0.0005611855856289,3.0065045827739745
개롱역사거리 2번 출구,4873,365,33.85205479452055,1.0143250242797022,0.03617675623179022,0.11395273551311104,2295.7049854321785,19.253561022984783,37.92963067913479,0.19609906118484946,0.221997410165102,0.10067983166073163,0.0006417916630438,2.9859213150647532
서대문역 8번출구 앞,173,358,9.94413407821229,1.0019662921348316,0.027808988764044945,0.06741573033707865,2281.8660674157304,21.22359550561798,40.12902208201893,0.18230337078651684,0.2778089887640449,0.16797752808988764,0.0015563169808806407,2.785212529480818
경창시장,4544,364,23.57967032967033,1.6093440521962017,0.03972969824070838,0.11988815099615519,2439.0239741349183,19.933939182104158,34.2883851023112,0.2694861936385879,0.1907258534312012,0.11907258534312012,0.0007860670616158,2.962968108073644
반포쇼핑타운 8동 앞,2524,365,24.043835616438358,1.023928896991796,0.03315861440291705,0.13297629899726526,2692.1269735642672,23.30264357338195,37.54384263748442,0.09480401093892435,0.269257064721969,0.09970373746581586,0.0007749563196903,2.9277948080965643
장안동근린공원 입구,4107,365,20.70958904109589,1.1034528376769415,0.03862944833972748,0.13110199761873265,2372.852390527847,25.013361555761342,36.59972510690287,0.1508135996824977,0.2091546500859902,0.08334435771927504,0.0004926925970822,3.026041822179707
서울특별시 동부교육지원청(육교),681,350,6.06,1.0495049504950495,0.037246581801037244,0.09523809523809523,1814.9068741159838,18.564356435643564,36.6860718171926,0.17444601603017446,0.157001414427157,0.08486562942008487,0.0005355656760193,2.997080402027315
전농사거리 교통섬,622,365,32.21095890410959,1.141107425363613,0.031895891809134984,0.12800884579399507,2360.4916024496038,21.227694139661477,36.28643514395963,0.15352555924130307,0.18703750956876752,0.09237050267925491,0.0004295531142751,3.047505911162452
은평다목적체육관,995,362,11.494475138121548,0.8276856524873828,0.03508771929824561,0.12521028598894496,2120.086193222783,17.850516702715694,37.346186560816555,0.20860370103340542,0.2069214131218457,0.09180485460225907,0.0006352682546605,2.9685464022480823
우물골 근린공원,4686,365,14.64931506849315,0.9809238825509632,0.03833925565737797,0.13615111277351785,1653.11671404526,13.973443052178792,35.77234857014186,0.25565737796895455,0.1498036282027305,0.12867028240134654,0.000850643593937,2.9522886752457334
은천삼거리,3820,365,11.857534246575343,0.7874306839186691,0.042282809611829945,0.11691312384473197,2495.703059149723,20.712569316081332,39.38749663163568,0.13239371534195934,0.150184842883549,0.09357670979667283,0.0003586841466382,3.080437287003346
청구e편한세상아파트 113동 앞,6054,364,38.81043956043956,1.01578537552205,0.036101083032490974,0.11587739789056417,1767.4685064061741,21.17717845260848,39.66923615977576,0.20705032915693353,0.21434133220075033,0.08727967721384583,0.0006096930216894,2.9885124255470843
북가좌1동 주민센터,164,364,13.552197802197803,0.7891749442529901,0.03952969795256436,0.1141293330630448,1983.5988161362263,17.7474153659031,40.55806060606061,0.3292114332049463,0.12284613825258464,0.16217311980539226,0.0011568936142672054,2.861420762625796
약수역 3번출구 뒤,372,365,17.7013698630137,1.0010834236186348,0.031728834545735954,0.14347624206779136,2805.3710756848777,24.218077696950935,38.54702797202797,0.09642470205850488,0.2128153536604241,0.08837641232007429,0.0003665131270893,3.069483382127774
래미안 솔베뉴(구천면로),1086,365,15.257534246575343,0.9825821511941103,0.028191775902316394,0.13198060693122643,2219.018437780571,20.924582510325013,36.03914373088685,0.11743580535105047,0.2163763691865685,0.08565272041659185,0.0004493448332142,3.0315420792991326
삼익아파트,2054,365,37.657534246575345,1.0104765369225173,0.0411058566751546,0.12928337577300836,2833.359127682794,23.28570389232448,38.06213470011689,0.2646780647508185,0.1580938523099309,0.12251727901054929,0.0006874025287574,2.9971928176052827
역촌 센트레빌 아파트,971,365,18.43013698630137,0.18581834398691838,0.04994797086368366,0.11966701352757544,1614.413881373568,13.484762895793073,41.72870761056415,0.3744611268024379,0.0938011000445964,0.1780883008770626,0.0016115627467042902,2.7935622980219437
숭실대 입구역3번 출구 앞,2069,362,15.511049723756907,0.7811219946571683,0.03544078361531612,0.11736420302760463,3669.7092324131777,25.990026714158503,35.23764503652772,0.1031166518254675,0.21193232413178986,0.07586821015138023,0.0002900720417094,3.0905035467755106
금강수목원아파트 앞,1993,365,24.263013698630136,0.9769647696476965,0.03184281842818428,0.11619241192411923,1611.043427055103,13.84349593495935,39.93440610936861,0.22865853658536586,0.18721770551038844,0.11269196025293586,0.0006406006594318,2.99540415794148
강남한양수자인아파트,2408,365,33.50410958904109,0.9979556791233952,0.04383023959440674,0.12699321285468967,2304.6793842505526,20.237631858696542,37.87998462573268,0.26289966473137627,0.17254068198544445,0.1326355384741189,0.000898812991285,2.921522146793919
충정로역 1번 출구,4271,355,7.915492957746479,0.5370106761565836,0.030604982206405694,0.10711743772241993,1987.1598967971536,16.536654804270462,38.130309278350516,0.19288256227758005,0.199644128113879,0.14519572953736654,0.0010200491030030296,2.930591989056878
강동리버스트4단지아파트 404동 앞,3653,360,11.258333333333333,1.1354552183567728,0.0384900074019245,0.0996792499383173,3128.7047890451513,31.084875400937577,42.49775154581226,0.41253392548729334,0.12435233160621761,0.2000986923266716,0.002197080762408979,2.7307050352096103
삼성사이버빌리지아파트,4752,362,10.74585635359116,0.5969151670951157,0.032647814910025705,0.11645244215938304,1603.9094395886889,14.282776349614396,39.993095166616634,0.1768637532133676,0.22416452442159385,0.1012853470437018,0.0006149725675147,3.0026700267411246
효창 푸르지오 앞,851,363,16.49862258953168,0.32843546501920184,0.03072299215227918,0.133077308398731,2133.9654633494742,20.530806478543997,38.174594186485464,0.19068291868425447,0.20086825847386874,0.09651026882618133,0.0004524119044473,3.0466403433749334
용산 선인상가,845,364,18.10164835164835,1.109728335103961,0.035817271209591744,0.07026862953407194,2701.2459538624976,23.93898922446502,40.85192307692308,0.08074062831992715,0.2657459402033693,0.1976020640461375,0.0021119889080812152,2.6668205877020044
신내능말공원,1441,364,15.81043956043956,0.5014769765421373,0.03440486533449175,0.10773240660295395,2677.8879374456988,17.623979148566463,35.18839688396884,0.28618592528236314,0.1426585577758471,0.1410947002606429,0.0008942474609814,2.9491777238823844
송파 글마루 도서관,2603,365,27.86849315068493,0.9645104207628785,0.03126228863546992,0.1183641368462446,1787.2205652772304,18.5389303971687,38.77613376638999,0.1858041683051514,0.18118364136846243,0.10637042862760519,0.0007880525761293,2.917796279354785
항동지구 7단지 정문,2815,361,11.157894736842104,0.9247765640516385,0.03624627606752731,0.1189175769612711,3597.337502482622,27.114697120158887,39.040113708149086,0.1355511420059583,0.18867924528301888,0.10923535253227408,0.0009340168856622,2.8978534864985948
송파파인타운 10단지 1005동,4490,360,9.46111111111111,0.9072225484439225,0.041103934233705224,0.11421021726365238,2614.5707545507935,23.04227833235467,39.899763752953085,0.2815619495008808,0.12213740458015267,0.10951262477980035,0.0009328560219472,2.8738169782739083
서대문구청,3101,362,10.737569060773481,0.8783123231283766,0.03293028042191922,0.10059171597633136,3336.7962207357864,27.81348083354772,41.259364358683314,0.12992024697710317,0.1728839722150759,0.07769488037046565,0.0007748948042837,2.9084712651348763
중앙대학교 중앙광장,2079,343,5.338192419825073,0.9863462588749318,0.03222282905516111,0.12397596941561988,3783.6431949754233,27.069361004915347,32.57056451612903,0.1758601856908793,0.1638448935008192,0.10540688148552703,0.0005489206402376,3.015511139894651
장충체육관,381,308,3.892857142857143,0.6497080900750626,0.020850708924103418,0.13678065054211844,2617.977089241034,27.924103419516264,38.605741626794256,0.11843202668890741,0.24520433694745622,0.1134278565471226,0.0008459393558358,2.9411578404639735
신촌 교보빌딩,4248,362,9.356353591160222,0.9188072040153529,0.03454384410983171,0.13876586950103337,2038.004496604665,18.67139061116032,34.12603648424544,0.10924121641570711,0.23649247121346323,0.08355476823147329,0.0004975207144019,3.009955388535363
옥수동성당 옆,523,292,3.452054794520548,0.5009920634920635,0.015873015873015872,0.14484126984126985,4224.046249999999,28.6875,44.61309523809524,0.12400793650793651,0.1884920634920635,0.10119047619047619,0.0004647837144117,3.037758076691917
공릉로 26길,4040,365,21.816438356164383,1.0492276780107999,0.02775335928670099,0.13349240236091925,2557.1369069446177,20.685796810247393,32.441415662650606,0.15860856461132739,0.20695717694336305,0.07723219892000502,0.0004111629244761,3.044527241373041
구기치안센터 앞,3430,200,4.74,0.22468354430379747,0.03164556962025317,0.15084388185654007,3396.0150421940925,24.176160337552744,46.50950118764845,0.09071729957805907,0.19831223628691982,0.12130801687763713,0.0008914689004018,2.9460555962057455
"노들섬 다목적홀(동쪽) 숲, 앞",4605,307,17.41042345276873,0.9796071094480823,0.01234798877455566,0.2009354536950421,4430.652570626753,36.11973807296539,32.064679130874175,0.032740879326473335,0.3882132834424696,0.13189897100093545,0.0019792779043231457,2.6406691594529867
삼일초등학교 인근,2048,364,14.785714285714286,0.6178000743218135,0.04069119286510591,0.12077294685990338,1299.899847640282,10.876811594202898,36.62931401789518,0.1986250464511334,0.10813823857302118,0.15291713117800074,0.0015464241419216145,2.8177031920332203
강변삼성스위트아파트 앞,830,308,8.006493506493506,0.8965936739659367,0.035685320356853206,0.10827250608272507,2826.1925831305757,21.413625304136254,43.24172335600907,0.3098134630981346,0.19870235198702352,0.12246553122465531,0.0010422257708896136,2.8754213766967305
이촌역2번 출구,863,355,14.749295774647887,0.9600840336134454,0.02215431627196333,0.18067226890756302,2556.8773873185633,23.52673796791444,36.421359715880264,0.10828877005347594,0.20721925133689842,0.15297937356760885,0.002183237376947214,2.599496085292095
솔밭공원역 1번출구 앞,1757,358,12.067039106145252,0.9384259259259259,0.027546296296296298,0.13240740740740742,3317.423863425925,25.93587962962963,41.87844450167396,0.13194444444444445,0.22893518518518519,0.08148148148148149,0.0003970952289095,3.052262975083298
크린랩 본사,2386,342,7.461988304093567,0.5983542319749217,0.03409090909090909,0.10501567398119123,2834.8090478056433,25.518808777429467,39.633605072463766,0.1833855799373041,0.24725705329153605,0.1273510971786834,0.0007459608516251,2.976069737095168
엘웨딩,1080,95,42.43157894736842,2.1739022575043414,0.02009426941205656,0.11287521706772513,1855.5617638303152,18.387744976432646,33.91370691923178,0.15256760109154055,0.22128504093277102,0.08285785164971471,0.0004762431639304,3.0305732634260383
홍은2동주민센터,4278,182,11.54945054945055,0.9938154138915318,0.03853472882968601,0.0818268315889629,2956.0154138915323,20.6988582302569,40.07002188183807,0.30256898192197906,0.23311132254995243,0.1379638439581351,0.0013199697723934303,2.7858054479026655
영등포구청역 7번출구,230,184,256.67934782608694,0.8480806284274492,0.03749814732473692,0.105761290732389,1355.7600537805163,17.620085117194943,36.57915331687589,0.2296046920324377,0.23557559973744943,0.12928497321560906,0.0009398838305077,2.9183353902837346
목동역5번출구,770,184,132.8858695652174,1.0697312993333605,0.03795345793628072,0.10011860455605087,1571.7543270213885,15.404073453028506,37.830809150603685,0.16899104331111203,0.24731094842746718,0.12760214306163348,0.0009468595886041,2.898328888931359
동일하이빌뉴시티,4427,183,29.442622950819672,0.9953600593912398,0.029138827023014107,0.13140311804008908,2386.181447661469,21.76948775055679,38.84382808595702,0.14866369710467706,0.2305122494432071,0.09539717891610987,0.0006910307984583,2.9472121740057946
상봉동양엔파트 앞,4846,184,25.043478260869566,1.0030381944444444,0.029513888888888888,0.119140625,1398.9718120659716,15.499348958333334,32.046772428884026,0.1310763888888889,0.1872829861111111,0.0685763888888889,0.0002629904099453,3.098990759605919
강서대학교,1183,183,16.808743169398905,0.6280884265279584,0.03966189856957087,0.09655396618985695,1865.7668237971395,15.259427828348505,33.71181818181818,0.3315994798439532,0.11573472041612484,0.16807542262678804,0.001499918079744109,2.7682380024987845
도곡삼성래미안,4935,184,15.402173913043478,1.0088214537755822,0.030698659139026113,0.13514467184191956,1700.4610091743123,19.13514467184192,39.85055261893321,0.34333098094565984,0.12702893436838392,0.15631616090331688,0.0012157452913095408,2.8486469611176517
신목동역1번출구,4548,91,14.31868131868132,0.9462778204144282,0.03069838833461243,0.11895625479662318,2377.4936454336143,17.594781273983116,36.493506493506494,0.11511895625479662,0.2279355333844973,0.09439754412893323,0.0005087183524308,3.0067428518338137
"7번가피자 서교망원점",184,181,71.07734806629834,1.1080450835600466,0.03676642052079285,0.13206373882627284,2571.7982635056364,25.611193159735716,36.46106020942408,0.15491643995336185,0.20474154683249127,0.08045083560046638,0.0004991159196503,3.011807959024818
교육개발원입구 교차로,2244,181,37.52486187845304,1.0596289752650176,0.026943462897526502,0.11881625441696113,2591.8320141342765,22.68816254416961,37.375567026435164,0.1061542991755006,0.24263839811542992,0.11896348645465253,0.0007136302761326,2.9712908067077812
KC 대학교,1183,181,16.29281767955801,0.7843336724313327,0.049508307900983387,0.10478128179043744,2051.163903017972,16.35096642929807,32.511684687827,0.3292641573414717,0.1258053577483893,0.11664971176670058,0.0012590006189391308,2.7732271799973423
영등포구청역 1번출구,230,181,222.24309392265192,1.1260627454879928,0.03940237657236613,0.09628101228061453,1451.1207281360278,17.75088251379705,36.953880348212635,0.2325361706359071,0.23529557997315168,0.12971709839407347,0.0009844037152992,2.8949964248560955
영등포구 총괄 우체국,4600,181,52.59668508287293,1.2735294117647058,0.05136554621848739,0.09044117647058823,1684.0132542016806,17.668802521008402,36.4842397336293,0.22710084033613445,0.16302521008403362,0.09737394957983193,0.0008144909311764,2.921050032507564
엘웨딩,1080,95,42.43157894736842,0.9593153063755891,0.02009426941205656,0.11287521706772513,1855.5617638303152,18.387744976432646,33.91370691923178,0.15256760109154055,0.22128504093277102,0.08285785164971471,0.0004762431639304,3.0305732634260383
영등포구청역 7번출구,230,184,256.67934782608694,0.9590929301911961,0.03749814732473692,0.105761290732389,1355.7600537805163,17.620085117194943,36.57915331687589,0.2296046920324377,0.23557559973744943,0.12928497321560906,0.0009398838305077,2.9183353902837346
목동역5번출구,770,184,132.8858695652174,0.8264692650607337,0.03795345793628072,0.10011860455605087,1571.7543270213885,15.404073453028506,37.830809150603685,0.16899104331111203,0.24731094842746718,0.12760214306163348,0.0009468595886041,2.898328888931359
강서대학교,1183,183,16.808743169398905,0.7519505851755527,0.03966189856957087,0.09655396618985695,1865.7668237971395,15.259427828348505,33.71181818181818,0.3315994798439532,0.11573472041612484,0.16807542262678804,0.001499918079744109,2.7682380024987845
도곡삼성래미안,4935,184,15.402173913043478,0.7907551164431899,0.030698659139026113,0.13514467184191956,1700.4610091743123,19.13514467184192,39.85055261893321,0.34333098094565984,0.12702893436838392,0.15631616090331688,0.0012157452913095408,2.8486469611176517
중랑전화국 교차로,1446,365,52.83013698630137,1.0675206140123426,0.03640512368407405,0.11170461027848363,1779.6007384743045,15.851838406886895,35.67613535699522,0.21635637608255978,0.19260488513198154,0.0901312036508842,0.0003795075163139,3.075580262267516
신이문역 2번출구,607,365,21.087671232876712,1.0340392360659998,0.03806677926464856,0.1030271534364038,2588.9224464076915,20.91308301935819,37.43729205844062,0.1469403663765103,0.26192022866051706,0.13641678576068597,0.0009725509591034,2.891850956545603
충정로역 2호선(엘리베이터 앞),4801,361,19.077562326869806,0.21852766081022215,0.039059096849136055,0.09713953826049078,1703.8795832728329,14.113982866269783,39.906087539828945,0.23261216785247568,0.1740961231305358,0.1090460287498185,0.0007795949909763,2.9524528798441887
강변역 4번출구 뒤,542,365,46.728767123287675,1.0109638836772983,0.02954971857410882,0.1319183864915572,3254.4875598029985,25.62124765478424,36.199086695747,0.09181519699812382,0.28007739212007504,0.12206848030018762,0.0009551400470133,2.887892160822907
석촌호수교차로(동호 팔각정 앞),1297,361,95.90581717451524,1.0030616371093524,0.027843567673733464,0.1395644387961412,1943.5288536190894,19.444659465080008,34.93434308820506,0.14222170874010745,0.2452486858067125,0.0870544740338513,0.0007256420815429,2.9412377640578806
신정보도육교 아래,781,365,154.9972602739726,0.9976490967582282,0.04986389507547637,0.11851734012090359,1646.4236983419999,14.62410294481564,36.09418207562885,0.3093293739173472,0.14906140629971365,0.14679888287906107,0.0010109317066979613,2.910314511752588
선릉역3번출구,2332,365,44.24931506849315,0.9971518791406105,0.03392978762924896,0.09565971147297381,2868.136609497863,27.04947062101418,39.00122867880891,0.1541081047613151,0.24202835737725217,0.11962107609435949,0.0007627083055446,2.950061867732248
성동구민종합체육센터 앞,3559,181,72.8011049723757,0.7121499582606056,0.02686499203157016,0.11732564316612279,3077.6902474007743,33.51703726189573,35.09469165359531,0.11041967063823328,0.2829930940274721,0.10624573119830007,0.0009768211412754,2.861837946574838
삼성생명 당산사옥 앞,245,365,97.69041095890411,1.0065344813080181,0.03696328911574165,0.09661497041254172,1542.943662674932,16.84118125473259,36.084394198492625,0.19777322825812604,0.23510110216787727,0.1197240373559189,0.0008434249231485,2.9125476257867473
참새공원(백곡경노당),1967,365,14.227397260273973,1.0835740419795878,0.039668784902753704,0.130367802811477,1779.9172925091466,16.24417485076064,35.59054945054945,0.1975736568457539,0.13730021182360871,0.10302330059695744,0.00058810167752,2.9775496775420107
강동구청역 1번 출입구,1013,365,79.18904109589042,0.9886520896761694,0.0389911430943814,0.1057639081096042,1377.4894872681978,17.321616385275394,35.90424400047287,0.19063105452532522,0.24564074176584555,0.13018959313589815,0.0009582832283385,2.8843299358348404
대림역 1번 출입구 밑,1975,365,48.76438356164383,0.9873588403842912,0.04118208888139783,0.11275914377212203,2337.9463778863956,21.415753694027753,37.49120415449529,0.20349457834709817,0.2424855328951065,0.11309624136187427,0.0007826150781335,2.9459645895730175
재동초교 앞 삼거리,353,341,24.80058651026393,0.9852193449213669,0.0314532340073312,0.13645500768594065,2283.961343265933,23.885183871349177,38.4123270081324,0.11103228095069174,0.24074730992077567,0.11422490244767648,0.0010135760232423043,2.8643719082370693
마곡레포츠센터,2740,365,44.983561643835614,0.9948839758816006,0.04013642730982398,0.08989585236616116,1822.5941939216784,14.887203849199098,39.05728552604203,0.15877946281746758,0.2875936415128814,0.10445215908398807,0.0010979769127749846,2.812206913635463
중앙유통단지 앞,2823,365,28.5972602739726,1.000383215175321,0.030848821613335888,0.053075301781950565,2035.9519917608734,15.687200613144281,35.58369674605837,0.08842690170530754,0.18193140448361753,0.19448170147537844,0.0020550561743794093,2.7145526238544235
연서어린이공원,192,364,12.87087912087912,1.0044823906083244,0.0416221985058698,0.11611526147278549,2467.916781216649,21.776947705442904,37.436077481840194,0.34834578441835645,0.17374599786552827,0.1577374599786553,0.0013325906312055315,2.8122127039319746
대청역,3641,364,32.0,1.015367445054945,0.034769917582417584,0.09555288461538461,1803.5321917925799,18.555030906593405,38.95978793638091,0.17556662087912087,0.25,0.12285370879120878,0.0010317391280391902,2.8583454657099554
오목교역 6번 출구,4543,365,126.5013698630137,1.0850063890152253,0.035215385614969785,0.11097394581248782,2013.712880904429,17.82546076711498,36.121520881161814,0.1383492517271999,0.28687761245749677,0.12988109934377234,0.001026996782419335,2.874582834606919
서울율현초교 삼거리,3618,364,21.63736263736264,1.2196546470289487,0.0366937531742001,0.10944641950228542,2506.8575431691206,20.089512442864397,39.36816079119477,0.22333671914677503,0.20289487049263585,0.09700355510411376,0.0005189855677051,3.0363048858159862
사랑의병원,2198,363,18.74931129476584,1.0051425213047311,0.03423449897149574,0.1309138995004408,2168.1466529532768,22.94607699089039,36.4755257112564,0.134440199823685,0.1794005289450485,0.06641198942109904,0.000308964542089,3.0710109226644806
삼성화재 사옥 옆,267,365,64.77808219178083,0.9487819319912029,0.028717645068516325,0.10526983589917104,2942.972351125019,26.53294704787684,35.87686657323733,0.1359753002875994,0.23650820504144815,0.11838098460497377,0.0007026030224059,2.9695426227367667
문정 법조단지4,1240,365,22.572602739726026,0.9268115062507586,0.038354169195290694,0.11664036897681758,2335.3359958732844,19.303070761014688,37.07913144855727,0.2167738803252822,0.2594975118339604,0.09394343973783226,0.0008389329132797,2.913229974187334
은평뉴타운 도서관,941,358,16.70949720670391,0.4389836175192243,0.03259779338014042,0.11618187897024407,1816.8541106653295,13.674356402540957,39.40565664556962,0.16716817118020727,0.16399197592778336,0.09679037111334002,0.0009301518219728,2.8693129271141777
마스타 빌딩 앞,115,365,26.534246575342465,0.7416623644811564,0.03748064016520392,0.1287558079504388,2252.999794527619,22.734950955085182,34.42356649290823,0.12803304078471864,0.17707795560144554,0.0642230252968508,0.0002154219816907,3.1050830984673903
동부시장 북문 앞,1462,365,54.635616438356166,1.048590913649584,0.03540266773643566,0.1409086350416207,1820.5556744559221,17.385016547989167,35.68560671879525,0.08619997994183132,0.23869220740146424,0.0939223748871728,0.0005398561916935,3.017109258997025
웰츠타워 오피스텔,3890,365,68.1945205479452,1.0032140130971035,0.03595677152384396,0.10987907275722149,1791.1872158611557,20.21284801735567,33.9073572029541,0.1358322285163312,0.21369169579366037,0.09276445301514603,0.0004825154708127,3.0229565464177384
가락현대 1차 11동 앞,4474,364,14.68131868131868,0.7337200598802395,0.0406062874251497,0.12387724550898203,1828.830250748503,16.160366766467067,36.08491182233834,0.17458832335329338,0.19086826347305388,0.09225299401197605,0.0005161384597322,3.007344798336661
DMC파크뷰자이아파트 302동 앞,170,365,28.23835616438356,1.0036868147860678,0.04220432715630154,0.12874745318715436,2947.875195498204,23.09934995634035,37.603181568842565,0.29892306199670127,0.16784709420781993,0.13951683322014166,0.0008949059820676,2.9395009544326833
"봉은사역 1,2번 출구",2419,365,19.95068493150685,0.9862675089261193,0.03309530348805273,0.11576489975281516,3769.4093600659157,28.95619335347432,40.32802294089533,0.14460313100796485,0.2399066190606976,0.11851139796759132,0.0006907606394915,2.9826374221983665
영동1교 (양재천근린공원),2276,363,25.245179063360883,1.0124399825403754,0.024334351811436054,0.125927542557835,3481.878709079002,27.80488869489306,37.419714248263205,0.13203841117415976,0.2564382365779136,0.11370580532518551,0.0007859927755606,2.9306436697164027
가양역 1번출구,5080,365,105.92602739726027,1.115485089103277,0.04027106018674185,0.10614799679279932,1493.0238933864396,15.261205803998655,36.935967790038774,0.2130460647130331,0.24149703851227272,0.10886377156454491,0.0007743113524268,2.9470727115394326
동신병원 맞은편,3128,365,38.92054794520548,0.9985921441644375,0.029916936505701815,0.13057862874841616,3544.805410389976,25.946712656623962,39.407711705848854,0.14331972406025623,0.18766718288047304,0.08475292130085879,0.0005113114817093,3.016153537727765
잠실 자전거 수리센터 앞,2647,361,52.18559556786703,1.0522851531397632,0.03551143903604225,0.11545198789744679,1738.061122140241,17.182493762938584,35.48739179525781,0.16258824778385264,0.28796645257179254,0.1321195392536759,0.0011467484921642227,2.8356943437064945
강서공업고등학교 앞,2706,365,28.123287671232877,0.997564539698003,0.04179249878226985,0.12167559668777399,2034.6715080370184,17.761519727228446,36.02908121886224,0.2502679006332197,0.1706770579639552,0.11261568436434487,0.0008396042613609,2.8965164951253133
당산롯데캐슬프레스티지,3202,365,94.78082191780823,0.9819338054632172,0.038011273305390954,0.12571180806474924,1724.0989793322726,18.34585922821217,36.935743860425426,0.24295418413065473,0.19554848966613672,0.11724237606590547,0.0007728353324825,2.928099689578464
건국대학교 (입학정보관),590,365,55.83287671232877,1.0079984297561215,0.030865106236812406,0.06128858138279602,1380.151924039449,17.550959320869524,27.381407420515544,0.16487560724274988,0.12223367191716965,0.10201678198145149,0.0008787813863038,2.8882871973875894
목련아파트,5310,364,22.983516483516482,0.9575663399474061,0.03944537413339708,0.0986134353334927,1515.1783851302885,15.475376524025819,36.68823768823769,0.25950274922304567,0.1348314606741573,0.12634472866363855,0.0007249265364432,2.9729072632399687
강동구청 앞,1024,365,104.40547945205479,1.0269759630523774,0.036527763199328225,0.10911094783247612,1953.467883121657,20.88831741366642,37.2139967878175,0.15004723417655086,0.25976172982051016,0.1253542563241314,0.0008422725242909,2.915491421591996
광진메디칼 앞,516,365,52.06301369863014,0.9832131768668105,0.04209861600799874,0.11766563174235647,1731.5875030258376,18.935746987317792,33.31066325575591,0.2626953638899121,0.2073356838393938,0.13724148818607587,0.0008229303143168,2.953423517585173
서강대 정문 건너편,124,365,33.52054794520548,0.8894973436861463,0.03342868818961994,0.12709440130772373,2138.4925786677554,21.48402125051083,35.25209609043806,0.11475275847977115,0.18978340825500614,0.0853289742541888,0.0004111158628956,3.0486512948430895
공릉동 신도1차 아파트 뒤,5317,365,34.15890410958904,1.1276868784087264,0.03472890599935836,0.126483798524222,1869.2588875521337,20.049246069939045,34.14521065898452,0.17091754892524863,0.17436637792749438,0.07130253448829002,0.0003467469385513,3.053995226557894
광진경찰서,3520,248,91.13709677419355,0.9731439695602159,0.04353597026811787,0.11246792319263782,1671.854887178127,15.351517564817273,33.36128103634401,0.2417485178302805,0.17175471197239184,0.11357401999823025,0.0005968495899764,2.989853506673127
대모산입구역 4번 출구 앞,2404,365,48.397260273972606,1.0474384375884518,0.03328615907161053,0.12097367676195868,3458.3168417775237,28.462383243702234,41.12300879106352,0.24466459099915086,0.1882819133880555,0.10806679875459949,0.0006479725947493,2.9738320253150907
신곡시장,4522,365,44.23835616438356,1.3715241221279495,0.03672508825168762,0.12336656964141945,1844.318058462871,16.630457670155447,34.19507110416201,0.11147581594104168,0.22784418158171799,0.08342106892921286,0.0004609334901604,3.033766282046966
논현동 광명빌딩 앞,2406,356,10.280898876404494,0.7549180327868853,0.02841530054644809,0.10792349726775956,3980.414401639343,32.94398907103825,37.549013264315754,0.037978142076502734,0.3185792349726776,0.16393442622950818,0.0011445487075358075,2.9035823759649944
문화촌 공원,123,365,50.057534246575344,0.9941984565705216,0.03749110612445953,0.12982321712002626,5005.548213015157,35.1712002627114,41.38209396490777,0.2456351595424443,0.16791637020414865,0.10563187564993706,0.0005734865865148,3.0181480040197237
명일역 3번출구 옆,3698,365,41.57808219178082,0.9976937269372693,0.033078545071165,0.1265155508697944,1881.9403031101735,18.24630996309963,37.29935679152478,0.15544280442804428,0.26008170795993674,0.12223247232472324,0.0006897289119598,2.973165418150142
잠실나루역 (2번 출구 쪽),1209,365,98.16164383561645,0.976555304362388,0.03502749169667029,0.10301710904574507,1803.627742610733,18.04775461218566,38.019749661481555,0.21133718496190235,0.2545424097797873,0.13664908314493845,0.001168570508725449,2.827659351909342
잠실나들목2(엘스아파트136동),2645,365,47.46849315068493,1.0132748470506754,0.02372157451229366,0.15854784716610873,3860.1341313632656,31.73011658778714,37.335273175407366,0.1482165531571049,0.2272884681980838,0.0803993997460464,0.0006407732864812,2.953436715835441
공릉역3번출구,4041,365,61.794520547945204,1.1026379960097539,0.03693194413655509,0.12108180004433607,2243.7999166481927,20.089913544668587,34.4535948392467,0.09895810241631567,0.2264242961649302,0.08166703613389492,0.0004412999754251,3.047038370737379
중계근린공원내,1650,350,101.98857142857143,1.0358863738233977,0.03350515463917526,0.12931420887494396,2037.274987113397,20.446156432093233,37.81042819876567,0.15262214253697892,0.21313312415956973,0.08690049305244285,0.0004503526265879,3.029682884825898
우이교 교차로,4087,365,49.93150684931507,1.019753086419753,0.029684499314128945,0.13618655692729767,3679.6720888888876,27.27862825788752,35.890049299429165,0.10348422496570645,0.21920438957475993,0.07835390946502058,0.0004046956137495,3.0527165083081624
길동 마루빌딩,3681,365,117.27671232876712,1.0732841190487314,0.035509040788674485,0.13143017334018595,1822.2782049245436,19.402256692986963,35.03870258383727,0.13582208101667992,0.22188478250712518,0.08031584357333084,0.0004253001318876,3.039868996528698
안양천합수부(현대3차아파트),3794,365,55.21095890410959,0.9521139341008337,0.026052004763795156,0.13447796744739976,4586.988386264386,31.198243350535925,38.041503478108375,0.2332274712187376,0.20925962683604604,0.11740770146883683,0.0007928868368254,2.9397372793697323
한국경제,6055,360,14.202777777777778,1.0500684529630353,0.028750244474867983,0.07021318208488167,1711.5072071191084,16.78407979659691,40.08443153897699,0.1752395853706239,0.22413455896733817,0.14785840015646393,0.0012503249597325449,2.8210507190170686
서울역9번출구,379,364,27.29945054945055,1.0226426486867264,0.028881956324846532,0.11130119754453054,3056.9292633591635,26.326557311059677,39.238662336100084,0.1662473583576532,0.23840193217268793,0.12720136862232062,0.0009910373017032,2.895470139637836
능골근린공원,1057,363,19.83746556473829,1.0316622691292876,0.03930009720872101,0.10567976669906957,1966.965256214415,19.9397305929732,40.58188034188034,0.20413831412303846,0.20316622691292874,0.0984585474239689,0.0006772930086279,2.9285964913070908
북가좌 삼거리,169,363,15.537190082644628,0.9147163120567375,0.042907801418439716,0.10460992907801418,2253.8320673758876,16.9677304964539,40.156462585034014,0.2661347517730496,0.11790780141843972,0.099822695035461,0.0008485541052596,2.9107188724453184
겸재교 진입부,1452,356,67.38202247191012,1.1468650992162748,0.029556444889111223,0.1328997832249458,3873.683555944637,29.859471402367852,37.811750245821045,0.16875104218776055,0.22315324328831082,0.08370852092713023,0.0005272869931343,3.0012719088158932
한티역 6번 출구,2416,365,17.43013698630137,0.9712354605469978,0.039610185476265325,0.10672744419993713,2028.8811600125744,20.940899088337,40.06027347966894,0.17070103740961962,0.22445771769883682,0.10657026092423766,0.0006549672037142,2.97246748033612
용문2교 옆,1338,365,56.868493150684934,1.0197523726935491,0.029628559040323747,0.11567182155417449,2673.4048778725246,22.5373127137833,35.729912334580376,0.17170111287758347,0.183937948643831,0.08108108108108109,0.0004179596573038,3.0370987030842636
동서울우편집중국 앞,3873,362,33.58839779005525,0.9617567234147545,0.04029936672423719,0.1070811744386874,1791.5391496011193,19.172382597253062,36.31978244837758,0.153713298791019,0.20939221975491407,0.08693149107656879,0.0005923079610514,2.966248742514809
서울역 센트럴 자이아파트,399,365,28.345205479452055,0.578291127005606,0.03924221921515562,0.09916876087376764,2038.1512178619757,16.07877440556737,37.545298041747365,0.34003479605644693,0.1855789677169921,0.15126618983181905,0.0012797538911216424,2.8870840891097513
신한은행 대림동지점,282,365,22.432876712328767,1.098314606741573,0.036761113825109916,0.11858817782120176,2459.5992501221303,24.218368343917927,38.34698654183733,0.15815828041035662,0.21299462628236443,0.08097215437225208,0.0004475781949195,3.0347104188953056
월계중학교,2907,353,13.424929178470254,0.20489554758387846,0.03481747204051488,0.06773580924245622,1442.0051593163118,12.455159316311459,33.25717409128177,0.2555391432791728,0.09453471196454948,0.15150875712175566,0.0018016310564845962,2.7474447921069176
이랜드글로벌R&D센터,3801,350,20.02857142857143,1.0803138373751784,0.030670470756062766,0.039942938659058486,1702.915440798859,14.753495007132667,35.831763122476445,0.04222539229671897,0.2485021398002853,0.3338088445078459,0.004936407870331743,2.3190148121511354
곰달래 문화복지센터 B,1145,365,27.15890410958904,1.1576717441743165,0.04115807525471603,0.12993039443155452,2514.247127004945,21.416927267224857,41.81498363721365,0.15282961767376174,0.16150509432058913,0.06738626046605467,0.0001955447437315,3.1187687605335044
래미안강남힐즈 사거리,2387,364,29.23901098901099,0.9822418491026966,0.031945879921074886,0.12205205299257728,2865.7730348585924,21.330357981772057,39.099491905943516,0.17448087945128252,0.1814338062576341,0.08409283096871183,0.0003862092012744,3.062401135711148
낙성대 과학전시관,2129,357,8.526610644257703,0.4743758212877792,0.03120893561103811,0.11629434954007885,1863.6141622864654,17.464520367936924,34.04883720930233,0.07095926412614981,0.24277266754270696,0.12187910643889618,0.0009834108742195,2.9036942970762896
번동주공5단지 관리사무소 앞,1510,364,12.85989010989011,1.0813928647724844,0.04528946806237984,0.11066011535996582,1741.4970497756885,18.449903866695152,44.01099169516365,0.2164067506942961,0.20358897671437728,0.11941892757957702,0.0008082625854317,2.9313927993976514
이화여대 후문,140,361,18.62049861495845,1.0273728057125855,0.022612317762570663,0.08301100862838441,2233.3780422493305,19.369532877119905,35.79204525972913,0.09863135971437073,0.18744421303183575,0.2058911038381434,0.0017973641533872448,2.768330335137159
장승배기역2번출구뒷편쪽,2020,363,15.746556473829202,1.001224632610217,0.033065080475857246,0.12736179146256124,2447.4937386284123,21.711511546536038,37.524079320113316,0.16864940517844645,0.17914625612316307,0.08397480755773268,0.0003957225135158,3.0592897988199885
항동지구5단지 501동 앞,3902,359,7.646239554317549,1.0561020036429873,0.03351548269581057,0.13296903460837886,2634.357475409836,28.20655737704918,41.16467463479416,0.24845173041894353,0.1551912568306011,0.13224043715846995,0.0008107450705207,2.944366979202944
힐스테이트에코,2720,365,96.24657534246575,1.0017079419299744,0.03794477654426416,0.10606319385140905,1310.4938218047255,12.005835468260745,34.82170542635659,0.1559920296043268,0.25584970111016225,0.10412752633077142,0.0007910944423768,2.9184388016753497
삼성SDS,4452,365,106.1917808219178,1.037280701754386,0.029437564499484006,0.06785345717234262,2910.2172930856536,24.080985552115582,38.91453580742828,0.07819917440660475,0.34860681114551084,0.20964912280701756,0.002393872722083239,2.6470691818358656
DMC산학협력연구센터 앞,412,365,42.63013698630137,1.0021208226221079,0.030784061696658097,0.07069408740359898,2296.4986793059124,18.830784061696658,39.685803454782985,0.15437017994858612,0.25224935732647813,0.16433161953727507,0.0015663562017535942,2.770182219551074
마천사거리,1228,364,22.175824175824175,1.2158077304261645,0.03939544103072349,0.13429137760158572,3589.9331912784933,26.973364717542122,41.40950876185004,0.2409563924677899,0.16439544103072348,0.10047076313181368,0.0006846644194377,2.9771611904801194
화곡터널입구교차로,2712,363,24.360881542699726,0.31007576614271176,0.03426438991292548,0.12880244260997398,1962.4860771231495,16.750537148026687,35.65851105586812,0.19812280900147008,0.18998077575483432,0.08277733800746354,0.0004049995151522,3.0488142351283334
가온문화공원,490,365,43.75890410958904,0.9754570498372152,0.029551715502128727,0.08652642123716504,1723.2119997495618,14.965815176558978,36.02168674698795,0.0640495867768595,0.305221637866266,0.16741798146756826,0.0016855590080453633,2.7629150983362964
강동농협 버스정류소 앞(광채빌라),4951,365,23.2,0.9803967879074161,0.0406235238545111,0.12919225318847424,2110.2471244685867,18.74220595181861,38.42433592701905,0.26688710439300894,0.1987482286254133,0.14336324988190835,0.0008229733843399,2.977737756394474
성동광진 교육지원청 앞,558,365,44.391780821917806,0.9745108930444979,0.031167067826945626,0.11251002900697402,2506.768468802075,22.323952354502254,38.35468615649183,0.11220144417700426,0.23828920570264764,0.10269703141393569,0.0004773952862494,3.0291765616674686
"상계3,4동 주민센터 대여소",1635,362,9.511049723756907,0.8112111530641882,0.03659599186755736,0.11211153064188208,2454.482204472843,20.760092942201567,42.83257918552036,0.16526285216381065,0.20156839965146675,0.07841998257333721,0.0005497745939499,2.986580213916924
원묵고등학교,1428,365,35.81643835616438,0.5141130574466457,0.03082689512736174,0.1253729059894439,1729.9800619597647,15.67956857645529,33.61794019933555,0.136693949361279,0.1730283791019659,0.09707029755985619,0.000714363146961,2.930870127719681
오류동부골든아파트 후문 옆,3933,364,14.766483516483516,0.10734883720930233,0.036465116279069766,0.12595348837209303,2174.074911627907,16.33972093023256,32.44813575525813,0.23795348837209304,0.1384186046511628,0.09990697674418604,0.0004350415840394,3.050414835911841
독산보도육교 앞 자전거 보관소,1827,318,56.776729559748425,1.06330656327887,0.03112711160343395,0.12140681251730823,6763.431545278322,41.85090002769316,40.72096919706148,0.1761284962614234,0.28895042924397674,0.12567155912489614,0.0010373077144039085,2.84930952231069
MBC 앞,3007,364,21.51098901098901,1.0591315453384418,0.0280970625798212,0.07611749680715198,2042.7715453384417,16.47037037037037,36.20312269848284,0.1111111111111111,0.31902937420178795,0.16577266922094508,0.0014967542096933175,2.804625456237816
상계주공1단지아파트,4026,365,64.86575342465754,0.9970856563608718,0.04603818212535901,0.13080756884608888,1533.5077728501406,16.346046629498225,38.02878974611782,0.3180013515796587,0.14318297009630004,0.17148166920087854,0.0012638945178543365,2.8614466624305925
"419민주묘지 입구사거리",1568,364,17.99175824175824,1.0009161704076959,0.03435639028859368,0.12872194228126432,2596.6641044434264,22.09711406321576,38.57355516637478,0.14796152084287678,0.17590471827759963,0.07207207207207207,0.0002110978275262,3.1167020313008424
방아다리어린이공원,4530,365,29.068493150684933,0.9645617342130066,0.03854853911404336,0.13157398680490104,2106.177566446748,18.532516493873704,37.73456158307745,0.1638077285579642,0.18378887841658811,0.08124410933081998,0.0004091458693781,3.0523240559150597
월계 청백1단지 아파트 정류장,4017,363,13.107438016528926,0.36380832282471626,0.03383774695250105,0.13808322824716268,1861.004789827658,15.10718789407314,41.98421180471217,0.21521647751155948,0.14207650273224046,0.10193358554014292,0.0007256542788374,2.950123699027073
대진고등학교,2912,365,29.958904109589042,0.747416552354824,0.03584819387288523,0.132053040695016,1931.5771330589848,18.968175582990398,32.74792363283357,0.08834019204389575,0.17494284407864655,0.10864197530864197,0.0008315663433459,2.9123151468800454
한가람아파트 앞,4643,345,25.83478260869565,1.0663076405250758,0.027375743296308763,0.1590934589924829,4321.672802647817,36.369572534500165,37.26927975095514,0.12319084483338943,0.2077863794457534,0.08571749130483564,0.0006233531344486,2.974480902723474
은곡마을,3612,359,11.891364902506965,1.3099086437104708,0.029515108924806747,0.14898102600140548,2664.369948465683,21.46802529866479,37.618379616375606,0.15483719840712112,0.18411806043569923,0.09744670883110798,0.0006516657954884,2.957894453028493
\N,4935,179,12.368715083798882,1.2913279132791329,0.03432700993676603,0.13595302619692864,1809.7347696476966,21.071815718157183,41.43331773514272,0.2601626016260163,0.16124661246612465,0.14679313459801266,0.0011517759681009437,2.852107659244854
은천교회,2195,365,30.073972602739726,1.0039172815887765,0.04309009747654186,0.13191218001275393,1724.630049193768,17.463787920196776,35.89871315898713,0.2799489842397741,0.16452582672861438,0.15951535027785368,0.0008802562953571,2.9717279556041984
원풍빌라앞,979,365,19.482191780821918,0.8316692448319505,0.04753199268738574,0.1106736042750668,2411.773892560822,18.73688651385178,37.48105755279703,0.2513008015750246,0.13528336380255943,0.10786106032906764,0.0005887226782932,3.013659317679791
등촌역 4번 출구,774,365,20.865753424657534,0.9968487394957983,0.03243172268907563,0.1327468487394958,2020.7260464810925,19.063944327731093,37.595447870778266,0.1478466386554622,0.23897058823529416,0.10097163865546219,0.0005661425109259,3.0026051132166
KEB 하나금융그룹 명동사옥 옆,321,347,30.279538904899134,1.0062815266013134,0.03835538212620158,0.08480060911773103,2593.38716474731,32.36318644713049,40.73146403635155,0.11972970400685257,0.22185209860093272,0.12277529266203484,0.0011010824054172761,2.830007237571035
은평서해그랑블아파트앞,4689,365,22.446575342465753,0.677163432198218,0.042353228365678015,0.12181130233125839,2331.390886122301,18.07848163066032,41.49845701689934,0.26547052361772244,0.14597827413645795,0.15159282314170633,0.0009586057705598,2.917000749114922
아현교회,5504,345,9.11304347826087,0.18575063613231552,0.03435114503816794,0.09510178117048346,2114.7601590330796,16.668893129770993,37.419415292353825,0.147264631043257,0.2541348600508906,0.1294529262086514,0.0008765535063354,2.9303109673915824
은평뉴타운 상림마을 13단지,968,350,3.5342857142857143,0.8957154405820533,0.06628940986257073,0.1333872271624899,1523.3339046079222,25.033144704931285,39.30807086614173,0.31204527081649147,0.08569118835893291,0.1713823767178658,0.0012730064003097404,2.8724315693908413
멤피스아파트 앞,2531,365,49.41095890410959,1.0367618519545327,0.036540060992514556,0.11111727197116718,2327.6270490712504,21.158635985583587,39.05153406826936,0.17166620460216248,0.22228999168283892,0.10834488494593845,0.0007668328687623,2.9315379639225276
노들섬 서측 앞,870,365,85.1972602739726,1.0125092452648166,0.011705309193812907,0.18911792134289482,4473.152738206258,36.92378686046886,32.381948929940144,0.018715631732964595,0.35691545808277325,0.12927292021738432,0.0019205857438182126,2.630308383991507
북아현동 가구거리,160,362,14.643646408839778,0.7883418222976797,0.024523674778343708,0.12639124693454065,3278.702197698548,24.396528956800605,39.047559966914804,0.1656291265798906,0.22882475004716094,0.1105451801546878,0.0006707813606905,2.9771364009254375
번동3단지 버스정류장,3718,365,27.08219178082192,1.166717248356095,0.03237228123419322,0.12382397572078907,2760.133945371776,22.531714719271623,40.437471474212686,0.12341932220536167,0.1934243803743045,0.09802731411229135,0.0004582528043159,3.0494070767568546
KCC용산월츠타워,850,179,12.927374301675977,1.3197925669835782,0.030682800345721694,0.13094209161624892,2041.6060847018157,21.8409680207433,37.54039251483341,0.22904062229904926,0.1905790838375108,0.11106309420916162,0.0007066346472368,2.95228284454145
금원빌딩 앞,2313,362,15.779005524861878,1.031512605042017,0.025910364145658265,0.11362044817927171,4297.549126400559,28.794117647058822,42.015539689206214,0.05269607843137254,0.2538515406162465,0.16299019607843138,0.0015153120071558035,2.8443740310048033
송파 레미니스1단지 102동 앞,2652,363,22.74380165289256,0.8989825581395349,0.036337209302325583,0.1096172480620155,2488.4287669573646,18.667514534883722,39.60631040363843,0.27906976744186046,0.1765988372093023,0.1065891472868217,0.0009023625387002,2.897250720262039
서울산업정보학교,2143,357,8.252100840336135,0.9826883910386965,0.02681602172437203,0.11948404616429056,3676.899871011541,29.21418873048201,34.13630229419703,0.14528173794976237,0.22335369993211135,0.09606245756958588,0.0005919446046027,2.9951550255248125
월계문화체육센터,1675,342,8.26608187134503,0.7255040679165192,0.03431199151043509,0.07286876547576937,1947.2630562433683,16.372833392288644,38.26997578692494,0.2196674920410329,0.19419879731163778,0.12239122744959322,0.0010404140140078265,2.808121610911579
연신내역 1번 출구,949,365,34.64109589041096,1.1688547927870927,0.03432458082885163,0.12614678899082568,1970.1113057576736,19.63540018981335,39.27801943544655,0.09886111989876623,0.26123062322049984,0.11459981018664979,0.0007001540224903,2.9667975007671794
"미아역 3번,4번 출구 사이",1501,365,33.73972602739726,1.0004060089321964,0.031100284206252538,0.11514413317092977,2427.012062525375,22.387576126674787,38.31715953679778,0.11855460820138043,0.21193666260657734,0.07982135606983354,0.0004461116210262,3.0378767463001273
등촌역 1번출구,5075,365,36.136986301369866,0.9648218347232752,0.03586050037907506,0.1244882486732373,2136.706221379834,18.11349507202426,35.14882665968769,0.15299469294920393,0.23161485974222895,0.07945413191811979,0.0004616529304249,3.036222909908105
구 서부경찰서 건너편,930,365,24.816438356164383,1.052329432545816,0.039191874586001325,0.12464120114815633,2260.5188728196063,19.490726429675426,38.45177045177045,0.20291455067343783,0.21130492382424376,0.13027158313093398,0.000896087001514,2.9228974931438034
연세사랑병원신관앞,2281,177,7.576271186440678,0.9858314690529456,0.035794183445190156,0.10961968680089486,1512.6107904548844,13.488441461595825,37.95412844036697,0.2721849366144668,0.14615958240119314,0.1610738255033557,0.0008904945194883,2.9787407963705066
백련산 SK뷰 아이파크 해모로 아파트 앞,4677,365,34.24931506849315,1.0505559555235582,0.04007679385649148,0.11743060555155588,2271.485817934565,19.794736421086313,38.41961486789073,0.3316534677225822,0.14814814814814814,0.16958643308535318,0.0011877269227575733,2.8905955062694444
수락리버시티4단지,1696,363,17.07162534435262,1.036630627723092,0.032757786025496206,0.1323220913345167,2900.3037308375024,21.72454413425851,43.3837432408861,0.2557689204453768,0.18170082297886075,0.1252218815555914,0.0007561078391572,2.9583661980475444
노량진역 2번 출구 앞,2070,365,37.465753424657535,1.2016087751371116,0.025155393053016454,0.15122486288848264,4028.6149725776954,30.25945155393053,34.669006575439845,0.07341864716636197,0.26983546617915904,0.11349177330895795,0.0008019473474691,2.9443200586295966
강동리엔파크 13단지(1303동 앞),3694,365,21.945205479452056,0.9935081148564294,0.040074906367041196,0.08739076154806492,1687.210043695381,16.211610486891384,37.77034543325527,0.2784019975031211,0.19887640449438204,0.1229712858926342,0.0009339751262857,2.9291420425477113
종로학원본원,384,180,11.661111111111111,1.2372558361124344,0.043353978084802285,0.12720343020485947,1652.4036588851836,13.757979990471654,36.90877192982456,0.3358742258218199,0.21819914244878513,0.16912815626488803,0.0016115113378677088,2.799743520890792
허준박물관삼거리,5065,365,52.106849315068494,1.0002628949997372,0.04038067195961933,0.10794468689205532,2158.1392996477207,18.621746674378254,35.94362247941773,0.2525369367474631,0.17776959882223042,0.10352805089647195,0.0006871310478109,2.9570872445494403
반포종합운동장,4313,362,16.701657458563535,1.0294409526959973,0.024313595765795566,0.13513066490241482,4860.875898114456,35.59791597750579,40.5722189290654,0.12752232881243797,0.30433344359907377,0.12140258021832617,0.0010944935190213753,2.8440470713981783
낙성대역 1번출구,2167,359,11.6016713091922,0.9656662665066026,0.028331332533013204,0.12533013205282112,2681.8530132052833,24.07779111644658,34.583427282976324,0.0921968787515006,0.2405762304921969,0.0885954381752701,0.0003905570831774,3.0610736907578895
외국어대 정문 앞,634,365,59.06575342465754,1.0097870958764321,0.030891970870634073,0.11531147084744191,2842.5541091887376,26.801475022032562,31.7198398131153,0.10482860986131082,0.1801567790713855,0.08553272415232617,0.0003640852818238,3.0659982094457003
둔촌어린이공원,1048,365,63.18904109589041,1.0450919181408256,0.039672216441207074,0.12109781477627471,1979.1879509191785,19.36762920568852,44.20122402645477,0.24484044398196325,0.16384842178286507,0.10058966354491848,0.0005516642548524,3.011507557702606
한림대학교 강남성심병원 신관,4567,365,46.016438356164386,1.095439390331031,0.03625863300785902,0.1203262681590855,2141.0092218385325,20.044117647058822,38.263894606834086,0.19195046439628483,0.13622291021671828,0.09621338413908073,0.0005542030951825,3.0066968429696392
망원정 앞,4216,365,24.312328767123287,1.048343475321163,0.035722334910975886,0.13691683569979715,2919.856425512735,29.283750281721883,35.03215847697453,0.24802794681090826,0.21951769213432498,0.1408609420779806,0.000977635098374,2.8971647507552682
면목라온프라이빗 아파트,4842,364,23.107142857142858,1.1190108191653787,0.02449173701105695,0.12008084651052194,3389.1723778385463,27.542384972060397,39.629584517526055,0.28997741053382475,0.16906432053263581,0.14362144810367375,0.0009366196281034,2.9080046819694942
서울 시흥동우체국 앞,1822,211,14.753554502369669,1.068101509797623,0.04079665917121748,0.11114680372630903,2243.88725345326,18.827818824285256,38.08542024013722,0.23739158368133634,0.17571474461933825,0.0989399293286219,0.0005392286133903,3.006735664487716
삼양사거리역,1542,362,10.279005524861878,0.8965331900026875,0.039505509271701156,0.13168503090567052,2152.005487772104,25.02875571083042,42.55482456140351,0.11905401773716742,0.17414673474872344,0.06960494490728299,0.0002846069995957,3.0896064496382536
도곡동 골프 로데오거리,4911,332,12.551204819277109,0.9875209983201344,0.035757139428845695,0.09215262778977681,2197.2874658027363,19.67002639788817,38.17975663716814,0.2035037197024238,0.17830573554115672,0.1300695944324454,0.000850111076787,2.928700944600773
신촌역(2호선) 6번출구 옆,129,365,18.454794520547946,1.0084619952494063,0.03191805225653207,0.12351543942992874,2560.2275385985754,23.213182897862232,36.20458993061733,0.1163895486935867,0.2249109263657957,0.09159738717339667,0.000497613321065,3.0109666238824864
KT선릉타워,2369,365,35.75342465753425,1.0027586206896553,0.030268199233716476,0.08973180076628352,2963.6819724137918,29.508735632183907,40.585162423178225,0.11363984674329503,0.23770114942528733,0.12452107279693486,0.0007335438655725,2.9744017047624993
학여울역사거리(은마아파트),4919,348,6.859195402298851,0.9945538332635107,0.03770423125261835,0.13405948889819858,3069.685286971093,27.08169250104734,43.06879606879607,0.2568077084206116,0.18684541265186427,0.11562630917469627,0.0007046468416946,2.970191182743006
제기2교,609,365,43.843835616438355,1.0027494844716616,0.0328063488095982,0.12153971130413048,2892.188755233394,24.150971692807598,35.69370824462227,0.19390114353558707,0.19877522964444166,0.09973130038117853,0.0005050273870683,3.018971439015537
교보타워 버스정류장(신논현역 3번출구 후면),2302,365,31.745205479452054,1.0234745835850523,0.036247518771036505,0.12047984810563563,3347.749935272287,31.118840079399327,37.605390100671144,0.11193579010960558,0.24769137826874943,0.09743678260119099,0.0004739101476934,3.0420427967955366
독립문역 3-1번출구,367,365,36.76986301369863,0.6838536621712242,0.044333507190224275,0.09328664033976604,2162.7356784144217,17.096043513896134,41.665985873542674,0.46635869160271215,0.12331420907532971,0.23344013113776918,0.0029522994662520476,2.6533981592355675
금옥여고보도육교,710,363,16.611570247933884,0.9892205638474295,0.037645107794361525,0.0714759535655058,1983.929003316748,16.682421227197345,29.306051990251827,0.17097844112769486,0.0857379767827529,0.22786069651741295,0.002193274575161781,2.726669254378722
서울신성초등학교,2139,363,12.710743801652892,0.9776766363242306,0.035977459904638055,0.11508452535760728,3330.5991179020352,25.008235804074555,36.096382556987116,0.22583441699176418,0.188123103597746,0.10381447767663632,0.0006004128846659,3.015326467731784
수궁동 성당 주변,1999,364,14.510989010989011,0.9990533888678531,0.03199545626656569,0.09996213555471413,2380.5262476334724,21.173608481635743,32.72931802202953,0.11113214691404771,0.1554335478985233,0.10583112457402499,0.0005742867293682,3.0219432921398535
"국립국악중,고교 정문 맞은편",2359,365,31.90958904109589,1.0604447497209581,0.039752726023868805,0.1030308233879969,2287.8822692538856,22.629260753842193,39.63866653156348,0.2576629174894822,0.18940499699493432,0.1362582639306259,0.0009495464742386,2.898477841040506
바우뫼문화복지회관,2263,362,19.83977900552486,0.978975215817321,0.03244221665274297,0.09426343636869952,2750.640175438597,25.591617933723196,45.84555408095554,0.1755778334725703,0.19952659426343636,0.10038986354775828,0.0006147375572247,2.997244086473877
한양3차아파트 3동 앞,4461,269,7.301115241635688,0.9078411405295316,0.035641547861507125,0.15274949083503056,1936.0608452138492,17.180753564154784,37.55451127819549,0.18431771894093685,0.18890020366598778,0.09521384928716904,0.0006332300024565,2.9680500665198144
미아동 복합청사,1525,362,8.986187845303867,0.9560405779280664,0.0384260682446972,0.09314478942514602,3223.067679065479,27.372579157700585,40.03379993171731,0.19674146941284967,0.19489701813710422,0.11835229019366739,0.0009684753557246,2.8876903663562077
서울 월드컵 경기장,199,365,31.34246575342466,0.6000874125874126,0.035402097902097904,0.16276223776223775,2712.610589160838,25.80847902097902,37.896320033078354,0.10078671328671329,0.22307692307692306,0.08811188811188811,0.0007764678200102,2.9125047514592692
신정네거리역,706,365,33.52876712328767,0.9037424415754208,0.03611701258375551,0.11644059486844256,1933.4318891975818,16.372283052786404,35.8834560628375,0.1663670534401046,0.21523124693577383,0.10900473933649289,0.0006209432355473,2.993090608613368
청계산입구역 2번출구,2203,359,9.323119777158775,0.6103973707798028,0.0313713773528533,0.10785778308933373,2401.1749746041214,18.22318494173887,43.88183361629881,0.06632805497460412,0.30176277263220797,0.11801613385121004,0.001014186466252234,2.8801713844049885
내곡도서관,4323,339,5.477876106194691,1.1351642434033387,0.025848142164781908,0.1157781367797523,2620.418276790523,21.345180398492193,38.088520055325034,0.0786214324178783,0.17447495961227785,0.14808831448572968,0.0015966553006873522,2.711789312498052
신동아타워 버스정류소,1768,365,17.413698630136988,1.038074260541221,0.031780994336060416,0.1252359974826935,2293.9334723096276,20.612177470106985,41.722072315164596,0.17023285084959094,0.15984896161107615,0.08574575204531151,0.0004466778916603,3.0311271038130863
서초케이타운앞,4309,332,3.789156626506024,0.8553259141494436,0.0492845786963434,0.12162162162162163,1888.2758108108103,15.62241653418124,42.713211600429645,0.10254372019077901,0.14626391096979333,0.08585055643879173,0.0003999794356219,3.047425690150873
한국스포츠정책과학원 앞,5320,140,4.057142857142857,0.36795774647887325,0.02112676056338028,0.09683098591549295,4171.082007042253,27.721830985915492,35.12379110251451,0.04577464788732394,0.15316901408450706,0.14788732394366197,0.0015564213725230884,2.7796172912171424
몽마르뜨공원입구,4327,355,7.554929577464788,0.19202087994034303,0.03542132736763609,0.11670395227442207,2108.8900782997757,17.457494407158837,41.850387280880554,0.16368381804623416,0.20134228187919465,0.12527964205816555,0.0010107134952768782,2.8873866142974713
양재대로(구룡지하차도 앞),4344,364,10.373626373626374,0.847457627118644,0.04528601694915254,0.1159957627118644,2095.4478840042375,18.703389830508474,39.53021001615509,0.2971398305084746,0.1583686440677966,0.13426906779661016,0.0007995860682944,2.975552220550598
생태공원앞 교차로(조명탑),1066,310,4.219354838709678,0.7591743119266054,0.03134556574923547,0.1246177370030581,2288.0909327217123,21.686544342507645,39.84243509400179,0.19418960244648317,0.20030581039755352,0.09174311926605505,0.0006960907860979,2.9555910921087043
상계신동아아파트,5308,327,6.507645259938838,0.5258458646616542,0.03101503759398496,0.16024436090225563,1978.165117481203,18.455357142857142,36.79390581717451,0.21428571428571427,0.1531954887218045,0.09774436090225563,0.0005047176996376,3.021235928447119
사당새마을금고,2062,361,11.551246537396121,0.9446043165467626,0.029256594724220625,0.11558752997601919,2149.3311103117508,16.74220623501199,40.556643726839596,0.28824940047961634,0.16282973621103117,0.12038369304556355,0.0008348393227864,2.9541716153179447
고덕 래미안힐스테이트(201동),1089,354,17.426553672316384,0.45388231479980545,0.03371697195655698,0.1197925109418058,1509.8856022045713,11.10844545307181,38.432405566600394,0.24590695412546604,0.14232452585508187,0.141676122548225,0.000964420824324,2.9159251473821346
나들목공원,2172,361,20.07202216066482,0.7905051062655258,0.02635937068727574,0.1472536571901739,3302.3922219155443,24.54609439690864,39.34621492853361,0.07617996135799061,0.22108749654982057,0.09922715981231024,0.0009110326126783,2.885177023409616
행당중학교 후문,4362,361,15.149584487534627,1.0347412689705613,0.02121045895044798,0.12890839275918814,5198.6111135490955,36.209910404095815,34.595105672969964,0.10660084110440665,0.23898336076065096,0.09215578716401536,0.0007029105133794,2.94911951603444
방아삼거리,3701,357,6.96078431372549,0.9509054325955735,0.03299798792756539,0.1420523138832998,2452.8450663983904,21.929577464788732,40.98917944093778,0.08853118712273642,0.1501006036217304,0.09134808853118712,0.0005416533967948,3.009813480915624
중앙대학교 정문 1,2027,360,13.76388888888889,1.2385469223007064,0.019374369323915237,0.1063572149344097,4514.896149344096,31.677093844601412,31.326836581709145,0.082744702320888,0.248234106962664,0.1182643794147326,0.0007955588835227,2.950564565625803
브라운스위트레지던스,4781,350,8.434285714285714,0.8709349593495935,0.026422764227642278,0.08163956639566396,1612.209102303523,14.859756097560975,39.1743879472693,0.2828590785907859,0.2073170731707317,0.11788617886178862,0.001142011264850679,2.8522363183754846
항동지구 10단지 1001동 앞,2814,334,5.392215568862276,0.8417545807884509,0.03053858967240422,0.12770682953914492,2762.4695946696274,23.161021654636315,37.95060975609756,0.3997779011660189,0.14880621876735148,0.18711826762909495,0.001932149874133376,2.791967002108528
한영외국어고등학교,3652,362,7.875690607734807,0.98105927744651,0.03858295334970186,0.10066643283058575,1954.641806383725,18.006664328305856,41.90975908534096,0.2493861802876184,0.15433181339880742,0.16906348649596634,0.001032023969866012,2.934864221687054
사당중학교 버스정류소,2041,339,5.389380530973451,0.9107827038861521,0.03503010399562124,0.14340448823207444,1550.4905363984674,12.995621237000547,34.838049367850694,0.2178434592227696,0.1499726327312534,0.11275314723590586,0.0005847266498678,3.0084004558258886
SB타워 앞,4908,360,9.727777777777778,1.0611079383209594,0.03312392918332382,0.10508280982295831,3533.932618503713,28.594231867504284,38.65088177661659,0.04054825813820674,0.32609937178755,0.19331810394060536,0.0015579395105292605,2.823129454698541
탑성마을입구,2286,197,1.517766497461929,0.23745819397993312,0.043478260869565216,0.08361204013377926,1964.6703678929769,14.0,78.57407407407408,0.46153846153846156,0.0903010033444816,0.3979933110367893,0.00577825300860418,2.4296609008012773
구로구의회 앞,1959,225,47.18666666666667,1.079871903550909,0.03183573514175379,0.11509842705095602,2557.8227041537143,21.91419421682208,36.65557685801286,0.1944993877743242,0.21296034661392108,0.11142507299613827,0.0009216149105364,2.9043247877784193
답십리역 4번출구,4137,184,108.70108695652173,1.1743412829358533,0.03674816259187041,0.11029448527573621,1801.6578361081947,17.738063096845156,37.01050101214575,0.1296435178241088,0.2789860506974651,0.13469326533673318,0.0008189995172716,2.9631340632612932
우리은행 앞,5878,184,73.95652173913044,1.0042621987066431,0.03652263374485597,0.08590534979423868,2869.4674265138146,26.458039388594944,36.355071756321394,0.0360082304526749,0.2785126396237507,0.29379776601998825,0.004290159692261805,2.3851053711309826
경복궁역 6번출구 뒤,302,183,78.65027322404372,0.7067324393802543,0.028625026054331967,0.11852984089487946,1985.6037497394582,19.914263878274163,37.993678887484194,0.23296046689362887,0.2122559577572431,0.12242062113527409,0.0008799594745496,2.9117112698275123
서울교통공사 사당별관 건너편,2281,184,10.179347826086957,0.7058195408435665,0.04751735184196476,0.11425520555258943,1628.4279231179928,15.294180459156433,39.154681139755766,0.2621462893753337,0.16497597437266415,0.17191671115856913,0.0011606728060899573,2.916957826579532
이삭어린이공원,4146,175,22.97142857142857,0.8044776119402985,0.029104477611940297,0.12686567164179105,1653.7944875621893,15.042288557213931,37.032277710109625,0.18706467661691545,0.23184079601990049,0.10497512437810945,0.0007906054305586,2.9267289844521587
개봉역 신영지웰에스테이트,3937,177,4.175141242937853,0.9133964817320703,0.03112313937753721,0.13396481732070364,2616.385020297699,20.53044654939107,43.23076923076923,0.30175913396481735,0.2408660351826793,0.13667117726657646,0.0013022112875270414,2.8613008190385494
성동구민종합체육센터 앞,3559,181,72.8011049723757,1.0412840555513394,0.02686499203157016,0.11732564316612279,3077.6902474007743,33.51703726189573,35.09469165359531,0.11041967063823328,0.2829930940274721,0.10624573119830007,0.0009768211412754,2.861837946574838
\N,4935,179,12.368715083798882,1.0121951219512195,0.03432700993676603,0.13595302619692864,1809.7347696476966,21.071815718157183,41.43331773514272,0.2601626016260163,0.16124661246612465,0.14679313459801266,0.0011517759681009437,2.852107659244854
KCC용산월츠타워,850,179,12.927374301675977,1.1067415730337078,0.030682800345721694,0.13094209161624892,2041.6060847018157,21.8409680207433,37.54039251483341,0.22904062229904926,0.1905790838375108,0.11106309420916162,0.0007066346472368,2.95228284454145
연세사랑병원신관앞,2281,177,7.576271186440678,1.3400447427293065,0.035794183445190156,0.10961968680089486,1512.6107904548844,13.488441461595825,37.95412844036697,0.2721849366144668,0.14615958240119314,0.1610738255033557,0.0008904945194883,2.9787407963705066
종로학원본원,384,180,11.661111111111111,0.9714149595045259,0.043353978084802285,0.12720343020485947,1652.4036588851836,13.757979990471654,36.90877192982456,0.3358742258218199,0.21819914244878513,0.16912815626488803,0.0016115113378677088,2.799743520890792
한국스포츠정책과학원 앞,5320,140,4.057142857142857,0.5933098591549296,0.02112676056338028,0.09683098591549295,4171.082007042253,27.721830985915492,35.12379110251451,0.04577464788732394,0.15316901408450706,0.14788732394366197,0.0015564213725230884,2.7796172912171424
경복궁역 6번출구 뒤,302,183,78.65027322404372,0.9606753282845828,0.028625026054331967,0.11852984089487946,1985.6037497394582,19.914263878274163,37.993678887484194,0.23296046689362887,0.2122559577572431,0.12242062113527409,0.0008799594745496,2.9117112698275123
서울교통공사 사당별관 건너편,2281,184,10.179347826086957,0.9594233849439402,0.04751735184196476,0.11425520555258943,1628.4279231179928,15.294180459156433,39.154681139755766,0.2621462893753337,0.16497597437266415,0.17191671115856913,0.0011606728060899573,2.916957826579532
마들역 3번출구,1689,365,49.136986301369866,1.0177864510733203,0.03373292444940061,0.12294396431558405,1745.4441650404235,19.203568441594648,36.75998925525485,0.14028436018957346,0.22720936715918597,0.08402564817396153,0.0005310305798867,3.0023140373914505
신정제일시장,4507,365,30.410958904109588,1.0223423423423423,0.033963963963963964,0.13252252252252253,2012.5647945945948,18.766126126126125,37.80113272066681,0.18243243243243243,0.19423423423423425,0.08648648648648649,0.0005599281714147,2.991039010027339
DMC역7번출구,3008,362,23.54696132596685,0.7173862036602534,0.03226184889723135,0.058071328015016424,1742.5582144533087,13.336813702487095,39.515643883443,0.3466682308775223,0.2299389957766307,0.22524636320976069,0.0022823168030280264,2.7135599484285846
미아동 한국전력공사,1529,364,39.68131868131868,0.9969537524231514,0.030670174466906674,0.11333425643865964,2468.4779250900037,23.82968706729438,36.96740003211819,0.11381888673497645,0.1953752423151482,0.09948767654389366,0.00047272267006,3.0416330548465877
서울도봉초등학교인근,1727,365,19.265753424657536,0.9387087599544938,0.03782707622298066,0.13936291240045506,2808.1079323094423,22.178754266211605,41.681527498629634,0.16496018202502843,0.17235494880546076,0.07110352673492605,0.0005227336067678,2.986131927361238
선유도역 3번출구 앞,228,365,100.91780821917808,1.040423510248405,0.029998642595357675,0.12352382245147278,2843.0119777385635,26.135740464232388,35.40491526483647,0.12661870503597122,0.25901995384824217,0.1081580019003665,0.0007492968811113,2.9452555403890353
도곡역 1번 출구,2413,365,34.62191780821918,1.0813484213025244,0.02912083564137058,0.1309646276806204,3188.2151784442517,26.91572366859223,39.64457299735268,0.1490068845453826,0.24966368600142438,0.10176465933370261,0.000749238155501,2.939127512655661
안암골벽산아파트(후문),673,365,25.671232876712327,0.9212379935965849,0.03383137673425827,0.12177161152614728,2220.4913212379934,19.06350053361793,33.516925064599484,0.15741728922091783,0.1991462113127001,0.07737459978655283,0.0003177332349497,3.0792047904237
광진광장 교통섬,584,365,99.52876712328766,0.7821790354547457,0.03784959260074874,0.09631689055274169,1624.657828672094,15.527554503413345,33.001340132052036,0.2591940101299273,0.17702598546575643,0.1417639286500771,0.0007095771040558,3.001118364489502
종묘,3411,365,32.9972602739726,0.9990866821653935,0.030471604118233145,0.08286283626702093,1820.543102789771,26.82181999335769,41.583422511917504,0.16174028561939557,0.16364995018266357,0.09382265028229823,0.0008406662118476,2.9117896474564384
염창동 한마음아파트 앞,1119,365,37.71506849315068,0.9977480749673108,0.03632137149498765,0.13540607293331397,2358.5964986197873,19.221923579834375,37.43204935801234,0.20092982711027169,0.20572424814761006,0.09530727880284759,0.0004952139573222,3.0193344183577855
강변삼성래미안,3215,365,51.24657534246575,0.8613205025394279,0.040096230954290296,0.11895215183106121,1832.5456263031263,17.407056936647955,36.72559587974608,0.350547981823042,0.14445335471798984,0.15723068698209036,0.001490988824930703,2.797143215263184
종각역 1번출구 앞,316,358,57.614525139664806,0.9685348589159314,0.03131969359061379,0.07863861146126248,1906.2223155240954,21.208232328129544,40.56375172413793,0.2072141956753612,0.18403956171821972,0.11548530980316106,0.0010448680148316442,2.8482898612515433
사근빗물펌프장 건너편,3600,365,87.24657534246575,1.0604490500863557,0.029800596639974877,0.12114931700423928,4097.871454545452,29.636112419532108,33.0899668483024,0.13559428481708274,0.20693986497095304,0.08444025749725231,0.0005605586429278,2.9934341401012077
쌍문현대1차아파트 108동 앞,1734,364,24.662087912087912,0.8177564888047232,0.03642642308120753,0.1286621365712376,2440.4051097248516,20.19639077642865,35.551069484875335,0.29497604990531356,0.1688760164865768,0.13445471761167427,0.0008855755109793,2.931059877208922
KBS 스포츠월드,1182,365,106.4958904109589,1.000205808957835,0.03987548558050989,0.09045303696843406,1584.753407681818,14.607933935324535,37.02516917962721,0.2445524941473078,0.23467366417123303,0.12114429780556199,0.0009139272705948,2.8944574548709063
천호역4번출구(현대백화점),1009,365,145.17260273972602,0.9967917264286253,0.032950856797765535,0.13755944742205783,2121.1703797086134,21.826904204725597,36.21195000109073,0.09621046274628217,0.3009171887974636,0.11981958179210388,0.0010129450726796892,2.884440324943978
경희궁 자이 3단지,394,362,23.787292817679557,1.137266287306933,0.030426199047729648,0.07211705957496226,1982.1736104982,17.86598536755313,40.66833654463712,0.31204273603530364,0.15898269655092323,0.18662176286145626,0.0017096987073406764,2.766910844816533
평화도봉공원 주변,4062,365,26.476712328767125,1.0473923841059603,0.029801324503311258,0.1162044701986755,2648.579298427152,23.14621274834437,37.64413495017409,0.15614652317880795,0.19246688741721854,0.09768211920529801,0.0004337300511118,3.0400453529704303
"불광역3,6호선 버스정류장(동명여고 방면)",4663,365,22.10958904109589,1.0083023543990086,0.03630731102850062,0.13023543990086742,2369.388561338289,21.13271375464684,36.713722175260635,0.122180916976456,0.23197026022304834,0.10508054522924411,0.0005264784155779,3.0208856531035657
동대문 종합시장 버스정류장,452,365,25.243835616438357,1.0157369220751031,0.03581506403299327,0.10809637508139787,1879.2310277838067,21.102995441719123,41.80904522613066,0.1423920121554157,0.18971130887779464,0.08324289125244194,0.0004900695701086,3.0233294219670372
올림픽훼미리아파트 112동 앞,4460,365,35.95890410958904,1.0109714285714286,0.03512380952380952,0.0883047619047619,1986.9774399999992,19.86064761904762,38.22075153237985,0.21546666666666667,0.24739047619047616,0.13935238095238095,0.0012788314134542704,2.840925361049466
역삼1동 주민센터,3628,365,30.44931506849315,1.1173294943314738,0.03509087637214324,0.10689220802591326,2625.1150107971916,26.97795573150981,38.41737592572123,0.10905164657189131,0.27595825085477776,0.12947633615260032,0.0009096752511254,2.9219206844550705
목4동주민센터 옆,702,335,66.54925373134328,0.9772136000717682,0.04413743608145689,0.11258634610209024,1622.4160742800764,16.141338476720193,36.68599204150506,0.2939355880505966,0.15143087826320983,0.14631739481474837,0.0010302801026650015,2.883354144511712
가좌행복주택 앞,4210,365,33.00547945205479,0.9773387565368972,0.04507346227276501,0.12990786087822695,2384.2020685647885,20.04349630613431,36.78158844765343,0.2880385158130655,0.18195401344733128,0.13488835394704077,0.0008698679905015,2.9514775332465795
대림경동아파트앞,1120,365,65.87671232876713,0.9394468704512373,0.04059055936785194,0.12081513828238719,1981.3691457683492,18.520440840091496,38.217523094688225,0.28816801829902267,0.17916406737367435,0.13657725098773132,0.0008739139506352,2.9227880806766344
도봉구육아종합지원센터(창동),4074,365,29.33150684931507,1.200261535587521,0.043620399775826636,0.11797123108537269,2508.818128152437,21.082757332337007,34.66933957010803,0.2675135438072109,0.15664113581169437,0.1232953484027648,0.0007119607389241,2.9715179536634047
SK리쳄블(서울아리수본부),3134,344,12.267441860465116,0.8649289099526066,0.03530805687203791,0.10734597156398104,1442.9754597156398,14.854502369668246,41.25732383214569,0.35521327014218007,0.18412322274881515,0.1971563981042654,0.0016957244271741927,2.783623302798138
신도림테크노근린공원,1961,304,68.36184210526316,1.0191511885285343,0.036618227312097004,0.10148205177557501,2578.8177547877967,19.755220864209413,39.67094711746857,0.14512558945241072,0.34053507843325953,0.18491964199788277,0.001735126842611732,2.7443095992066766
마곡수명산파크7단지 710동 앞,3797,364,17.763736263736263,0.9460253634395298,0.041602227033714814,0.11846582121868234,1951.769692236313,17.17476028456542,39.23142213753681,0.1687287349211259,0.16532632230126817,0.08506031549644293,0.0004912120139957,3.00277280507926
풍전아파트 건너편,4618,340,28.194117647058825,1.074483621948675,0.02941790110577926,0.07750886709785103,3173.7051439599436,23.30857500521594,40.660467980295564,0.17692468182766535,0.20926350928437304,0.172856248696015,0.001642108687980126,2.787536342382025
디지털매직스페이스,4218,365,58.16986301369863,1.0383854559155992,0.029154107008289375,0.09292577241899021,1915.6644277505645,16.76408251695554,37.05144923565832,0.08284664657121327,0.28160324039186135,0.16324415975885456,0.0015413028529219835,2.796251841451953
마곡엠밸리 15단지(1502동) 건너편,1180,365,84.57260273972602,1.0188538663383977,0.04399235478959474,0.09867504616281707,1278.0079788784876,12.262366775729696,35.290453647444735,0.18892740289610935,0.218601185655512,0.10142861770708478,0.000665679297743,2.9550366652638314
신길자이아파트,4591,364,25.873626373626372,0.17583351029942662,0.03737523890422595,0.14143130176258228,1543.3055149713314,12.567105542578043,35.45980465815177,0.2269059248248036,0.14695264387343387,0.08749203652580166,0.000581927684276,2.978163513044041
답십리역 1번출구,631,365,92.8054794520548,1.1228966168742989,0.03799374151266458,0.09677038436559013,1887.7467730412686,18.72412469740804,37.45693174533554,0.2208773690736258,0.23693688374564564,0.11764184920588061,0.000867900710105,2.932346056075212
청파동입구 교차로,820,363,22.760330578512395,1.0202130234809974,0.028080367949648997,0.10481723553618978,2187.0109331880903,19.05773420479303,38.2630781938326,0.19680464778503992,0.19970951343500362,0.10699588477366255,0.000619185790766,3.007742406199669
대한항공 인력개발센터,1175,365,37.632876712328766,0.6897932440302854,0.03705591147350029,0.09828188701223063,1787.3194314210825,16.79229761211415,37.365512333965846,0.19416132789749563,0.17887303436225976,0.10679965055329062,0.0006802083214377,2.979548288351373
군자역 7번출구 베스트샵 앞,540,365,66.1972602739726,0.9978892475788428,0.033772038738515024,0.12536213889578676,2179.170004966477,19.009891565267775,32.99727719161764,0.14299312970780564,0.20420494992136412,0.08343680158927241,0.0003690602249552,3.0634751154983553
종로4가 사거리,339,364,35.777472527472526,0.9571527297857636,0.030638101819857176,0.0976733471550334,1784.6356392536254,25.280580511402903,40.524598978403084,0.08346771097289411,0.21039698994087383,0.12224525838900407,0.0009729446673149,2.8932195339630056
문래동롯데캐슬아파트,4571,365,126.22191780821917,0.9890386577239478,0.04152286687938182,0.10976536215840768,1805.8246918886086,17.018862190966118,37.84595849472847,0.297128345379957,0.17705280979357949,0.1294740726270322,0.0010357863138504041,2.8714851361870615
자양(뚝섬한강공원)역 1번출구 앞,502,365,260.2630136986301,1.1199524190492232,0.02698008337193145,0.14969051328476987,3666.3620150322113,31.278295928249612,34.12396382344432,0.11357320308223505,0.27186407848751526,0.10533075076845341,0.0009106665999188,2.8883017530793325
혜화동 로터리,340,365,38.33150684931507,1.0203702380101494,0.030019298120220143,0.12207847902222857,1996.359557572724,17.611678936459153,37.38376353717124,0.1688942891859052,0.18297476949467517,0.07805017511257237,0.0003242456134077,3.0762750449990035
맥도날드 서울둔촌DT점 앞,3664,359,91.7158774373259,1.006742392030614,0.03990767174876997,0.1205430358986819,1740.8120485330764,18.496385834902508,36.097870074547394,0.15774767660815162,0.2107453076596003,0.08339913745975824,0.0004877028741032,3.0183441687529156
봉은사역 5번출구 옆,2315,363,22.608815426997246,1.0157182892652614,0.030218106494455953,0.0968685268673084,4012.005403923481,31.40002436944072,38.09147579008408,0.14901913001096623,0.2480809065431948,0.1396368953332521,0.0010765390219179155,2.8769969293189286
둔촌고교입구 교차로(길동주민센터 방면),1017,365,50.76986301369863,0.9990286546867412,0.03998704872915655,0.13177918083211915,1983.0982165020757,21.708650369650854,35.91180636817146,0.1824510280071232,0.21062004209163024,0.09416653175759539,0.0005573206535192,3.0038956410230973
자양한강도서관,3868,365,76.58904109589041,1.0202825970309426,0.05169021641924521,0.12473618315149347,1812.2387154355233,21.43602217850116,37.04784538633775,0.2794491146485423,0.1643355392595242,0.1209443748882132,0.0008782312234636,2.900159001648361
신당 래미안 버스정류장,434,359,15.935933147632312,0.052787974130396785,0.03128823632232127,0.1382625415137214,2003.964355881839,16.963992309036882,39.09453582907922,0.22443628736234922,0.12585212375458835,0.09893375284041252,0.0006345529667661,2.989104038622731
문정현대아파트 교차로,1256,365,22.027397260273972,0.9808457711442786,0.041666666666666664,0.11355721393034826,1717.9499365671634,15.854850746268657,34.565445790164894,0.17711442786069653,0.24340796019900499,0.08980099502487562,0.0005398394119783,3.0040938188977035
개포래미안포레스트아파트 107동 앞,2394,365,22.893150684931506,0.7894925801819053,0.03949258018190522,0.1199138343705122,2098.1363235998074,18.12123025370991,40.795536357091436,0.31965055050263286,0.1528243178554332,0.1731689803733844,0.00116728771874855,2.900055250398902
고대구로병원 앞,3935,365,36.967123287671235,0.9768027866301044,0.039279626472985996,0.08945379085451716,2410.415644408211,21.694063588527385,37.21541673916826,0.1553398058252427,0.15400578077521676,0.1516341806862818,0.0008857335629063,2.955381785006592
푸조비즈타워 앞,4383,365,59.41095890410959,1.3931750057643533,0.03384828222273461,0.0550611021443394,1932.8647419875479,18.13151948351395,37.74055304616063,0.155545307816463,0.22817615863500115,0.22485589116901084,0.0026427617735715024,2.618101971148813
국회소통관,4581,351,14.575498575498575,0.9927677873338546,0.04339327599687256,0.055707584050039095,1495.8540969507426,17.047888975762316,43.25157917664997,0.16516810007818605,0.10105551211884284,0.16575449569976544,0.00224579839802415,2.5239217552285242
홍은동 정원여중 입구,188,365,21.654794520547945,0.9982287449392713,0.039347165991902834,0.13271761133603238,3535.7534893724714,25.651695344129553,41.785916753692376,0.2071103238866397,0.19547064777327935,0.09210526315789473,0.0004832186360027,3.03077691097
홍대입구역 2번출구 앞,113,365,157.17808219178082,1.2374586020568241,0.037754924176398814,0.1125326825867178,1992.7697941432807,21.839567718319678,36.4974378709011,0.1275753878333624,0.28989018650862824,0.15081052815060136,0.0010992743491383512,2.8857317667054856
신마곡벽산블루밍메트로오피스텔앞,5053,365,49.88493150684931,1.1424648506151143,0.034435413005272406,0.11066564147627417,2090.705377306677,22.741157732864675,34.51893246630089,0.23522627416520211,0.19332161687170474,0.09331063268892795,0.0007156234760278,2.9468141371456165
광산사거리,1530,365,46.41917808219178,1.0265596411497373,0.03783273328218143,0.12872572743906038,2052.9941320899497,20.38540990379508,38.509048850183696,0.1093667001121407,0.18644868087115624,0.07442601664404179,0.0002308236779897,3.1055461831527653
양평역2번출구 뒤,4601,365,37.56438356164384,0.8723652541754795,0.03500838742615418,0.10283713806432791,1957.5197855736274,19.180876668368462,37.208304676753784,0.2432353584713004,0.2447669754211947,0.12799941652687624,0.0010469476968089193,2.8664627652173382
신영체르니 아파트,4320,179,23.24022346368715,1.3891826923076922,0.018028846153846152,0.09951923076923076,3648.871209134615,28.66033653846154,38.741732283464565,0.1310096153846154,0.2528846153846154,0.13533653846153845,0.001158867007725181,2.8319631454351617
서울갤러리아 앞,4613,341,6.956011730205279,0.6618887015177066,0.02824620573355818,0.17200674536256325,3202.9746795952783,25.764755480607082,33.974646513895664,0.045109612141652614,0.2925801011804384,0.10497470489038786,0.0008366929017919,2.9552760259238813
상신초등학교앞 버스정류장,984,365,27.410958904109588,0.9970014992503748,0.04037981009495253,0.12403798100949526,3414.6239470264877,25.23878060969515,37.491296152566804,0.23758120939530236,0.14912543728135932,0.12433783108445777,0.0006038520906963,3.0092041660717577
뚝섬역 1번 출구 옆,512,365,78.7013698630137,1.0067534637610527,0.035299032235605377,0.1161317273550094,3122.932767527673,27.815428531643807,35.11558625280852,0.15292766135208521,0.2586158880456729,0.12250226275847664,0.0009825514482424,2.890388747513229
삼성도로공원,2317,362,27.91160220994475,1.0157363420427554,0.020882818685669043,0.1307403008709422,5637.304779295326,37.23030482977039,37.86412912551192,0.07927553444180523,0.28216547901821065,0.15330562153602534,0.001308179213038451,2.8402972411266374
목동아파트 14단지 B상가 앞,796,365,74.08493150684932,0.9953404090085426,0.04493177027476795,0.12259162013239155,1827.6859069561058,18.016530453755408,37.75856400231039,0.2847897636921711,0.14840427498983025,0.11948522613808661,0.0009897676459483,2.8599702078979803
등나무 근린공원(시립북서울미술관 앞),2919,357,98.61904761904762,1.025960746442469,0.032351521004345726,0.1339506348169398,2019.8709040815763,23.277075581560485,37.697479268132156,0.07484307098020279,0.23231175618484962,0.09711136989803164,0.0009490768700049,2.8735670965022138
신양초교앞 교차로,3505,365,25.413698630136988,0.9975204829667961,0.0364381198792583,0.14003880983182407,2831.4612365243643,27.56953428201811,34.382208201892745,0.11815437688658906,0.21194480379473912,0.07826649417852523,0.0003681413215773,3.0611422754183035
KEB은행 고대점,1372,365,28.446575342465753,0.8062217085620726,0.029567562361552537,0.11046903592410671,2267.261900221516,20.01030530675142,29.288002765932927,0.050467109698545704,0.1956082057208899,0.1119137050948666,0.0008164736207448,2.9269098060722016
국회의사당역 3번출구 옆,203,358,67.16759776536313,0.9939283040838393,0.032105131830657906,0.044498045412958494,2067.240608001331,20.863636363636363,39.600210717877495,0.2602095982699826,0.22743907510604677,0.15898694169508443,0.0020150751329796675,2.6820965143520175
세곡동 성당,2411,364,27.692307692307693,1.03234126984127,0.03888888888888889,0.1193452380952381,2232.4880079365093,22.616964285714285,41.196241152062484,0.19464285714285717,0.18273809523809523,0.10138888888888889,0.0007697776255564,2.9178697272668024
기쁜우리복지관,1155,365,73.24109589041096,0.97976283993566,0.042681330191149516,0.11139789772939812,2157.0469023304527,17.44547937006696,34.526275314022044,0.2565368645494333,0.15527625032731082,0.11670968465940972,0.0007789756719942,2.9142496826229554
대한상공회의소,445,360,28.569444444444443,0.9565386485172581,0.026349052017501217,0.0628099173553719,2531.189368011666,22.607583859990278,42.57769856299432,0.10053475935828877,0.25794846864365584,0.18366553232863395,0.002127248147585317,2.6528918119802816
가락종합 사회복지관,2625,356,8.640449438202246,0.9109232769830949,0.03998699609882965,0.10370611183355007,2560.68739596879,19.979518855656696,37.80145093547156,0.3293237971391417,0.1394668400520156,0.18628088426527958,0.0014471443369147147,2.8234403376235298
서강대 후문 옆,126,363,22.77961432506887,0.9928649171604789,0.029507800217680492,0.0863465957189503,2295.1521550368843,23.39980650622808,34.84449521633586,0.09275607691377434,0.16217196758979321,0.0981980892490023,0.0007166706575277,2.9541694641049707
양평2나들목 보행통로 입구,227,181,60.86740331491713,1.0500136153217754,0.02105836434601071,0.1446854860669874,5053.361940637198,37.167377689026054,36.525545293770875,0.1392393573568122,0.24716347463011706,0.0947626395570482,0.0007363094825672,2.9423093381088163
효자동 삼거리,450,348,31.75862068965517,0.6325551936301121,0.025244299674267102,0.14477017734346725,2189.8815825190013,22.979189287006875,37.98185483870968,0.21860296778863553,0.16567137169743035,0.08930510314875136,0.0009767373665686,2.8458244169295512
등촌서광아파트,3780,365,121.0,1.0022868787501416,0.03421261179667157,0.11312124985848522,1927.7031925733068,17.25590399637722,35.93857891491985,0.24048454658666366,0.22194045058304085,0.10580776633080494,0.000708662666839,2.964882058317743
송파여성축구장,5751,360,14.608333333333333,0.9368701274006465,0.028142232363567218,0.13976041072447234,2763.7041205552387,24.309374405780567,34.9916096268492,0.12721049629207073,0.1947138239208975,0.10249096786461305,0.0008763407115041,2.895002020535352
동양엔파트 앞,1461,343,28.8600583090379,1.0145469239317102,0.03697343165976361,0.14031720375795534,2229.2391059702995,20.056066269320134,35.99154282952761,0.06667340135367208,0.24618648348318012,0.10263662996262249,0.0005136899514802,3.027860285761944
금융감독원 앞,214,355,47.60281690140845,0.9954435173678916,0.027457245990887034,0.030416000946801587,2414.224729865672,28.69980472217291,38.78881610049301,0.037931238534824545,0.1877625895023374,0.3106692703710279,0.004824354017890774,2.276069815949886
마포프레스티지자이 1,4226,365,24.7013698630137,0.9350044365572315,0.03771073646850044,0.120452528837622,1839.6648369565223,15.293811002661934,40.47923048645999,0.2777284826974268,0.19154835847382432,0.12023070097604259,0.0008719142515358,2.923325036665187
강서수산물도매시장,1187,365,32.42465753424658,1.1640895648500211,0.05331643430502746,0.11263202365863963,1548.9330249260659,12.393578369243768,41.62291996830428,0.1345162653147444,0.24604985213350233,0.12167300380228137,0.0009538826282047,2.9011869830671255
반포쇼핑타운 2동 앞,2525,365,71.64109589041095,1.1984779532678114,0.023327851925503844,0.15725266740601934,5373.7696401392,42.683314849516236,35.58771161704612,0.06623580251634861,0.28708554820452026,0.10788175456040384,0.0009144139322677,2.915202356526767
은평구청 보건소,943,365,48.85205479452055,1.1430093657114015,0.03695810666816219,0.08832931411586563,1743.6550238348957,19.804497784756883,38.31263945399659,0.13571869216533006,0.22999270932645394,0.12450227132522013,0.0009984603571519,2.863109011198343
광희문,476,365,22.695890410958903,0.998430709802028,0.04128440366972477,0.10900531144374698,2531.46889546113,25.52535007242878,35.81881727946316,0.1481168517624336,0.18179623370352488,0.07194591984548528,0.0002556815083424,3.101418924679609
에이스 하드웨어(시흥대로 396) 앞,3963,365,24.96164383561644,1.099110964767863,0.04565909340357809,0.10536713862364175,2208.351858193392,20.15344089562068,37.9452723196624,0.29524750301832947,0.17945340796838985,0.185490066952036,0.0011481271231521518,2.955582944888138
목동3단지 상가,747,365,77.61917808219178,1.0047298012777524,0.0341322226536303,0.15633052133705128,1780.2801267163163,21.84959937877237,38.75059382422803,0.12604567434965233,0.20772298895203134,0.08531290812184533,0.0006006686159993,2.9674707091272072
강북구청사거리(수유역 8번출구),1503,365,61.78082191780822,1.063769401330377,0.034545454545454546,0.12270509977827052,2123.9484807095323,21.158625277161864,38.02224340641881,0.07086474501108647,0.26611973392461197,0.10873614190687361,0.000627392509815,2.9990236661899496
신용산지하차도 앞,4616,365,19.104109589041094,1.1862899756202496,0.03699985658970314,0.11300731392513982,2275.2932654524607,18.77355514125914,39.40457758330528,0.17539079305894165,0.25584396959701705,0.1236196758927291,0.000770779750568,2.951629022039558
LG전자 별관동(호서대 벤처타워 맞은편),1809,363,32.89531680440771,1.098567959132401,0.041035089188510177,0.04614353906707981,2426.048438154258,16.936102503977892,38.18059936908517,0.08759735365547273,0.33221673226697934,0.22552550037685287,0.00327692921089771,2.514420085702179
월드메르디앙 벤처센터 2차,1834,363,34.88154269972452,1.0736850418575266,0.023534986574000948,0.06515558363607644,4923.502546990996,31.484836518717422,39.01395730706076,0.05939030169009635,0.2594376875691044,0.30184804928131415,0.004126681903196224,2.4363394600458683
라코지스테이 앞,4807,363,17.34159779614325,0.9871326449563146,0.03558379666401906,0.13089753772835583,1534.1502875297845,15.086258935663224,34.282828282828284,0.24972200158856234,0.160285941223193,0.10373312152501986,0.0005254673192656,3.0201075264555266
중랑역 1번 출구(중화문화복지센터),1473,365,30.2,1.182618162024857,0.03737639481085004,0.11485076657897124,2135.598627415403,23.050077111494147,35.64470084453432,0.18180168738093078,0.2282500226798512,0.10314796334936042,0.0008074960311849,2.931035937711811
용마사거리,3517,365,51.0027397260274,1.1099054576708207,0.03475504941985389,0.11919853889127632,3042.6210652127165,27.24677696605071,37.11066034202971,0.18650623119896864,0.20283626987537604,0.10281478298238075,0.0004840729989514,3.0405132747400203
양재동 꽃시장 건너편,2550,363,23.435261707988982,1.0148113318443635,0.033266721523451274,0.09509815446103209,2128.1340496062053,19.02974021394146,40.02536543422184,0.1675091101445868,0.25379099565064067,0.13365463735747032,0.0008098213127533,2.9517382759751194
홍익병원앞 교차로,719,365,43.64657534246575,1.0125541397275752,0.04149143179963593,0.12384658841252903,1651.6574339338347,15.973824618668006,33.459902525476295,0.23061954679555585,0.19396145879103632,0.09955432803967108,0.0005944622027592,2.9922381444633026
웨스틴 조선호텔,468,357,14.210084033613445,0.9980287798147053,0.028188448649714173,0.09718115513502858,2276.7102621722847,22.135028582692687,40.140845070422536,0.13226887443327418,0.26650896905184307,0.1529666863788685,0.0010651240443956763,2.88083866485343
강일역 4번출구,3690,361,13.96398891966759,0.766712953779012,0.036302320968061894,0.08212656219004166,1546.0208192818895,17.39615155723071,40.19972671373264,0.2334854195596112,0.31184288831581036,0.17218805792501488,0.001449640026984266,2.8158234952198695
극동늘푸른아파트,1401,365,46.3041095890411,1.1134252411099934,0.031773267853973136,0.14241760842553694,2741.974944086147,21.14602686231584,34.83262653898769,0.10579255665345247,0.23424649429027866,0.0845512099875747,0.0004367837886222,3.0478083145506667
성북구보건소 건너편,1373,364,26.428571428571427,0.9967775467775468,0.030145530145530147,0.11538461538461539,3143.5196278586254,23.375051975051974,38.96086231233158,0.22120582120582122,0.22796257796257796,0.1128898128898129,0.0008396588256256,2.9109282725187513
세양청마루 101동 앞,4499,363,27.798898071625345,0.43375284907343176,0.038251907640471705,0.11287285700128828,2030.5081032603298,15.717074620949361,36.05720414730068,0.2725200673867803,0.18273709245862652,0.09751263502130611,0.0007582029030215,2.9412771016087396
교대역 6번출구,2239,363,21.650137741046834,1.0419900750731645,0.032319633541163,0.0928871357679094,2178.119461763584,21.410866522458328,42.93407243163341,0.17190482249650083,0.2679730245578318,0.13373202697544218,0.0010509027371065336,2.859950148284819
호암아트홀,443,331,7.132930513595166,1.0529436679373148,0.030072003388394747,0.05040237187632359,1561.0381406183822,15.410419313850063,41.55218030377266,0.2308343922066921,0.3079203727234223,0.1880559085133418,0.002520214457509713,2.593587780923962
서울도시건축전시관,4768,246,29.036585365853657,0.9332213355732886,0.031779364412711744,0.06117877642447151,1819.9600685986286,18.682766344673105,39.946605764687355,0.30561388772224557,0.24065518689626206,0.15483690326193475,0.0014175309586113094,2.785252529077273
강서힐스테이트 상가 앞,3786,364,25.912087912087912,0.8496607294317218,0.03986429177268872,0.12468193384223919,2008.6211121713316,19.627014418999153,35.85443037974684,0.1572307039864292,0.1998515691263783,0.07622985581000848,0.0004052966108554,3.0448789848572972
구산역 4번출구,908,365,33.846575342465755,1.0572284280395015,0.03602072203334952,0.1393880524526469,2460.2449303869184,22.243160110085803,34.88462587507955,0.14610652420268738,0.21822891371215802,0.08337380605471911,0.0004427801389159,3.0363413348994484
가락1동주민센터,4468,365,38.63013698630137,1.0054609929078013,0.043900709219858156,0.125531914893617,2817.9874921985815,24.133191489361703,42.28705123033481,0.2936879432624113,0.14326241134751774,0.13886524822695034,0.000780006874235,2.978337190552665
돈암초교입구 버스정류장(한성대입구역 방면),1388,365,18.736986301369864,0.9997075595847346,0.027635619242579325,0.12238631378856558,2180.3891592338064,18.58444216990788,38.736027944111775,0.1896476092996052,0.18950138909197253,0.08188331627430911,0.000480602594818,3.0203223571392837
용산시티파크 101동 앞,4637,361,14.5595567867036,0.9849695585996956,0.026445966514459664,0.13508371385083714,2327.4426978691013,22.124429223744293,35.544421722335834,0.15163622526636225,0.23097412480974128,0.1021689497716895,0.0006232759912182,2.972261893631232
방죽마을 입구,3611,362,11.477900552486188,1.0601684717208182,0.0332129963898917,0.09410348977135981,2284.379853188928,17.82286401925391,40.595238095238095,0.2348977135980746,0.1831528279181709,0.12178098676293622,0.0006537405215952,2.994340337387934
롯데캐슬 115동앞,1006,353,6.577903682719547,0.9698535745047373,0.029285099052540915,0.12532299741602068,2032.9104306632212,17.25968992248062,39.11626746506986,0.19078380706287684,0.2032730404823428,0.10508182601205857,0.0005623668165024,3.0044662741878914
퇴계로4가 교차로(중구청),4792,365,37.446575342465756,0.9901229148375769,0.031972490488732803,0.10199004975124377,1868.5414940005849,18.299092771436932,36.32656648211618,0.1391571553994732,0.2058823529411765,0.09328358208955224,0.0004735239004071,3.025522627564563
서울지방경찰청,461,164,26.378048780487806,1.140314378178456,0.036754507628294034,0.09408229311141933,1793.955025427647,20.877253814147018,41.18456122705557,0.21983356449375868,0.20434581599630142,0.10540915395284327,0.000944275776418,2.854875640663755
번동사거리,1554,365,14.2,0.9619911248311789,0.03974532124252363,0.13004051707505307,2295.882575728343,30.076596565695542,43.805763308402994,0.14316033185413854,0.17846806868608914,0.07910476557978005,0.0003503530981111,3.064153892214625
가오리역,1540,365,25.638356164383563,0.9876041889292584,0.03975208377858517,0.12577473819192134,1844.0652479162206,20.36364607822184,37.326011560693644,0.15601624278692028,0.19587518700577045,0.08110707416114554,0.0005181773254138,3.006025171633232
구로월드아파트 앞,3927,365,49.295890410958904,1.1041516145167565,0.038181515033624186,0.08603345745567721,2564.0831951314394,20.026176846551436,36.4057595195851,0.1761240482409826,0.2120268993497471,0.14138831767909743,0.001256542315916439,2.8325926748895576
롯데하이마트 (상암월드컵점),424,360,13.238888888888889,0.9443978178766261,0.027696181284095678,0.12694083088543853,2718.073346621905,22.772135963071758,36.305437233776,0.09630717582878724,0.25535039865715486,0.0994544691565254,0.0006245349816754,2.9980021631549434
영파여고 앞,1274,365,44.964383561643835,0.9815378990982209,0.03381671947355593,0.09651474530831099,1650.8985675115755,18.21746283207409,33.540787819527864,0.15330246161345357,0.19388252498172068,0.08682671216183281,0.0005736621784457,2.988816768704813
청계천 박물관 앞,518,363,22.862258953168045,1.0037353898060006,0.03349801180865165,0.08458850463911315,3374.1949933726955,25.698758886612843,41.01164049810504,0.08555247620195204,0.3018435956139294,0.20990480780816967,0.0021969318014447344,2.7214825713363173
사당역10번출구(금강빌딩),2089,365,24.813698630136987,1.1724632880644805,0.03179860881086453,0.1190239593684443,1933.522848625372,20.924588715910346,35.09167089893347,0.13867726620293697,0.21563431599867505,0.08203599425858452,0.0005082392546956,3.009994570284803
석촌호수 서호 남단,4868,361,94.74792243767313,1.0014033446380541,0.040960121623201964,0.10528008420067829,1472.341036720851,15.974681323821775,35.739329113495586,0.2421061864109461,0.20348497251783415,0.10589404747982692,0.0007113663870908,2.9694865559518058
강북문화정보도서관,1558,360,9.222222222222221,0.6617469879518072,0.03825301204819277,0.14397590361445783,3304.016870481927,28.620180722891565,40.53006442376521,0.1394578313253012,0.2246987951807229,0.0894578313253012,0.0007203260834503,2.950570765475085
서울북부지방법원,1728,361,10.42382271468144,0.9540260430507573,0.0297634865798565,0.06909380813180972,2509.83813446718,20.771193196917352,41.281029727244864,0.12357161838958278,0.2290725484985384,0.17858091947913898,0.001740957206364478,2.767738046707921
당곡사거리,2173,365,76.44109589041096,1.0113974409519373,0.03469409698577112,0.12454750725780438,2587.0603322461575,23.37590050535823,36.86882975151108,0.09770259130497115,0.23984803412064087,0.10031898498261711,0.0005599453836473,3.012438981149893
오솔길공원,736,365,30.4027397260274,1.1044426421555376,0.03631612147427232,0.11841038118410381,2370.912474542667,20.10966927998558,38.115530726256985,0.2557447958907813,0.16526989276381004,0.13904658916824367,0.000801915846277,2.972308906183143
도봉소방서 옆,1744,365,61.57260273972603,1.0347512681320636,0.034751268132063716,0.14616890629171486,1912.551796297942,18.15622497107769,36.96994231353102,0.06941354454035775,0.2687995016463469,0.10242947405891252,0.0009454525763502,2.8836924022448334
서울역 12번 출구 앞,807,364,29.076923076923077,1.026549508692366,0.030517762660619802,0.10175736961451247,2783.109790249434,23.097789115646258,39.04345327049086,0.20049130763416478,0.2448979591836735,0.12509448223733938,0.0009688476185525,2.9028175988956804
도봉아이나라도서관 앞,4083,364,34.565934065934066,1.0157367668097281,0.030758226037195996,0.10189159116197742,2141.539772691147,17.41519631219202,35.94806556127311,0.2347798442219043,0.14886345573040854,0.09871244635193133,0.0006179239792325,2.9897635716380133
생명의 전화 종합복지관 앞 교차로,1375,365,33.09315068493151,1.0163092971272456,0.03485387863233711,0.1016640450368408,2222.444658498218,18.30019041311367,39.885570668243645,0.25639539696994784,0.16532825565030218,0.10886662803212187,0.0007595745103318,2.976309332424552
흑석역 4번출구,2026,361,16.51246537396122,1.2108706592853549,0.03388693172286529,0.1046804227478611,3519.037223620198,24.452273108538837,35.95774647887324,0.1697701727898004,0.21841972823351785,0.09193088407985238,0.0006679721112261,2.9617476515679586
둔촌푸르지오아파트,3656,365,47.07945205479452,0.9949953445065177,0.04667132216014898,0.13564944134078213,1677.3366253491633,19.3328677839851,38.578521862157245,0.17749068901303539,0.16666666666666666,0.09252793296089386,0.0004816358021681,3.0226937237252405
국회의사당 본관,4579,363,15.997245179063361,0.7151713449285345,0.03392457379025314,0.07094885483037713,2263.340749095919,21.467194764938867,41.1828801611279,0.14878594799380057,0.31926984673669706,0.19338729120027554,0.0017116321303486976,2.7253173546568616
도산공원교차로,2364,362,14.640883977900552,0.9975471698113207,0.031509433962264154,0.09622641509433963,3069.377650943396,24.701132075471698,38.73657289002558,0.09150943396226416,0.2564150943396226,0.13,0.0009432261382066,2.939540121707769
개포우성6차아파트 정문 앞,3630,361,10.238227146814404,0.8896103896103896,0.046536796536796536,0.11363636363636363,2097.5373295454547,18.27164502164502,39.97345971563981,0.33198051948051943,0.15963203463203463,0.12635281385281386,0.0010175690598783135,2.9037912664159586
문정중교 사거리,1288,365,38.52328767123288,0.9236185193087263,0.04124884432117203,0.11876822416613328,1800.4086828817285,15.532038973046014,38.65654520917679,0.15375862314202404,0.20567527202901642,0.07652371808548468,0.0004543270150467,3.0232247419053437
관악구민체육센터,3802,354,14.138418079096045,0.9838161838161839,0.041758241758241756,0.08171828171828172,1407.6843316683314,16.192607392607393,37.78391384051329,0.3148851148851149,0.18561438561438562,0.14805194805194805,0.0016457068711064717,2.6774374820803235
상봉터미널2,1458,365,55.99178082191781,1.012819885501786,0.036551352938298184,0.12208249743112981,1542.6166242599209,13.274844644517296,34.137674418604654,0.2776337035768459,0.17810833292557615,0.13460879776875276,0.000749464941299,2.9710978454408474
동원베네스트 건물 앞,1436,363,13.209366391184574,0.6289885297184568,0.031908237747653806,0.11929092805005213,1972.4166256517208,15.314285714285715,33.55508574113225,0.22586027111574555,0.14661105318039624,0.11616266944734098,0.0004744651647933,3.0460209880883715
목동13_14단지 사거리,4512,365,38.14794520547945,0.7438954323470267,0.03878195920712439,0.11182131571387532,1899.6129610744056,17.303935650675093,39.33237967014473,0.1910370583165757,0.22062625682275208,0.08560758402757829,0.00064608645787,2.95387595029017
강북문화예술회관,1506,365,31.627397260273973,0.9454261954261954,0.038548163548163546,0.11607761607761607,2004.1652529452533,20.365384615384617,39.65366768683977,0.20235620235620236,0.1321898821898822,0.09693347193347193,0.0005499718743612,2.9929309624260765
래미안 솔베뉴(고덕로),1085,365,29.84931506849315,0.6260670032124828,0.03772372648003671,0.1166590178981184,2112.9921698026624,17.261771454795777,38.393637127257456,0.1846718678292795,0.20073428178063332,0.08058742542450666,0.0005311499199822,3.007646016650899
응봉현대아파트 정류소,569,360,7.2444444444444445,0.8585122699386503,0.032975460122699383,0.12960122699386503,2691.384321319019,20.82707055214724,39.95423956931359,0.19056748466257667,0.2197085889570552,0.1085122699386503,0.000443674110074,3.067571924841911
성북3교 위,1336,364,22.057692307692307,0.9674928384605804,0.031510773446257315,0.11072362685265912,3029.8667841574306,22.337526466558725,35.780925401322,0.2129779549134388,0.2087433055174991,0.10897994768962511,0.0005291152676111,3.019712822002451
항동지구 4단지 입구,2806,353,4.985835694050992,0.7238636363636364,0.036931818181818184,0.12727272727272726,2715.578352272728,18.889772727272728,38.09748620478234,0.35397727272727275,0.13693181818181818,0.21136363636363636,0.0018265395431588613,2.778003225577862
숙대입구역 4번출구,838,365,37.51780821917808,1.2041770118299986,0.032715057689499054,0.11501387468964511,2396.750444720315,20.890901124580108,38.133719422594865,0.14217905652110413,0.22783700890901123,0.10179640718562874,0.0005661621098153,2.9955305164484534
북가좌 초등학교,177,364,18.945054945054945,1.0797563805104409,0.0337877030162413,0.11615429234338748,2456.8241632830627,21.05945475638051,40.443341321465255,0.2692865429234339,0.17691415313225056,0.11238399071925755,0.0007936484404767,2.9260695302575592
조원동 강남힐병원,2170,365,24.2,1.0326050039624137,0.04007698403713348,0.12815577946337597,2259.8680357749336,20.609872070644176,35.71012101210121,0.29514321295143214,0.1549869806407789,0.11977810483414468,0.0007526717696349,2.9725034083993496
신수동주민센터,494,365,12.372602739726027,0.9982285208148804,0.03720106288751107,0.0983170947741364,2617.85769707706,27.734499557130203,40.88288288288288,0.27723649247121346,0.17271922054915856,0.12134632418069087,0.0009698101051372,2.8893722322880824
상월곡역 4번출구,1325,365,17.84931506849315,0.6931696085955488,0.03346124328472755,0.1079048349961627,2731.2406922486575,22.24451266308519,38.49808986720029,0.10437452033768227,0.22624712202609365,0.11220260936300844,0.0009962015341864,2.8879414356639845
시립도봉노인복지관 버스정류소,1772,363,18.986225895316803,0.9403656413232734,0.034968078932095185,0.1313116656993616,1769.605158154383,16.59924550203134,36.814090358317465,0.1765815438189205,0.16831108531630876,0.07544979686593152,0.0003633370730557,3.0594860347264357
송파파인타운 4단지 403동,4475,365,13.550684931506849,0.976344520824909,0.041649818034775576,0.12778002426202992,1690.3749575414474,16.40032349373231,40.624740364643436,0.2769915082895269,0.13687828548321876,0.11726647796198948,0.0009957245648429,2.855723472982681
은평뉴타운구파발9단지,954,363,18.512396694214875,1.0666666666666667,0.03526785714285714,0.15163690476190475,2030.8649568452383,21.97172619047619,39.78056426332289,0.1517857142857143,0.1751488095238095,0.07261904761904762,0.0003686818694492,3.058377859025011
국악고교 앞 교차로,3634,363,17.600550964187327,0.9888871497886993,0.04053842541868837,0.11723274377836908,2316.7264720613543,19.840194083581157,39.19060250094733,0.22773516982313352,0.20034434183753325,0.09641571450931288,0.0006520584111926,2.9644481079792397
북서울 꿈의 숲 입구,1571,362,12.209944751381215,1.031900452488688,0.037104072398190045,0.11923076923076924,2858.4410135746607,24.882805429864252,40.758214196137445,0.2527149321266968,0.15497737556561086,0.12058823529411765,0.0006403545290955,2.9928052075472396
강일리버파크 6단지,1037,359,7.596100278551532,1.0810414374770811,0.03447011367803447,0.12724605793912724,1844.6233223322338,19.406674000733407,42.663543061133424,0.22625595892922623,0.1243124312431243,0.08544187752108544,0.0006365291802578,2.9687049743991727
신봉천주유소 A,2199,346,5.658959537572255,0.9724208375893769,0.03830439223697651,0.14862104187946884,1960.9424106230852,20.979060265577118,34.03072289156626,0.12819203268641471,0.2277834525025536,0.08018386108273749,0.0005788461997719,2.9779731355957737
내곡3단지 어린이공원 앞,2205,363,19.34159779614325,0.8853439680957128,0.040307648483122065,0.11835920809001567,2086.1697365047717,17.16379433129184,41.576172819603414,0.3565019228030195,0.17547357926221335,0.15653040877367896,0.0014698360868700975,2.7832696325171145
구로1동우체국 앞,1979,356,7.550561797752809,0.9720982142857143,0.041666666666666664,0.08444940476190477,2867.832321428571,23.34970238095238,38.64067944250871,0.30654761904761907,0.09858630952380952,0.15029761904761904,0.0010168373990221088,2.9163569739703536
나래교,5779,360,8.869444444444444,0.972439711869715,0.03914813654870028,0.11838396492326965,1888.7081991857194,15.907297212652677,38.58909934286819,0.2781083620419668,0.14719699342311304,0.1531475101785155,0.000881860750096,2.962740851430392
문정중학교,4479,349,6.418338108882521,0.8401785714285714,0.038392857142857145,0.140625,1585.317995535715,13.534375,38.10096889342172,0.2839285714285714,0.11919642857142856,0.1455357142857143,0.0009535379907171,2.929839528364405
충정로역 7번출구 아래,180,364,18.27747252747253,0.6933714113933563,0.024951149857207276,0.09634751240042086,2672.8772463550276,21.21373816323463,39.496244541484714,0.1650383285735758,0.2329776040883812,0.12069742973094845,0.0008116857112444,2.9700648894663173
대광빌딩,671,363,12.22038567493113,0.9790351668169522,0.034039675383228135,0.12218214607754734,1630.9896348061313,19.629621280432822,35.034699453551916,0.1021190261496844,0.1850766456266907,0.09084761045987376,0.0004402512090375,3.043140249904554
목양전원교회 앞 로터리,3910,359,8.860724233983287,1.1339201508959447,0.039295818924866395,0.1452373467463062,2960.8025872367184,24.25055014146495,39.37937668333974,0.19553599497013519,0.16189877397044955,0.1059415278214398,0.0005286548024232,3.0017164915681134
명물길 원형무대 앞,135,362,14.19060773480663,1.0494452014794626,0.029199922133540977,0.11855168386217636,2426.3950574265136,21.88553630523652,34.42204976032869,0.10395172279540588,0.2339887093634417,0.1245863344364415,0.0009066119478286,2.916719889692743
목마공원,776,365,16.473972602739725,0.9627473806752037,0.0320971229003825,0.11907533677033096,2429.8855612838856,19.779145185431563,38.03533294505921,0.13154831199068684,0.23349409612506233,0.11175785797438882,0.0006901680207663,2.9610449298343067
도봉여성센터,4094,361,12.551246537396121,1.006621054954756,0.037077907746634296,0.1118958287353785,2228.7473824762747,19.262193776208342,45.21469740634006,0.2200397263297285,0.1434561906863827,0.11873758552195983,0.0006902553263767,2.977814053425764
JK장평타워,2165,353,5.835694050991502,0.8558252427184466,0.04271844660194175,0.10679611650485436,2864.2018203883495,24.330582524271843,36.19132791327913,0.0703883495145631,0.1975728155339806,0.09223300970873786,0.0003935861585027,3.061727923150345
우이천 창번교,3720,241,18.95850622406639,1.1059312759903699,0.032392208360691614,0.12453490917049682,3680.4126351499244,28.212081418253447,37.58267716535433,0.21930400525279053,0.20945502298095864,0.09630115999124535,0.000656414443606,2.974257370349315
혜명양로원 담장 옆(2),3967,362,11.4060773480663,0.6822475175587309,0.03632840881569387,0.09057883264713006,2907.782232986195,25.45144102688302,41.755389479735555,0.19302494550738677,0.1550012109469605,0.09275853717607169,0.0005425920222745,3.0070675106728304
도봉문화정보도서관 삼거리,1714,354,12.581920903954803,0.24068253255500674,0.028738212842388863,0.11180960933991918,1738.335446789404,15.438482263134262,39.08039936941671,0.14840592725639876,0.18073641670408622,0.10305343511450382,0.0009284732341631,2.883576582429951
세화고등학교,4324,342,7.140350877192983,1.0122850122850122,0.02457002457002457,0.12039312039312039,4629.309766584765,33.1015561015561,36.41380930014091,0.03357903357903358,0.15847665847665848,0.17485667485667486,0.001922478235438923,2.7004565079985685
한신아파트 앞 육교 아래,1825,364,15.703296703296703,1.0775017494751575,0.0400629811056683,0.11773967809657103,3965.911529041287,29.461511546536038,39.34362139917695,0.2589223233030091,0.21466060181945418,0.13925822253324002,0.0009755702818351,2.9181843358944453
마포구청 청사내,3005,357,10.145658263305322,1.0011043622308118,0.04362230811706239,0.06653782440640531,2250.958578133628,27.100773053561568,40.13435068821065,0.17090005521811152,0.14826062948647156,0.11071231363887354,0.0011501544685931788,2.7801335656133666
서울혁신파크2,967,351,7.478632478632479,1.0083809523809524,0.034666666666666665,0.11123809523809523,2625.6007542857146,24.152,41.58522727272727,0.057523809523809526,0.28,0.11314285714285714,0.00080840287226,2.94589791635299
신당동주민센터앞,374,184,34.58152173913044,1.1925192519251926,0.036303630363036306,0.10796793965110797,2452.3650526481215,24.22096495363822,38.8748034591195,0.11582586830111583,0.225994027974226,0.0997956938550998,0.0005040396942675,3.0302487676830214
현대썬앤빌 앞,4142,183,73.51366120218579,1.1745335612874452,0.035605441165539285,0.11120196238757155,2258.5423890582038,20.82725042741396,37.5410373608903,0.2856611908124582,0.168140935107411,0.17646621571396715,0.0009817830573658,2.9821723399933884
양재역 10번 출구 앞,2242,184,22.679347826086957,0.9971243709561467,0.03450754852624011,0.08291397076443806,2100.5492810927394,20.966211358734725,39.79760403530895,0.2870836328780254,0.1895518811406662,0.12245387011742152,0.001121799836690119,2.8338984765808766
충무아트센터,6061,183,37.80327868852459,1.0365712633709165,0.03686036426712923,0.12069962416883492,2033.9616160740109,26.280427869326395,40.07555394115511,0.11260479907487714,0.2179820757444348,0.07892454466608846,0.000321587571648,3.0869014234515992
W컨템포오피스텔앞,1823,181,9.784530386740332,0.36250705815923207,0.02710333145115754,0.09486166007905138,1475.4177639751551,13.416713721061548,36.77428571428572,0.2484472049689441,0.16431394692264256,0.08865047995482778,0.0005485511329207,3.0052419412281126
도산공원,4939,148,8.20945945945946,0.9958847736625515,0.0345679012345679,0.10452674897119342,4632.168971193415,35.776131687242795,37.03258426966292,0.04526748971193416,0.24938271604938272,0.12263374485596708,0.001194534059284097,2.8234599050182907
한강버스 옥수 선착장,5651,108,140.61111111111111,1.0023047543790333,0.021203740287106546,0.18438035032266561,7405.924489661532,45.68049519294087,39.7382328654005,0.06795732911892532,0.2448307651784538,0.09699723429474516,0.0009109094761432,2.8884167976205415
마곡광장(마곡나루역 5번출구),6190,41,24.51219512195122,0.8517412935323383,0.07263681592039802,0.08756218905472637,1316.4089850746266,11.253731343283581,37.32367758186398,0.17014925373134326,0.27064676616915423,0.11741293532338308,0.0009723614514492,2.853555045884431
국회박물관,5880,154,4.785714285714286,0.7991858887381276,0.036635006784260515,0.06241519674355495,2266.5709362279513,24.065128900949798,44.55534351145038,0.04613297150610583,0.17367706919945727,0.24423337856173677,0.003691834273597269,2.354834870440587
신림역 5번출구,2135,1,1.0,1.0,0.0,0.0,604.98,3.0,26.0,0.0,0.0,1.0,0.03993055555555555,-0.0
신영체르니 아파트,4320,179,23.24022346368715,1.165625,0.018028846153846152,0.09951923076923076,3648.871209134615,28.66033653846154,38.741732283464565,0.1310096153846154,0.2528846153846154,0.13533653846153845,0.001158867007725181,2.8319631454351617
양평2나들목 보행통로 입구,227,181,60.86740331491713,1.07315966234002,0.02105836434601071,0.1446854860669874,5053.361940637198,37.167377689026054,36.525545293770875,0.1392393573568122,0.24716347463011706,0.0947626395570482,0.0007363094825672,2.9423093381088163
서울지방경찰청,461,164,26.378048780487806,0.9717984281091078,0.036754507628294034,0.09408229311141933,1793.955025427647,20.877253814147018,41.18456122705557,0.21983356449375868,0.20434581599630142,0.10540915395284327,0.000944275776418,2.854875640663755
신당동주민센터앞,374,184,34.58152173913044,1.0623919534810624,0.036303630363036306,0.10796793965110797,2452.3650526481215,24.22096495363822,38.8748034591195,0.11582586830111583,0.225994027974226,0.0997956938550998,0.0005040396942675,3.0302487676830214
양재역 10번 출구 앞,2242,184,22.679347826086957,0.9609393721543255,0.03450754852624011,0.08291397076443806,2100.5492810927394,20.966211358734725,39.79760403530895,0.2870836328780254,0.1895518811406662,0.12245387011742152,0.001121799836690119,2.8338984765808766
W컨템포오피스텔앞,1823,181,9.784530386740332,0.3935629587803501,0.02710333145115754,0.09486166007905138,1475.4177639751551,13.416713721061548,36.77428571428572,0.2484472049689441,0.16431394692264256,0.08865047995482778,0.0005485511329207,3.0052419412281126
청와대앞길,451,336,7.1726190476190474,0.5925311203319502,0.022821576763485476,0.15892116182572613,1939.5863900414943,21.778423236514524,37.74419778002018,0.07966804979253111,0.2136929460580913,0.14398340248962654,0.001621096925940593,2.7026925034987204
상암동주민센터 옆,414,365,57.88219178082192,1.0965115728688408,0.03180763951341885,0.10843943768637289,1880.622191981823,15.611823732664362,36.19149516895027,0.12486391820892698,0.25304113220050173,0.09632224168126094,0.000694119973987,2.9466459436953953
이문e편한세상아파트 앞,4116,363,23.137741046831955,1.074532682462198,0.03071794261221574,0.11525181569234433,2997.467836647219,28.77294916061436,39.51239556225175,0.20681033456363854,0.1989522562209787,0.10072627693773069,0.000580996788959,2.9911841294979435
신정6동 주민센터 인근,716,365,45.57260273972603,0.9748707466634604,0.03661175904773356,0.12895274738487436,1493.0743525309606,15.54304436695924,34.278337531486144,0.14734880365516412,0.21858843332932548,0.09931465672718529,0.000791813743041,2.898460533161288
한신코아 앞,1826,361,11.132963988919668,1.1480467778054242,0.03856680766359791,0.10624533466036327,4716.816063697435,31.426971883553122,37.82691759338466,0.29982582732022894,0.16770340880816126,0.12814132868872855,0.0009167234600495,2.92003549549582
홍대입구역 사거리,3009,365,43.66301369863014,1.0527075359226956,0.02942837422350505,0.12398820355148397,2819.3070452406346,27.12229403275397,33.38207907189742,0.03589132208069273,0.28920122984250485,0.1400514525945912,0.0010375814556681708,2.885885020673586
광화문역 5번출구,458,338,75.97041420118343,0.9463353843757302,0.02406729496066672,0.09845003504945868,2682.002455798736,23.864163875691254,37.87247526558154,0.12434769063011139,0.2858478074616403,0.15698263104603163,0.0012498088621215866,2.830294035069143
오목교역 3번출구,765,365,161.58904109589042,1.0685656154628689,0.03826720922346558,0.1396236012207528,2114.5732487283794,19.212105798575788,34.624828209054854,0.08799593082400814,0.250932519498135,0.10139030179721939,0.0007890140546481,2.938900348301405
한양대병원사거리,525,365,40.64931506849315,0.8346700815528746,0.02385927074206376,0.1333827593179214,3529.621228685043,27.69171665431017,30.747755834829444,0.05499764103255375,0.2422322571948507,0.0818898699197951,0.0005935273825278,2.9862825056264075
중화역 4번출구,1464,363,27.231404958677686,1.0845725847243297,0.03156297420333839,0.12412746585735963,2033.8416499747073,20.671927162367222,34.853319184058485,0.09479008598887204,0.22964087000505817,0.09033889731917046,0.0006422180079343,2.9761686229427577
포스코사거리(기업은행),2348,365,54.03013698630137,1.0802697631965925,0.0300187617260788,0.051518685665027125,3176.068610111047,25.27701435018508,39.250481583094974,0.06282642868008721,0.33309669895035754,0.22524212768115207,0.0030201311162371923,2.5756253471251243
로프트시티오피스텔,5868,365,70.36986301369863,1.0049834533774578,0.03760949970800078,0.12263967296087211,2081.402197391471,21.15398092271754,34.18975038656947,0.24033482577379794,0.18699630134319642,0.12598793069885147,0.0006414217325013,3.0230320227934957
석촌호수 서호 사거리,1293,365,92.36164383561643,1.0316504508780255,0.03455742762221167,0.1287078785002373,1842.8714172994773,19.16187114380636,36.4699132381752,0.19061461794019935,0.1931359753203607,0.08679401993355482,0.0005478564018993,2.984483378271822
마곡9단지 907동앞,3762,365,43.53972602739726,0.932418827082809,0.049773470928769194,0.11880191291215705,1173.1199767178466,12.074314120312106,37.28972259756776,0.3331865089353133,0.15636798389126605,0.1628492323181475,0.0012748139048753312,2.8368763873224894
보광동 삼성리버빌아파트 앞,839,363,18.024793388429753,1.0129909827296346,0.028580162005196395,0.12135106220388202,4989.000487543942,35.03285954455143,35.53643216080402,0.12685312547760966,0.17239798257679964,0.11355647256610117,0.0008133779603779,2.940023206749966
양원역 2번출구,1424,352,7.247159090909091,0.8541748333986672,0.036456291650333206,0.11760094080752646,1989.5938063504511,17.573108584868677,34.728077945084145,0.12779302234417875,0.23716189729517834,0.11054488435907488,0.0010276505782323708,2.82461297309741
장곡초등학교 앞,4406,364,27.302197802197803,0.9000804990943851,0.03109277520627893,0.12115113704970819,2556.6628738176705,21.565204266452003,37.60597267561359,0.1898772388810626,0.18051921915878447,0.07939223183739183,0.0003738985667895,3.054383912871291
수색감리교회,4693,365,51.15890410958904,1.0671557864296042,0.03545225726985487,0.1297059926096503,2915.9269121191037,23.824827290740643,39.39888295587062,0.2329566754136989,0.17447651689605312,0.09864510255449044,0.0005194590283922,3.0282912899785748
그랜드아이파크아파트 앞,3798,365,154.48767123287672,1.006809959565865,0.04087749166489324,0.11371213733418457,1699.8715536993695,16.01260906575867,35.09287569107053,0.2975455770731361,0.17886784422217494,0.14449882953819962,0.0009053023417101,2.9556336792820996
제기동역 1번출구,659,143,62.81818181818182,0.9735055104085495,0.04597573193810531,0.10653456528999221,1749.192227540911,18.485027273739284,35.60583333333334,0.22865412445730823,0.19893131470555495,0.11009684960480909,0.0006292034280628,2.986426086846715
옥수역 3번출구,565,337,110.2700296735905,1.0536853152498586,0.027448131105190926,0.14090040633998008,6550.190416565758,43.75458141600065,40.55403478756772,0.11401738381636661,0.2884744759290654,0.10072387718306827,0.0008490081404309,2.9223157713127863
양지근린공원앞,1665,364,39.45879120879121,0.7292348395182066,0.0385017057717747,0.1216319710366915,1996.1475450811117,17.56415790573,31.539546079779917,0.15003829283575854,0.1822042748729374,0.08765578221819954,0.0007275137003119,2.9438089963103375
응암오거리,912,365,60.18356164383562,1.1699367232667182,0.03728319752355806,0.1318341148085765,2894.8206136477465,24.3768835070788,39.444282060650345,0.20025492784631493,0.18932944871853236,0.09923976874402513,0.0004638052273487,3.042381096662602
문정역 1번출구,2628,365,105.52876712328766,1.0650345293109715,0.03658030011942468,0.09899267874759853,1874.375667739758,17.664987797912666,36.62680418757356,0.18687366945324266,0.2275819097564775,0.10696297834778545,0.000654536129023,2.9896433886224574
신촌역(2호선) 7번출구 앞,130,365,54.29041095890411,1.0197315300767056,0.035072668550666125,0.13499192571659266,2637.1035319943458,22.908003633427533,37.44397080291971,0.08028865563181267,0.24056318126766252,0.09996972143722245,0.0007453184139551,2.957206433800606
서울역 서부교차로2,826,365,32.23561643835617,1.1466088730239674,0.030766615672276048,0.10861805201427843,2293.8422318544963,20.691483936766957,38.3395225464191,0.2763895971443141,0.15944246132925377,0.1580826109127996,0.0009011248567321,2.9567696182139565
등촌9단지,1185,365,54.846575342465755,0.9258204705529747,0.038863080073929766,0.10515010739797193,1824.9546580748295,17.30865677606274,39.46142478911397,0.25785503771417156,0.1904690543983216,0.1301263799390579,0.0008010583729071,2.9459524758625544
은평뉴타운 아이파크,903,365,21.53698630136986,1.0255692659966926,0.0339651443836662,0.12988169444091083,1545.8909388118552,14.647754738582877,38.20862989323843,0.2138404783106475,0.16499173133189163,0.08599414832718484,0.0006573569153759,2.95682738535702
현대6차 아파트,1681,365,46.205479452054796,0.7190038541357842,0.03646605395790098,0.13092202786836643,2014.3065472872815,17.520367625259414,37.34977699689147,0.19033501334123926,0.16264453009190633,0.08929736139934775,0.0005897863099342,2.9768663555664063
서빙고동 금호맨션 앞,808,356,10.637640449438202,1.03168735146554,0.02165302350145234,0.1858991285978347,3010.789912859784,25.973329812516504,34.594135288237254,0.08529178769474519,0.16794296276736204,0.15526802218114602,0.0019140314705815202,2.693508753174377
미성아파트 A동 앞,220,364,45.08791208791209,0.9572264196929077,0.035461857177674874,0.09084815988301242,2264.9704630757988,21.847124055569097,40.010317292064165,0.1430051182061906,0.2414696563490129,0.12911284426029734,0.0011882028596895571,2.8319548174582483
KT앞,213,361,78.08864265927978,0.869776516495211,0.03029443064916637,0.06640652713728272,1903.550401560837,20.8537779354381,38.040775914326126,0.2837885775097552,0.13816956367506208,0.16942178077332387,0.0016392777213117254,2.734799375067917
광진교 남단 사거리(천호공원 방면),1001,362,46.17403314917127,1.0190846545019443,0.029434639545318577,0.14310499551301226,2525.2545857014675,22.646545019443614,37.16667802849547,0.1058929105593778,0.21800777744540834,0.07921029015854024,0.0005031513842184,3.017994175591741
안암2교 옆,1351,347,51.023054755043226,1.0191471335780853,0.036599830556340016,0.10104490256989551,1907.4136503812483,18.21011013837899,35.71078085965025,0.17119457780288055,0.18655746964134426,0.08438294267156171,0.0004247585210296,3.049678388311366
세종대학교 대양AI센터,571,365,47.06027397260274,0.9991267392443384,0.02718751819293241,0.08307620655527741,1646.5880206089537,16.592012574954882,29.944259171033824,0.15415963206613495,0.17401175991150958,0.09664085695988822,0.0008900693797676,2.87568689596342
상수역 2번출구 앞,111,365,46.038356164383565,0.9930373720542728,0.02910021423470602,0.15055939062128065,4161.369956557962,35.04719114496548,32.927595628415304,0.05701023565817663,0.22399428707450608,0.08367055462985004,0.0005331236248479,3.0116823140133246
송파체육문화회관 앞,1229,364,35.23351648351648,0.991578947368421,0.03477582846003899,0.07937621832358674,2168.870691617935,17.554619883040935,39.22093974370626,0.21115009746588692,0.24,0.10011695906432748,0.000858207368649,2.8958688916965674
송정역 1번출구,1150,365,84.84931506849315,1.0226348078785923,0.041556344849854696,0.11514368743945753,1615.7424733613173,14.791701646754925,35.797342585656274,0.17636422344204067,0.2313529221827575,0.10694220213109461,0.0006201155218407,2.9966662197914316
센트럴 푸르지오 시티 앞,284,365,72.93150684931507,0.8901953418482345,0.03320811419984974,0.12858752817430502,1747.734264087154,16.857813673929375,35.23638353765324,0.17779864763335837,0.24173553719008264,0.11589030803906837,0.0008983468142252,2.9149826509892875
빅마켓 금천점 앞,1830,365,47.106849315068494,1.005932301965802,0.04338722810282657,0.09171804117715482,1828.4012033267422,16.25654298010934,37.49480968858131,0.27247877166453416,0.25660113993253464,0.14324764452716063,0.0012509948621753657,2.8503525906916107
성수역 1번출구 주변,4387,365,52.347945205479455,1.050452713665149,0.035693724812895795,0.0892343120322395,2364.1489208143607,24.076725807295755,34.75727979743172,0.0884492594337154,0.34338200659444185,0.20149683362118595,0.0016064411656068443,2.819392249462017
프런트원(공덕역4번출구 앞),4202,365,22.704109589041096,1.2166043200193073,0.029443707010981056,0.09882949197538313,2671.1967274043677,23.033305176782914,37.8289296306282,0.15361409436466755,0.24628936889103414,0.12296367804995777,0.0008679238576461,2.9079353663091974
대륭테크노타운21차 앞,3956,364,22.958791208791208,1.0223764508795021,0.03278688524590164,0.0768218260141199,4569.368723226035,30.40851980375733,39.499148936170215,0.15591719516572933,0.29388536556180445,0.1528060308723226,0.0013697857438311435,2.8078123169728677
외대앞역 교차로,4104,365,25.687671232876713,1.0146117747440273,0.033063139931740614,0.12382679180887372,3509.857655716721,27.429287542662117,36.936783829020214,0.12777303754266212,0.23186860068259385,0.08713737201365188,0.0005701682934126,3.004763144760208
유원목동아파트 103동 앞,4508,365,106.72054794520548,1.0240803019022926,0.04197366056529664,0.12029882165686853,1573.8907080327567,16.261212230123483,36.05698297129791,0.17793238004774983,0.19572305085615999,0.0832028341847868,0.0005841424275912,2.9787646198673676
구의공원(테크노마트 앞),543,365,73.91506849315068,1.0731680195707773,0.030394010156047296,0.12947107009155268,2206.5076518773894,20.30690537084399,37.806164789567276,0.08069239037770118,0.3026057303828904,0.13599466251528966,0.0011420459797078803,2.822413840011957
영등포삼환아파트 앞,244,365,60.013698630136986,0.921296507646656,0.03588221867153618,0.12545081031727917,1817.0930965533,19.467838393060944,36.304211153867,0.17434375713307465,0.1934261584113216,0.08988815338963707,0.0004703542543386,3.0297357632187727
건대입구역 5번출구 뒤,3534,365,147.43287671232878,1.0306617360117443,0.03443405868470444,0.1262334380168361,2209.516781261035,24.074517309943694,33.40928428152622,0.12173638340178024,0.24570271124077825,0.08620593536877706,0.0005518469829887,3.0084072415490186
사당역 5번출구,2104,365,32.16164383561644,1.1477127523639152,0.03620410597154783,0.12360507709344919,2716.26435301133,24.56427293636596,36.01150103214391,0.07998977766419627,0.23145071982281284,0.09396030326262884,0.0004108756615123,3.060406823044325
평생학습관 앞,916,365,33.63835616438356,1.0835640983873596,0.03347450724873758,0.13121029483629257,2299.0928392246296,21.013520117282944,36.421554869492,0.14163544551229842,0.21925395015474836,0.08087636422870174,0.0004814875918231,3.0104977352280735
하늘채코오롱아파트 건너편,183,365,80.69315068493151,0.9404135402166163,0.04125216446541948,0.1209044919023529,1918.50260992089,19.866499168166232,34.88213394741892,0.25440532373612196,0.18996367093335143,0.10352086374902388,0.0006650754956947,2.973122042757626
삼호물산버스정류장(23370) 옆,2340,365,67.77534246575343,1.0929339477726574,0.0323793354353626,0.10352494138572237,3144.862669981403,24.54693184574339,38.53955619874578,0.18178510793111813,0.21048589214972918,0.10833535451532056,0.0007985280111291,2.9464730679065445
ESA아파트 상가 앞,1749,365,34.85479452054795,1.0050306555573023,0.03254205313629933,0.13457003615783683,2235.0631449457624,20.8973431850338,37.885714285714286,0.10760886653041976,0.20342713409841223,0.07742493318660588,0.0003578302909816,3.0618851386489103
녹번역 3번출구,917,365,41.657534246575345,0.986057218020388,0.03498849062808287,0.10463663268661624,1786.5816369615275,15.040118382111148,39.38831863524649,0.2305162775402828,0.2113120683985531,0.12594541269319304,0.0009024994046856,2.927087995818055
KRX한국거래소(1),4589,364,34.00824175824176,1.0142176266257372,0.02900072703772518,0.1024315372808789,2587.213872687616,23.753453429194604,38.8425271998473,0.1298974068987802,0.16956135390580823,0.18830277082155264,0.001706003833111013,2.7581878108665583
을지로지하쇼핑센터,4775,346,19.095375722543352,1.0040865748448615,0.03284395338277584,0.10261843499318904,2455.616552141668,28.658241259270472,38.107355516637476,0.09732102315725746,0.28908733161798095,0.16361434841834419,0.001210591642419777,2.841089682292185
중계 롯데마트,4013,365,62.78356164383562,0.9468493628905568,0.034561005411066506,0.13422935939954617,1732.7685027928062,17.64339326234945,37.370823529411766,0.1487606912201082,0.19802757898411588,0.08439518240530633,0.0006129222984316,2.9669632613977774
한국전력 구로금천지사 앞,1831,364,17.0,0.9993535875888817,0.0418552036199095,0.09308338720103426,1989.36978021978,17.961700064641242,37.66334164588529,0.285229476405947,0.19440853264382676,0.16338073691014868,0.0012035676319489391,2.898924205779527
신사동주민센터 옆,3606,364,21.686813186813186,1.11933113757284,0.023815556118571068,0.11920445908284773,4833.066354193055,38.25918419052445,36.46506130890826,0.07486698758550797,0.29731441601216113,0.1285786673422853,0.00108719788938223,2.8704911871821053
국민일보 앞,202,361,118.1191135734072,1.0371942496658146,0.027227316432541452,0.08456649703337164,3448.645855631895,28.30773199502826,38.341877586114244,0.10356229919560986,0.22490091695785744,0.22135972420909453,0.002430269496009063,2.646039912841104
잠실나들목,2613,365,60.104109589041094,1.025708815753487,0.023931078493937462,0.16469140304494484,3889.8000660953608,32.21752210775823,34.96671498661909,0.11213419637159266,0.2365758045400675,0.0848299753851764,0.0006932747900853,2.94209242799714
신정교 하부,780,365,85.16986301369863,1.090134139672532,0.028468491652459228,0.14671727731849327,5077.352378486184,36.51159648727764,43.67096824047601,0.17518576897095248,0.21127802618457875,0.07665583684498344,0.0006078569117719,2.944544039306064
송파구청 교차로,1278,264,61.50757575757576,1.0056657223796035,0.03251631974381081,0.1095578273186353,2408.612139426035,19.518721517428254,37.75922438445979,0.09582460894198794,0.3058258406207661,0.16793940140411381,0.0012751003338400508,2.8646401798521195
올림픽공원 서1문 앞,4856,365,51.24657534246575,1.0148623362737237,0.026142742582197273,0.11013098102111735,2321.5685768511094,24.032183908045976,36.18283101494075,0.12344292969794173,0.2352312215985031,0.14557604918470998,0.0012095861425644244,2.8307356340629304
종암동 동덕여대 제2생활관 앞,4418,365,45.93698630136986,1.0611916264090178,0.030059044551798177,0.12125007455120176,2336.2144516013636,20.60517683545059,34.48258161659024,0.1469553289199022,0.19884296534860144,0.08445160135981392,0.000376553098015,3.0568086724582715
우국한마음 아파트 맞은편,4270,365,38.92602739726028,1.0158361486486487,0.033994932432432436,0.08699324324324324,3374.836607545046,23.9662865990991,40.35132619823174,0.1644144144144144,0.19073761261261263,0.10409628378378379,0.0009266410823302,2.8532928107758915
영희초교 사거리(래미안개포루체하임),2423,365,35.52602739726027,1.0784298604148994,0.03547466646101643,0.13133338474589343,2790.4297956350774,23.74365697539909,39.995633187772924,0.17027839901287883,0.17344027145831728,0.07673324593198118,0.000376626877583,3.060878210037289
꿈의숲 SK뷰 아파트,4024,365,47.676712328767124,0.9407539363291576,0.029824158142742214,0.11119411561889438,2273.1801976784272,17.067578439259854,36.010204766700234,0.21238938053097345,0.17089989656361337,0.09292035398230089,0.000437081859371,3.037676712475946
르네상스호텔사거리 역삼지하보도 2번출구,2329,360,10.822222222222223,0.9165811088295688,0.03593429158110883,0.07700205338809035,2204.252589835729,21.411190965092402,39.43067166330355,0.1853182751540041,0.17761806981519507,0.0944558521560575,0.000577052401335,3.0202232394924526
전농삼성아파트,608,359,9.33983286908078,0.9096331643304504,0.027736355502535042,0.10885773933790635,1871.3590337011638,18.98568446167611,38.5702170963365,0.2409782284521324,0.14255890247539516,0.11482254697286012,0.0005535227570892,3.018240566852492
LG유플러스 마곡사옥,2717,365,140.26575342465753,1.1665331953044125,0.03562708752465965,0.039221048108287596,1465.8417590874424,12.638279586694534,37.35438129545924,0.07902806805086236,0.2882395452858566,0.2504834267632869,0.00352186535527709,2.46218395154494
버섯분수대,5761,365,30.87123287671233,0.9938764643237487,0.03372381966631168,0.1121760738374157,2104.328979410721,17.89696485623003,36.90124698310539,0.16826411075612352,0.2284345047923323,0.0997515086971956,0.00048307120708,3.0330990039405585
신내SK V1센터 앞,4827,351,9.316239316239317,0.726605504587156,0.02599388379204893,0.04892966360856269,3136.746691131498,23.11406727828746,37.866620831900995,0.10122324159021406,0.2767584097859327,0.236085626911315,0.0033641501214201324,2.4916207817691842
보라매역4번출구,252,365,43.013698630136986,1.1722292993630574,0.03904458598726115,0.11847133757961784,1843.2678885350317,19.289617834394903,36.51061126886863,0.1405095541401274,0.2356687898089172,0.09828025477707006,0.0004996432129318,3.0254316221996618
마천중앙시장,1207,364,18.206043956043956,1.0259544288516673,0.03078315980081485,0.13097932699562395,3648.696206428248,27.250490417987024,41.59920130695226,0.22755394597857254,0.19224385091293195,0.14787988531763996,0.0008283732764422,2.9560936518900145
한진아파트 입구,1937,365,29.545205479452054,0.9634643916913946,0.03866839762611276,0.12388724035608309,3091.5309319362027,27.514836795252226,41.124259005927954,0.19278560830860533,0.15216988130563797,0.07937685459940653,0.0002822504778055,3.0935942538176957
DMC파크뷰자이1단지 110동 앞,3123,365,24.665753424657535,0.9666777740753082,0.038320559813395536,0.13439964456292347,2754.426461179606,26.9673442185938,40.49981200651711,0.2259246917694102,0.17205375985782517,0.08885926913251138,0.000528919254835,2.9883674317771978
주공601동 상가 노원지하보도 앞,5311,365,71.77534246575343,1.0081303916329492,0.031681807771585614,0.13218566302771204,1841.069666005039,20.262195587449423,36.93122323754028,0.06840216810443545,0.2519276280632109,0.10500801587907474,0.0009163396486977,2.8985543477486373
중화수경공원,4841,356,46.51123595505618,1.0904698635100858,0.028626645730160646,0.13479888875468052,3584.2291677738867,28.395579176229013,34.861790958825225,0.16505616620364777,0.21880661915690303,0.07917622901316584,0.000510130592065,3.0084343453491744
송파도서관,1271,358,32.4804469273743,1.0007739938080495,0.03439972480220158,0.12891296869625044,2523.5203465772265,22.895682834537325,41.56122244488978,0.0804093567251462,0.2020123839009288,0.12495700034399725,0.0014891404346577403,2.662558846148389
마장동 주민센터,586,364,23.593406593406595,1.0476245924545877,0.031672100605496044,0.12727061015370283,2081.4982510479745,17.696204005589195,35.31977818853974,0.3230088495575221,0.11492780624126689,0.1567303213786679,0.0011002816194509244,2.8932645826611054
동묘앞역 1번출구 뒤,361,365,96.33972602739726,1.0639574564895917,0.034580821294505744,0.12404732112387669,1963.0018217495178,21.39568877260835,38.081313215055545,0.1487316573768627,0.19454555795700149,0.0697304060971448,0.000316222570334,3.0818744374944633
양평동6차현대아파트 앞,280,365,100.21643835616439,0.9888460592143032,0.04322152054457475,0.11667896880723913,1524.593528800677,15.410044014325159,36.081339417858906,0.31247437054047406,0.15601848054894885,0.131878946936767,0.0009840024216552,2.9141315798583385
광나루안전체험관,3573,365,38.961643835616435,0.9264468040222207,0.034877997327895364,0.11201743899866395,1954.7903009633644,18.846072709373463,33.264128494943485,0.2176358905843471,0.19140707404542578,0.12024470852963927,0.0006048662927043,3.0179609711982196
잠실새내역 5번 출구 뒤,1222,365,129.0027397260274,1.042942700590409,0.03138937263730196,0.13687720341502782,2669.0131002845965,26.708299706919256,37.48203379478827,0.09945631397867732,0.2522830565348511,0.09794843477891518,0.0006285297915863,2.9819219568652535
서울북부고용센터앞,1674,364,92.28021978021978,1.0176540637094373,0.03301577850550759,0.10068472759749926,2290.73196725216,21.396487049717177,36.88197003616325,0.08704971717773147,0.23703483179517715,0.10297707651086634,0.0008985008584145,2.8965433087954584
중계동 하나프라자빌딩 앞(중1-1),1619,365,57.227397260273975,0.9955955572577556,0.035810034469551895,0.13969743393335887,2088.723086461125,19.35628111834546,33.53253574555004,0.08334929145921102,0.23740903868249713,0.09570088088854845,0.0008958957545013,2.890744655033639
상암월드컵파크 7단지 앞,406,365,21.364383561643837,0.9929469094639651,0.03603488073865094,0.130033341882534,2164.3430725827143,19.802256988971532,40.45213996529786,0.16029751218261093,0.18402154398563733,0.07642985380866889,0.0003817921889878,3.0479363454598185
종합운동장역 4번출구,1205,365,45.53972602739726,0.8482132114065696,0.026591264589098784,0.12272891348814824,3318.9165106485384,29.147755986042593,36.77244258872651,0.10101070869931417,0.33581999759355075,0.15726146071471545,0.0015668082135814837,2.745051828799871
시조사 앞,635,365,41.93972602739726,0.995231251633133,0.037039456493336814,0.10517376535145022,2531.816821923175,21.4636791220277,33.247008876881516,0.19225241703684348,0.16644891559968644,0.08067677031617455,0.0003281961729585,3.069303912003239
먹골역 6번출구 앞,1408,365,32.37260273972603,1.1318551117129316,0.03427555856465809,0.11450575490859852,2518.5456178063637,21.36569058903182,35.88974056603774,0.18314150304671634,0.19989844278943802,0.08835477318889641,0.0005132824048587,3.0182812457755266
이촌2동 동원베네스트 아파트 앞,844,365,35.11780821917808,1.0578873459198004,0.037369324387579964,0.12115774691839601,3213.7918981120297,26.184116086753004,41.175458614939,0.24488999843969417,0.1687470744265876,0.11374629427367763,0.0006152336266969,2.9919265230236536
상계역중앙시장,2911,365,37.536986301369865,0.9973724545653602,0.03437705276987081,0.1265601051018174,2755.296382015911,24.79789796365229,38.07892269666752,0.09400773666155754,0.24173417998686225,0.09138019122691775,0.0006633390158735,2.962991593713479
월계프라자,4009,365,20.602739726027398,0.3535904255319149,0.03537234042553192,0.12367021276595745,2024.5834202127662,15.533776595744682,35.61805555555556,0.1730053191489362,0.13523936170212766,0.09361702127659574,0.0006117944739953,2.9843959750961297
면목4치안센터,1444,364,31.10164835164835,1.3686953449341932,0.03709919618408268,0.1276389011571416,3149.5227824397125,28.267114212525396,36.800855860557355,0.27409239466478225,0.14221358537231693,0.12074905043724053,0.0007192987719422,2.9748998500808166
양재근린공원,4317,365,37.087671232876716,1.105931890374529,0.033685454679766566,0.10785255226416487,2435.9204683460125,23.607150771958338,38.19669211195929,0.2422988845386718,0.20019206618896357,0.1010563640392997,0.0006879028800058,2.951723072100645
광남중학교,544,363,29.355371900826448,1.0412912912912913,0.026463963963963964,0.140015015015015,4521.981713588589,32.11627252252252,38.60296540362438,0.23085585585585583,0.15549924924924927,0.10989114114114114,0.0007469433350392,2.924903132758842
수명중?고교,1177,365,57.92054794520548,1.0238872333380635,0.04356463743436924,0.09474480866562604,1496.7309696797686,11.386121753937847,35.70336541075409,0.35201740693439293,0.11820632893429828,0.16200747362944043,0.0013075341579852232,2.833921013216374
연희교차로 인근,196,361,11.066481994459833,0.8948685857321652,0.03254067584480601,0.12215269086357948,2215.4392790988736,21.032040050062577,40.69715733183225,0.2055068836045056,0.16495619524405508,0.09036295369211514,0.0006648536952306,2.955887184352123
보라매sk뷰 108동 앞,4576,365,26.246575342465754,1.0335073068893528,0.03924843423799582,0.1174321503131524,1919.2627609603333,18.26586638830898,38.06088933804952,0.2728601252609603,0.15803757828810022,0.12265135699373696,0.0006523751082946,2.9950016083286095
이대역 5번출구,436,361,19.817174515235457,0.3105954710651384,0.03606374056471904,0.12188985183114341,2115.944572267264,17.43458205199888,36.05866842452208,0.09924517752306403,0.20645792563600784,0.1302767682415432,0.0010037845798562504,2.8986170901492634
문래동 주민센터,3206,365,39.654794520547945,0.992745612822993,0.03426834323614757,0.08649993091059831,1606.6561924830708,17.412809175072542,36.984082831092564,0.15890562387729723,0.2350421445350283,0.14087329003730828,0.0008752465507164,2.9327064491426613
대림우성아파트 사거리,4599,365,14.863013698630137,1.0210138248847926,0.04184331797235023,0.12423963133640553,2431.795321658986,25.646820276497696,38.69836716681377,0.20110599078341015,0.18599078341013825,0.11668202764976958,0.0005913864644019,3.010525622407615
도선동 주민센터 앞,557,364,40.06318681318681,1.1058081327573202,0.0394980456696153,0.10628814372899952,2076.7778132071585,18.57745319893026,40.70919835160563,0.2159363642597545,0.2089419186724268,0.11684838510594528,0.0007303119730637,2.968741632519965
올림픽공원 장미광장,4857,363,20.146005509641874,0.9451661424859839,0.025434158348147134,0.15178449336797484,2313.418029536442,21.749897442909887,36.17414161327419,0.13127307534527552,0.27184466019417475,0.11855599617120197,0.0009226546098139,2.872214124199322
NH농협은행 앞,217,365,109.25479452054795,1.0322734339736195,0.032975575505291135,0.06096093083905913,2475.3309847534933,21.42306534931541,40.11801842793766,0.1292191183108481,0.22418376046943178,0.20938863533778024,0.0021965594602897775,2.677172777468147
현대6차아파트 101동 옆,743,365,29.350684931506848,1.161952767665453,0.0329506207411556,0.08597031643797255,1745.3844908055617,14.351442173060768,31.6796286182414,0.19891720339774105,0.12433492019042285,0.1530850368710912,0.0009721361847967,2.948573189711921
원남동사거리,359,365,35.37260273972603,1.0776856943691426,0.03191077375881032,0.10030206800402758,1641.55848268918,17.139261095190147,34.81750648885706,0.13856401518085354,0.17535434900472466,0.10177368135698242,0.0006691238204415,2.964702262933073
서울시여성가족재단,2065,362,9.176795580110497,1.0722456351595424,0.03913305237808549,0.14148103552077063,2201.6908398555083,21.869054786273328,36.780189009450474,0.18693558097531607,0.20921131848284166,0.12281757977122215,0.0007659389053023,2.956011563760856
목동11단지 아파트,763,365,38.99452054794521,0.8082624885828708,0.04292840581746645,0.12534251387620318,1454.5352525820258,13.607110236773694,35.68999426370564,0.2240567694793789,0.16300147544438978,0.12112695847677932,0.0008370646435062,2.904342885742524
용두동 래미안허브리츠아파트 앞,615,365,59.93424657534246,1.0529347229840922,0.035061254342658624,0.11556043152313038,2564.5829310660065,22.754708356189433,37.96332986700235,0.1804260376668495,0.2030992868897422,0.0994697385262388,0.0005897535342267,2.984549012447089
벽산 디지털밸리 5차,1848,362,33.87292817679558,1.1943402381340726,0.03816669385092154,0.04518023160985157,1646.3353205023657,13.578209101288534,37.11177291763611,0.07853531234708858,0.41192301419018107,0.29823846028380363,0.004549684169962955,2.37901003056154
"63스퀘어",4564,365,72.11506849315069,1.0321784058962085,0.029063141098700708,0.07073930552389636,3065.919253856089,25.92170047868703,38.73573477845075,0.1297393815059646,0.22065192614542964,0.15279993921434543,0.0020324288248131993,2.6793581071617836
정릉역,1360,364,14.076923076923077,1.0163934426229508,0.037275565964090554,0.1213895394223263,2482.0668540202983,20.733996877439502,42.02838623156013,0.1772053083528493,0.16686182669789226,0.08255269320843091,0.0002171491786419,3.1172319888400017
방아골종합사회복지관,4073,365,20.367123287671234,0.9159268227064837,0.04573580844767285,0.12200699488835082,2250.1426419155223,22.767150928167876,36.52553225548263,0.25773473231100347,0.15751950497713207,0.1156846919558784,0.0006220167329312,3.0050137420151692
국립중앙박물관 정문 앞,4608,343,7.854227405247814,0.6833704528582034,0.02190051967334818,0.1544172234595397,3016.011544172234,27.3641425389755,35.56472408457968,0.05270972531551596,0.18411284335560507,0.18225686711210096,0.002603329904301254,2.515687726135904
거여초등학교 옆,1275,364,15.56868131868132,1.162166931356979,0.03617434268572437,0.12334568554790895,2564.579562378685,21.55496735486148,38.17159525246429,0.2842773954473266,0.14769719428268926,0.1108170107640727,0.0009500144738162,2.8850019110814498
르노삼성자동차 성수사업소 앞,4360,363,30.15426997245179,1.0182715147085692,0.04211584140325233,0.0623972227297643,1963.3230294171385,16.468298921980633,38.394137145224775,0.15274986296363968,0.3121688287959072,0.232413667093002,0.0028226771563975308,2.6066350363402058
월계역 1번 출구,4023,365,28.78904109589041,1.2441948991244767,0.03863722877807385,0.11933764750666159,2812.1900704225345,23.234202512371528,37.121202077118554,0.15416825275980206,0.20708031975637609,0.10734678340312143,0.000658761223063,2.9743528696529653
노량진1동 청소년독서실,4162,339,9.85250737463127,0.19191616766467065,0.029940119760479042,0.09550898203592814,2470.2769131736527,24.903592814371258,37.5071254779284,0.26467065868263473,0.17155688622754492,0.1407185628742515,0.0008779870398923,2.929528215697957
광교사거리 남측,318,338,33.387573964497044,1.003544528134692,0.022773593265396543,0.08471422241914045,2843.8456933983175,24.274789543642,39.2995727831614,0.11537439078422686,0.2667257421355782,0.15480726628267613,0.0013670114409753203,2.8075544603729616
한강초교보도육교 앞,4629,363,27.920110192837466,1.2223976319684262,0.023976319684262455,0.12984706462752837,3831.096153922051,31.489393191909226,35.83413431916205,0.07400098667982238,0.2709422792303897,0.11563887518500246,0.0009265691646303,2.91394616469735
상암월드컵파크 9단지 앞,402,364,19.343406593406595,0.9237324243715381,0.04345973583297827,0.11589262888794205,2015.8365644084643,17.785825877006108,36.49435361537165,0.3330492827723335,0.12455617099843772,0.1322255361454339,0.001235842516717017,2.8136407585015517
길성그랑프리텔아파트,3772,365,90.75890410958904,0.9765749992453285,0.042925710145802515,0.11540435294472787,1414.7827771908112,13.95882512753947,36.09609222624687,0.25157726325957674,0.20699127599843029,0.13882935369939928,0.0008257538286702,2.9528762997505984
창동주공17단지 상가앞,1738,365,45.364383561643834,1.037142166928373,0.034786810001207875,0.11106413818093973,2173.748903249187,17.946309940814107,38.98699690402477,0.21687401860128033,0.2025606957362,0.09723396545476506,0.0006634876488152,2.963613553322687
광문고교사거리(아이파크),1083,365,18.432876712328767,0.9732461355529132,0.034928656361474436,0.11741973840665874,2128.7551367419746,21.943519619500595,38.559417652411284,0.18653388822829964,0.17731866825208084,0.10463733650416171,0.0006743210432707,2.965549509441069
노원경찰서교차로,1670,364,41.4532967032967,0.9516203857114455,0.035986480217376896,0.09271654847902445,1919.9323116177338,18.463781562727814,36.73089300080451,0.20915898999270993,0.1434820067598913,0.10325402611173702,0.0006701409133587,2.958666812793442
서울대학교 정문,2178,364,19.26923076923077,0.5483319076133447,0.027516395779868835,0.12503564299971487,3851.1393726832052,24.677359566581124,33.89344404082339,0.04918733960650128,0.26931850584545197,0.13843741089250072,0.0012503867338306673,2.8232734170748466
수명초등학교,2745,365,74.95068493150686,0.9175713711298753,0.04938406989070439,0.09438169389918485,1350.5178469861419,11.904850678071426,37.778567249017804,0.37332309829294147,0.12329568300617758,0.16913404247541763,0.0016575919657354067,2.7809221925112984
서강나루 공원,119,365,47.18356164383562,1.0325746138659853,0.02740680524909999,0.13140169550574846,4166.506417953779,31.698641272790617,37.977525801195,0.19927999070955757,0.21698989664382765,0.08163976309371734,0.0005263424565127,3.009779501232444
오금공원사거리2,2649,353,9.86685552407932,0.6411139821992535,0.03875968992248062,0.12833763996554695,1822.321165661785,17.209589434395635,38.70911400444586,0.165374677002584,0.20671834625322996,0.07866781510192362,0.0004222779658177,3.0427237241654383
코오롱디지털타워 3차앞,4353,364,53.4010989010989,1.0212470418767363,0.03374832801728573,0.08673731865418254,2618.089424837948,26.58406214631135,36.274787042939096,0.1097335116781562,0.2709126453338821,0.16400864286449224,0.001262932039490556,2.8566272665792076
신답역 1번출구,4390,349,13.633237822349571,1.0292139554434636,0.028793610760823877,0.08869272803699033,1587.072847835225,13.807271963009669,36.939653124257546,0.18327028163093737,0.28667507356031946,0.15258511979823455,0.0016254500138200756,2.7309358151365295
삼각지역 14번 출구 앞(교통섬),4620,362,30.80110497237569,1.053811659192825,0.0326457399103139,0.12233183856502242,2507.2414878923782,22.49811659192825,37.50612116773046,0.15614349775784753,0.21704035874439465,0.1019730941704036,0.000484723814184,3.0434736784224317
홍제교,3132,365,18.224657534246575,1.0003006614552015,0.03096812988574865,0.12477450390859891,4579.431205652435,32.31734816596512,41.67897513187641,0.1601022248947685,0.19873722188815396,0.08223090799759471,0.0004585924622464,3.030797690994417
우장산역 3번출구,1199,365,44.85205479452055,0.7363630810579683,0.036222588723963105,0.12345000305418118,1894.341827622015,19.365951988271945,35.978700043917435,0.14153075560442246,0.19833852544132918,0.08130230285260522,0.0006010322692396,2.975502007134296
위너스 스포츠클럽 골프연습장옆,1863,363,10.754820936639119,0.9200819672131147,0.04021516393442623,0.09836065573770492,1813.3832633196716,16.81608606557377,36.01382211538461,0.3811475409836066,0.11962090163934427,0.1606045081967213,0.001590006918666391,2.8243184231161242
고척교 교차로,1998,357,17.11764705882353,0.7579774177712322,0.027000490918016692,0.13942071674030437,3707.16197021764,27.155457371952217,37.4220703125,0.12076583210603828,0.21698576337751596,0.10816560301096384,0.0007939868833515,2.9396194020074655
더케이호텔 입구(양재2),2251,365,21.087671232876712,1.0327400285825645,0.033129790827595165,0.0869169806418085,2643.0862206054303,21.008444848642327,41.77769086357947,0.12550344289983112,0.3067428868390282,0.19903858646225803,0.001618549542122715,2.8294448095640594
응봉삼거리,535,363,17.330578512396695,0.5223334922905738,0.032904148783977114,0.14878397711015737,2642.7306692099837,21.193450961691305,44.61732339368122,0.19408679065331427,0.20092195199491336,0.07041805754252106,0.0003293739068637,3.077099228117412
서울시립과학관,1660,360,13.594444444444445,0.7597057621577442,0.03575807110747854,0.09848794442174091,1767.133827135268,21.489783408255008,32.863297232250304,0.15222721700040867,0.14875357580711077,0.11197384552513281,0.0009732236667127,2.8507615813854597
금천현대홈타운 후문 서부샛길,3980,365,27.084931506849315,0.9297997167711916,0.057556139995953874,0.1035808213635444,2206.399663160022,15.847562209184705,38.64467483506126,0.3433137770584665,0.1333198462472183,0.16670038438195428,0.0019346698057725444,2.7236246526445425
구룡마을 입구 (래미안블레스티지 아파트),2390,364,22.414835164835164,0.9920333374188013,0.037259468072067654,0.13408505944355925,2671.3801936511827,26.414389018262042,42.572476205336244,0.2235568084324059,0.13825223679372473,0.11067532785880622,0.0004780764658886,3.0370005631687027
동작역 7번출구,2038,360,11.941666666666666,0.9767387764596418,0.03465922307513375,0.1323563619446383,3583.9028564782507,28.091183996278204,38.52046109510086,0.1360781577110956,0.24377762270295417,0.1256106071179344,0.0006907949984419,2.9716970371481373
한남나인원 105동 앞,4610,327,10.223241590214068,1.1755907867185162,0.023332336224947653,0.13281483697277893,5214.773146874064,39.517200119653005,35.75783265757464,0.05324558779539336,0.26323661381992225,0.10469638049655998,0.0009115539148753,2.9125662074956873
신촌 파랑고래 입구,4274,365,24.715068493150685,1.0148542290211728,0.03735727746369582,0.14233455271034254,2610.7746968185347,26.53696929386986,33.64506466984343,0.07050216162287995,0.2119498946901674,0.07549052211506485,0.0004468887450793,3.0314157680941767
중곡SK아파트앞,3510,364,20.75824175824176,0.6904446797247221,0.033615669666490204,0.12916887241926944,2809.691375066174,21.500397035468502,37.168799879536216,0.2416622551614611,0.1651667548967708,0.11924298570672313,0.0005891085673689,3.012713260144953
어린이대공원정문,3529,365,25.63013698630137,0.8371993586317478,0.02330304649919829,0.11726349545697488,2010.9589299839656,21.091501870657403,34.31030563273554,0.1556386958845537,0.20342063067878138,0.11095670764297168,0.0008136281128386,2.9131909746145017
은평구청 교차로,939,365,17.008219178082193,0.985985824742268,0.03286082474226804,0.10099871134020619,1950.5400660438133,19.63418170103093,37.152299891343716,0.11227448453608248,0.2867268041237113,0.15802190721649484,0.0010758068850395157,2.886583718350647
흑석한강푸르지오(110동),2092,349,9.641833810888253,0.1274888558692422,0.03863298662704309,0.10104011887072809,2000.1382763744432,14.28439821693908,42.03149078726968,0.27815750371471026,0.1325408618127786,0.14442793462109954,0.0008771056770978,2.951445108292504
홍련봉 공원,3880,365,21.389041095890413,0.6442935826822083,0.04188548738311772,0.13769693864480595,2601.5766401946985,19.92045600102472,38.34009175669676,0.26143204816190596,0.18803637760983732,0.12911489688740874,0.0008161209106485,2.935847874121519
서우빌딩,191,365,26.83013698630137,1.2396609823343205,0.044623710813846626,0.11743081793117532,2694.5945236393345,22.837843357500255,37.23705600712616,0.23475952210762788,0.14438884917798428,0.10313489226998877,0.0004933634098526,3.031925677925852
응암역3번 출구(서부경찰서 방면),4665,364,12.604395604395604,1.2277680906713164,0.02942458587619878,0.1340453356582389,3746.681987794246,29.646033129904097,39.2751976284585,0.11682650392327812,0.2279860505666957,0.08783783783783784,0.0005336512511612,2.9982449738325334
신응교(가좌로) 앞,989,365,39.38904109589041,1.319538151213744,0.030604437643458302,0.1273561939208458,3334.3367197607286,26.72428183904848,37.0817384370016,0.15232663281630382,0.2102663977185783,0.07971064895318912,0.0005277206610026,3.0038869439870255
천왕이펜하우스3단지 앞,2818,359,11.704735376044567,0.2912898619704902,0.03331746787244169,0.12065683008091385,1392.2388124702543,12.264873869585912,33.60849598163031,0.25654450261780104,0.12160875773441218,0.11066158971918134,0.000634882340856,2.992841370460119
개포래미안포레스트 130동 맞은편,4932,361,10.64819944598338,0.9786680541103018,0.04500520291363164,0.1347554630593132,2242.887650884495,20.048126951092613,41.63707408565177,0.24427679500520288,0.17065556711758584,0.11160249739854318,0.0006494768993402,2.9903356690462863
방화근린공원,1105,362,14.099447513812155,0.792319749216301,0.029584639498432604,0.155564263322884,2510.6227115987463,23.432601880877744,37.6600139243444,0.13166144200626959,0.16281347962382445,0.08640282131661442,0.0006763980914157,2.940088105004059
장안중학교,1429,365,26.515068493150686,1.121306054970035,0.03451126265757388,0.1293655713990494,2154.6033891299853,20.45990907212234,35.02598339949477,0.1389749948336433,0.20479437900392644,0.10611696631535442,0.0004053565467273,3.062314080757928
충무로역 1번출구,390,364,23.25,0.9691598723856788,0.031076450431289142,0.09972822876048683,2329.010108708496,24.69549805033676,38.184243090884095,0.11875221552640906,0.22226160935838354,0.11662531017369727,0.0007750765366101,2.9359529685106227
"경찰병원역 1,2번 출구 사이",2626,362,16.96961325966851,0.9913722936675892,0.03760377665635683,0.11248575614520592,2119.476099625589,19.080905095230342,39.31440710699112,0.2710402083672473,0.16360084649194206,0.12681100439524662,0.0009324792748046,2.888956241124295
신한은행 시흥대로금융센터지점,1820,356,6.584269662921348,1.08660409556314,0.040955631399317405,0.10068259385665529,4172.099325938566,29.789675767918087,42.499759268175254,0.20349829351535836,0.14633105802047783,0.12414675767918089,0.0009612879315879,2.9066912759203403
윗반마을 입구,3610,346,4.797687861271676,1.1150602409638555,0.03855421686746988,0.15963855421686746,2915.1077650602415,27.243373493975902,39.03472222222222,0.14156626506024098,0.27409638554216864,0.10542168674698796,0.0006837490524346,2.975967770526061
합정역 5번출구 앞,105,365,24.40821917808219,0.8176001795936694,0.029520709394993825,0.13200134695251992,2954.9090099898985,29.40924907397014,35.18994778067885,0.07049051520933887,0.2555842406555169,0.1007969469076215,0.0006732379037088,2.9726837506772057
도봉고등학교 맞은편,1731,361,7.418282548476454,0.5642270351008215,0.03174010455563853,0.1344286781179985,3242.314678864825,23.929051530993277,42.825418362731796,0.14376400298730396,0.13666915608663183,0.08327109783420462,0.0007831368089032,2.9110314510119406
서울역 서부,442,361,10.274238227146814,1.0504179023995686,0.0350498786734969,0.09598274467511458,1413.2048773254257,13.611485575626853,40.30456380006209,0.3041251011054193,0.20248045295227826,0.13480722566729578,0.0011825707279167767,2.843937586216335
서울숲리버뷰자이APT105동 앞,3557,365,18.424657534246574,0.9589591078066915,0.04074349442379182,0.13724907063197025,3132.421033457251,24.388698884758366,39.47570378339609,0.2215613382899628,0.16981412639405205,0.10156133828996282,0.0004333954831409,3.0522754017275813
미아초교버스승강장,4415,253,2.324110671936759,1.0,0.030612244897959183,0.13095238095238096,1914.1532823129253,18.270408163265305,42.98065764023211,0.13775510204081634,0.21768707482993196,0.09013605442176871,0.0005606267450291,3.0133630002128418
청계산 입구 삼거리,2257,335,4.767164179104477,1.177207263619286,0.028804007514088917,0.11271133375078271,3365.0027802128993,24.57670632435817,42.15887096774193,0.059486537257357544,0.32811521603005633,0.16844082654978085,0.002009873029733227,2.6885762222257314
묘곡초등학교,1041,362,18.955801104972377,1.0039347129116876,0.027251530166132323,0.11949868842902944,2056.8956791023024,20.696444185368698,39.6140350877193,0.20096181871174584,0.1630719906732731,0.09647333139026523,0.0006988775169002,2.941564025631873
시석빌딩 앞,4211,365,26.723287671232878,1.0010252204223908,0.029526348164855443,0.15347549723190487,3339.4085103547254,31.724830838630307,33.29856950727473,0.0380356776706992,0.2627639942587656,0.10334221857699405,0.000676694631222,2.9632452265982687
송파파크데일 1단지 115동 건너편,4472,363,14.168044077134986,0.9533346295936224,0.034610149718063386,0.14135718452265214,2662.168018666147,19.467431460237215,44.662734713529126,0.12638537818393933,0.16118996694536264,0.14913474625704842,0.0006781248438249,3.0361590112156343
강동리버스트4단지아파트 405동 앞,3654,362,9.356353591160222,1.0986123413049897,0.029229406554472984,0.1366991437850605,3447.601175081192,34.70062001771479,42.618632240055824,0.18925302627694127,0.1747859462651314,0.10215529967522882,0.0005821051698013,2.9991296321544563
만해공원,1304,325,6.944615384615385,0.21355782011519717,0.028356225077536552,0.13247673903411608,2413.8404120513956,15.863978732831193,42.725051975051976,0.20735489587948605,0.16038989809481613,0.09570225963668587,0.0007510803155909,2.9222584414712696
SK텔레콤(T1) 인근,4936,170,5.547058823529412,0.6044538706256628,0.051961823966065745,0.10286320254506894,3172.1738282078472,25.886532343584307,38.332394366197185,0.11346765641569459,0.33191940615058324,0.16118769883351008,0.0012105232586398437,2.898386906621003
힐스테이트 신도림역,3936,184,70.33695652173913,0.911373821665894,0.030675320661412455,0.13568227476433317,1865.5534453716587,17.907046824293,33.536349111244256,0.14016380775768816,0.22430845309843922,0.07827229176325143,0.0005135402085915,3.0127929878819066
비석공원,4320,183,26.038251366120218,1.2128016789087093,0.025603357817418678,0.11458551941238194,3261.5458908709347,25.006086044071353,39.50811992504685,0.1571878279118573,0.2310598111227702,0.11458551941238194,0.0008028767943893,2.934352548103885
봉은사로68길 북측,2380,184,13.065217391304348,0.9596505823627288,0.05490848585690516,0.11522462562396006,2095.125482529118,20.914725457570714,37.67132867132867,0.16139767054908485,0.14933444259567388,0.1048252911813644,0.000532074285201,3.0278604577789316
수협 연남동지점,107,184,43.25,1.1348328725810506,0.033676803216888665,0.11510429756220156,2074.497274440813,23.984418195526516,36.30200917576333,0.11284242271927619,0.23561196280472482,0.11108318673033425,0.0007104728258405,2.9820767804931108
한강버스 망원 선착장,5515,153,235.69934640522877,0.9124840552382009,0.016138871942765236,0.20528534191115302,5587.448934058015,41.05948089401586,36.13400721415989,0.045837723919915696,0.252454106816039,0.09270145859907937,0.0010396247647541902,2.8398710416843627
NH농협은행(신당역6번출구),6063,70,15.385714285714286,1.0408542246982357,0.033426183844011144,0.1309192200557103,2339.8458217270195,28.716805942432682,37.45285215366705,0.08263695450324977,0.159702878365831,0.07799442896935933,0.0005160023084746,3.016522660809959
힐스테이트 신도림역,3936,184,70.33695652173913,0.799721835883171,0.030675320661412455,0.13568227476433317,1865.5534453716587,17.907046824293,33.536349111244256,0.14016380775768816,0.22430845309843922,0.07827229176325143,0.0005135402085915,3.0127929878819066
비석공원,4320,183,26.038251366120218,1.0176285414480588,0.025603357817418678,0.11458551941238194,3261.5458908709347,25.006086044071353,39.50811992504685,0.1571878279118573,0.2310598111227702,0.11458551941238194,0.0008028767943893,2.934352548103885
봉은사로68길 북측,2380,184,13.065217391304348,0.8248752079866889,0.05490848585690516,0.11522462562396006,2095.125482529118,20.914725457570714,37.67132867132867,0.16139767054908485,0.14933444259567388,0.1048252911813644,0.000532074285201,3.0278604577789316
수협 연남동지점,107,184,43.25,1.0438552400100527,0.033676803216888665,0.11510429756220156,2074.497274440813,23.984418195526516,36.30200917576333,0.11284242271927619,0.23561196280472482,0.11108318673033425,0.0007104728258405,2.9820767804931108
마곡나루역 5번출구 뒤편,2701,363,295.53719008264466,1.0174962714392244,0.04584265473527219,0.07094519015659956,1092.29764802386,9.439960850111857,37.56013641530883,0.38370618941088735,0.22660328113348246,0.21581841909023117,0.0023961026515855045,2.6216481759502783
강서구청,1157,365,113.48219178082192,1.0608387050047077,0.04265952053306294,0.09562782163636803,2147.404607324785,17.857753313536612,36.4914340012856,0.31558871104029357,0.20253011757321165,0.14227082880664396,0.0011519118437621704,2.8932821462842977
상계문화정보도서관,4042,364,26.983516483516482,1.0060069232335573,0.03227448584809611,0.12136021176949705,2548.204161066991,22.242924048055386,39.88818991097923,0.11840765628181635,0.23661168804724086,0.11372429240480554,0.0007768611582096,2.9427922467327914
래미안월곡아파트 입구,1382,365,32.205479452054796,0.9859634198213526,0.033347511697150146,0.12394725648660145,2491.938623564442,19.30395576350489,38.453125,0.2702679710761378,0.13815397703105062,0.16571671629094004,0.0009747585798349,2.9540253998539336
콤텍시스템 앞,285,365,23.794520547945204,1.134139320667818,0.038917674150834775,0.10892343120322395,2238.2051272308577,21.307887161773174,35.674269707883155,0.15693724812895796,0.19263097294185377,0.12723085780080598,0.0008451745245295,2.9298655962775957
종로문화원 건너편,4719,337,36.02373887240356,0.985337726523888,0.028253706754530476,0.10543657331136738,1836.3780584843494,21.558731466227346,40.616554578375585,0.07652388797364085,0.19843492586490938,0.14464579901153213,0.001782821744363233,2.660398501797264
DMC역 9번출구 앞,415,365,84.1972602739726,0.9638487569959652,0.03686710920213458,0.08307301835220617,1856.8674785240105,14.498828582584927,38.36893203883495,0.2340557074059612,0.26926330860341013,0.13425745151633475,0.0011251759722326622,2.8707680450858475
한일유앤아이아파트 105동 인근,4028,365,40.224657534246575,0.8876174908050675,0.04195613676610816,0.13901375834354993,1723.497849066885,15.937202016074105,36.83066057332779,0.2086228034327748,0.1780411388094265,0.10243835989647188,0.0004944190253588,3.0286537117750334
이수역 1번출구,2264,365,69.06849315068493,1.1132883776279254,0.03712812376041254,0.12050773502578342,2505.851113050374,22.045497818326062,38.8875636497087,0.18468861562871874,0.24486314954383182,0.09742165807219358,0.0006244628181148,2.9844071483506025
마장동 금호어울림APT앞,3558,347,21.51585014409222,0.7231449236538977,0.034958478435574605,0.1367532815429949,1980.2147026520229,16.439190999196356,32.288067122436296,0.17144387891776053,0.17854272702919904,0.07487275649611573,0.0002943320680723,3.0875687478717166
홍대입구역 8번출구 앞,114,365,48.18630136986302,1.0321810325221743,0.030645894928360246,0.13031612463042982,2897.933653627475,31.392483511485104,33.83220154828195,0.03672958835569706,0.2886058676370252,0.10302478962929269,0.0008474312537245,2.9213434491410175
장한평역 8번 출구 앞,529,365,155.74794520547945,0.9749331550802139,0.043994511680270194,0.08717984801576133,1850.2875568181794,17.015708556149733,39.797479803482226,0.28690543202927105,0.2238249366732339,0.16218688432310724,0.0013022648084426334,2.8606660018973162
강서구청사거리(부민병원),1174,365,49.66849315068493,1.0080533951128028,0.0445143140824094,0.09818522808759446,1466.9920436869088,14.212918528324783,35.372534793219444,0.322246124993105,0.12598598929891333,0.18015334546858625,0.0012848594619974591,2.862811569122816
그룹한빌딩옆,2283,355,12.171830985915493,0.3052534135616755,0.029159916685952327,0.11872251793566305,1705.9946517009957,15.52904420273085,38.88072916666667,0.18097662578106918,0.22633649618143947,0.10252256422124509,0.000577415935042,3.001334242196206
양원역 1번 출구,4836,364,16.906593406593405,0.9644133896652584,0.029086772830679234,0.11845953851153722,1882.067599935002,15.928501787455314,33.486724008975315,0.12723431914202146,0.22034449138771534,0.08986025349366265,0.0007298408762066,2.9156830630989825
용두동 사거리,614,365,70.92602739726027,1.0105067985166873,0.032756489493201486,0.12187113720642768,1740.3985151421493,17.622605067985166,32.45484890293293,0.1462067367119901,0.2122218788627936,0.08737639060568603,0.0005090152991667,3.005469372832289
광운대역 앞,1602,365,50.64931506849315,1.04554551847244,0.03440255314545356,0.11489154541028831,1939.595845729433,16.593173581435604,33.14606378161589,0.10834640558230108,0.21663871909990806,0.08487044950505761,0.0004352978172349,3.0432031305045006
광화문역 1번출구 앞,303,348,79.67528735632185,0.9532224907130235,0.032964258664839326,0.0799581635229199,1737.4736174126315,19.16543441410899,41.628636096906696,0.2045298806217766,0.19554946442096152,0.10913549969343961,0.0009262775552578,2.873258697993243
목동2단지 상가,746,365,113.02465753424657,1.0076598632859843,0.03655403112425462,0.16204489261647356,1887.313260047509,19.628375430261308,33.59650667840892,0.07591991079652882,0.23437727250690843,0.10605032239298008,0.0009337804207855,2.891362010786341
성수2가1동 공영주차장 인근,585,365,127.15616438356165,1.0264155821770231,0.04001120399896579,0.12686374213565457,3011.5584120486033,25.876152719124363,37.130186901988004,0.20143497371369476,0.2139532879427734,0.08937343790399034,0.0005887713419383,2.9814924660131923
마곡나루역 3번 출구,2728,363,299.1322314049587,1.0005986093843533,0.036966431827600496,0.07692591057696735,1492.8934018510818,11.986213565409587,36.69614422385191,0.2076253626191463,0.3056131141502049,0.12175714877745544,0.001287893194253039,2.7961363994000767
독산근린공원 입구,1824,365,47.23561643835617,1.0149063279392148,0.03039266863871005,0.1283568238501247,4817.698323763121,32.398816773969024,40.3792243767313,0.2622237689229163,0.19830636273998026,0.1139725073951627,0.0007293475187087,2.9734607226586274
방이역 1번출구,1259,365,50.45479452054794,1.0085251954821894,0.03524109470026064,0.12668331885317116,2270.9589948957423,20.578627280625543,38.00165964509128,0.14221329278887923,0.21660512597741094,0.08183101650738488,0.0005122208632131,2.997972671943956
서초그랑자이 앞,2517,365,15.084931506849315,1.0314202687976752,0.039593171086087904,0.09771158735924446,2142.6724573192873,21.212313839447877,39.17052023121387,0.26189611333091173,0.21394841990555757,0.12985833636033417,0.0011913329650207422,2.8638314326876078
벽산상암스마트큐브,3002,365,75.63561643835617,0.9998551092114318,0.03154996921070743,0.13713913137972253,2517.8575274386926,23.369797515122976,35.13872194284313,0.14710037309378057,0.25515267866845365,0.09392545368928171,0.0005771781663586,2.993939606906651
경서농협 버스정류장(우리은행신정동지점방향),722,365,35.20821917808219,1.0540813944440122,0.04038596218193137,0.13967784608201697,1934.9446128705913,18.551785853240993,36.47036107356632,0.22216169947863978,0.1778071745389464,0.11010816278888802,0.0007131584291204,2.9582683308782407
구의문주차장 앞,573,365,70.56712328767124,0.9851302558527779,0.035718445471134064,0.11662848934270295,1825.0913557479528,14.902550762899406,35.91938946975355,0.2534456652560469,0.19501494739294173,0.1339053461195015,0.0009192805644149,2.9125421763449895
청량리 기업은행 앞,633,365,63.47671232876712,1.0621520134662696,0.03496050757477664,0.13082135612240495,2468.7433475765015,24.122145970909404,39.1059818607969,0.13388579567525571,0.2376451292675558,0.09611981527040442,0.0005405911883774,3.003959693331856
"강일중,선사고 버스정류장(신암중학교 방면)",1051,365,24.90958904109589,1.0202375714914211,0.038165420149582054,0.13231412230532336,2808.7304355477354,23.991750989881215,37.906436233611444,0.1438627364716234,0.1892872855257369,0.07798064232292125,0.0003688734039602,3.056808067960362
당인리발전소 공원 앞,4244,365,46.136986301369866,1.036520190023753,0.02339667458432304,0.13889548693586698,4981.357988717344,40.42832541567696,35.705408861806966,0.09049881235154394,0.2577790973871734,0.11971496437054632,0.0007259370911483,2.975052006153843
비전교회 앞,560,365,71.2904109589041,1.001152914953307,0.043541754736558934,0.1128319434303063,2077.35573383037,17.81772414588217,35.16474001541321,0.32062564851466124,0.1742054494446793,0.1557203796933246,0.0010965022941831297,2.9049210007979247
서초신동아1차아파트 옆,2233,363,13.738292011019285,0.9887708040906357,0.04692199719270102,0.09544816522959695,1585.6646180068185,17.967716061760576,44.88171536286522,0.2035291758572288,0.2187687988770804,0.09083617405253659,0.0006278907177466,2.9684657970329984
르네상스호텔사거리 역삼지하보도 3번출구 앞 (더 오번 빌딩 명동칼국수 앞),2357,360,12.572222222222223,0.842907644719399,0.03026955368979231,0.08241272646928856,2308.8796553247903,22.9584622182943,37.40999246798895,0.17255855059655323,0.18294299602297834,0.12218294299602298,0.0008799623218622,2.9204996629280418
양천향교역 7번출구앞,1160,365,163.48767123287672,0.9918723710891023,0.039682938682486214,0.10694954166876142,1622.7519457711185,14.961138203207481,36.16801542161316,0.18799121880917669,0.2542690999279406,0.11455767264927187,0.0007092507577691,2.9657117697538
동영문화센터앞,2331,363,16.352617079889807,0.8615229110512129,0.03571428571428571,0.09029649595687332,2018.8085899595683,19.252021563342318,39.315681864649356,0.1888477088948787,0.20653638814016173,0.11539757412398922,0.0007591095096221,2.949313196480885
서울영상고교 입구,4509,365,94.7068493150685,1.0599109002545708,0.03873524647072437,0.12233857903263133,1841.9966497917135,18.361172182365195,33.475064091608274,0.1896551724137931,0.17140129599629716,0.07793334876186069,0.0005534708627194,2.9864080809851448
한마을아파트 정문상가,1966,365,45.36986301369863,1.0134661835748793,0.03242753623188406,0.10815217391304348,2982.875537439613,22.22469806763285,35.97841930234203,0.27445652173913043,0.1627415458937198,0.11660628019323671,0.0007271787021479,2.9756753781246665
휘경1동주민센터 앞,4102,365,28.86027397260274,1.033795329409531,0.0310423390924625,0.12483387127397,3425.6107613442223,27.446554015568633,37.86365740740741,0.1886273020694893,0.19925954053540915,0.086386937535599,0.0005731257932495,2.980803668972546
월정초 사거리,4542,295,20.64406779661017,1.1479474548440065,0.040722495894909685,0.12446633825944171,2088.741492610837,20.711822660098523,40.855462519936204,0.30032840722495896,0.1722495894909688,0.12545155993431856,0.0008708481741223,2.941090750815311
응봉역 1번출구,3511,365,98.26849315068493,1.1189918590386974,0.024896843983495037,0.1487955838072934,5617.138230734917,38.48374595739935,39.74600296686995,0.15448310471729676,0.23210103713616595,0.07951377272220364,0.0005615835299671,2.988907891083084
양평동성원아파트,4560,365,46.28493150684932,1.0262223274535338,0.03877116135906239,0.08849295607908134,2075.6969089617614,19.894577956671007,36.169158756988686,0.1623061441932047,0.2039777435776015,0.10861844441813662,0.0009256314360657,2.8975769707561323
JW타워,2510,357,12.403361344537815,0.5670731707317073,0.028229448961156277,0.08333333333333333,2206.851619241191,16.980578139114723,39.9652004454343,0.18586269196025296,0.20483288166214994,0.11969286359530262,0.0010701604745145114,2.8652466434856794
농협생명본사빌딩 서관,4275,363,17.74380165289256,1.0197174351808724,0.0263934171712467,0.06970967241111628,1864.697674274182,18.376494333178076,43.74953271028038,0.1639496972519795,0.27464679397609065,0.1656575065983543,0.0011358334869375883,2.885684957202849
고척LIGA아파트 앞,1988,365,59.52328767123288,1.0198379821412134,0.03990610328638498,0.11769308662432108,2550.0390352572945,19.76544232716561,37.67585806927822,0.3083862653042438,0.1609131915677069,0.12956825922857407,0.0009791229020159,2.9253741734411163
풍납사거리 성내유수지,5760,365,30.435616438356163,0.998109640831758,0.03735709784859123,0.11954271311549194,2006.4884850121518,20.59330272751823,38.0001040257984,0.13457556935817805,0.24781708524619678,0.11072103699702944,0.0007056305000543,2.9641825327389966
베네스트 오피스텔 앞,4131,365,46.95890410958904,1.0090431738623105,0.028646441073512253,0.11365227537922987,1718.360193115519,17.228296382730456,33.71399494665918,0.24859976662777128,0.1982497082847141,0.11266044340723454,0.000645633854616,2.9876289589444287
원당근린공원,5095,365,85.59726027397261,0.9989757705726082,0.03280734884614154,0.12421982524085395,1663.4737781262997,16.922574656723107,35.87185554625214,0.15203405562846078,0.23694907659315684,0.10059853407163205,0.000717008029843,2.945493374012242
먹골역 7번 출구,1468,365,26.334246575342465,1.0930087390761547,0.03745318352059925,0.1182896379525593,2287.640588847273,21.904598418643364,34.513871301945436,0.14169787765293385,0.20900957136912193,0.0780274656679151,0.0003583411450996,3.0668621093729707
동양쇼핑 정류소 앞,1471,365,41.553424657534244,1.1406342717742468,0.03514208478934529,0.1233599261554691,2262.5870211643683,18.91646337443133,34.109734096791904,0.2009626162062372,0.1823036856332828,0.0871629194962748,0.0003847480241131,3.060366262522052
천왕역 3번 출구 뒤,3931,365,31.71780821917808,0.6419625118769975,0.03973395525611125,0.0976073248682733,1310.490595145547,12.787250583052604,37.32717969298686,0.16593245227606462,0.246782413405891,0.11160058737151249,0.0008479756162162,2.917361810787083
면목역 3번출구,1447,365,70.22465753424657,1.1775124843945068,0.031679151061173534,0.12367353308364544,2357.7909113608,22.547557740324596,36.951063546338645,0.13514357053682896,0.2519506866416979,0.10701466916354557,0.0005699894647092,3.011598377360392
풍납토성 서성벽터A,2604,364,44.293956043956044,1.078893506171308,0.040004961855734045,0.12044904794393103,2415.116099981391,20.23841716802084,36.883530738860685,0.27507287725609375,0.18309247658624325,0.1295044346585623,0.0008859767826996,2.9081691479696627
중계3차청구아파트,2904,365,36.558904109589044,0.9884592326139089,0.039418465227817744,0.1322691846522782,1982.7705920263802,17.7296912470024,36.08668813741278,0.10926258992805755,0.19709232613908872,0.13856414868105515,0.0007974206478642,2.9696872560890024
강동리엔파크14단지(1401동 앞),3685,362,19.488950276243095,0.9875265768958186,0.03841247342310418,0.09851169383416017,2059.175723600283,17.67980155917789,40.06933511974544,0.29454287739192064,0.1991495393338058,0.13352232459248758,0.001162325508590692,2.903509579346705
사가정역 2번출구,1414,224,57.669642857142854,1.07361820715281,0.04443412292924601,0.12200030964545595,2264.920084378389,19.57052175259328,36.3289055191768,0.1086855550394798,0.25127728750580586,0.10094441864065645,0.0006352690906423,2.9929693052623234
낙성대입구삼거리,2186,363,12.727272727272727,0.887012987012987,0.03268398268398268,0.12077922077922078,2243.320363636364,20.11774891774892,35.82258064516129,0.12445887445887446,0.21688311688311687,0.07878787878787878,0.0003815637825378,3.0562207041489624
청암자이아파트 앞,852,336,25.601190476190474,0.6717042548244594,0.027551732155312716,0.1278772378516624,3996.61453266682,29.402232039060685,39.096332124143494,0.19355963729365264,0.22390141827481982,0.09207161125319693,0.000640441355388,2.9626965146712747
화랑대역 7번출구,1450,365,51.0027397260274,1.054791577137946,0.028899871078642028,0.09593897722389343,2696.101379995704,20.969703480876664,30.280724284063183,0.09368285345938976,0.15524280189084658,0.14380103137086378,0.001270720788254513,2.8460622729939864
당산역 10번출구 앞,247,357,148.91316526610643,1.0083894511116964,0.03590910800948045,0.11290019186637072,1919.7272749332249,18.485929799480832,37.66029327504616,0.15379406342876492,0.2905082577781122,0.12546555810541365,0.0009662167774393,2.8888560202525873
석계역 3번 출구,2909,365,44.12876712328767,1.0480536412739803,0.03035947103743714,0.13944247842552926,2727.599942261128,24.559322033898304,36.84045008655511,0.14006332650400447,0.22468491960017384,0.09275470292419445,0.0004255381950843,3.0527645790310394
화양사거리,3508,365,32.778082191780825,0.8462052825142093,0.03811434302908726,0.09896355733868271,1812.8133074222662,17.80675359411568,34.112388120423105,0.1947509194249415,0.25476429287863595,0.14969909729187564,0.0010112353945822756,2.9185880015501047
성산2-1 공영주차장,438,365,41.99178082191781,0.8728387812357278,0.031969726626215174,0.1257910876231487,2733.4454413779586,22.48293860507601,36.46700929634948,0.1683956416780844,0.22613688262543222,0.09506100345795002,0.0005329560605727,3.008267109938222
수유역2번출구,1569,365,80.86027397260274,1.036694450091482,0.03561021887917598,0.1278376363759572,2089.1187334824153,21.02405638002304,38.6602015821387,0.12943010096903163,0.24276614488039575,0.09392152876600936,0.0006304914618131,2.9907744407634227
오류동역 맞은편,1991,365,42.032876712328765,1.232173119541129,0.035849302568113674,0.13316386390301135,2633.72495958806,22.136292530308957,35.06235030518427,0.15558597314561334,0.16829618041976274,0.07619606309477252,0.000249774247945,3.106138332828056
광흥창역 2번출구 앞,118,363,19.16253443526171,0.9974123059229443,0.03263369752731455,0.11515238642898218,2459.2212780333516,22.39821736630247,38.07007544006706,0.13254744105807936,0.20859689476710752,0.09545715928694652,0.0004496238787697,3.041065373209002
리센츠아파트,1269,365,54.863013698630134,0.9013732833957553,0.0350561797752809,0.13508114856429462,1882.8980139825221,21.039500624219727,37.83330393367437,0.1722347066167291,0.2137827715355805,0.07690387016229713,0.0004694412493123,3.01591855986796
사당역 7번출구쪽,2034,364,18.054945054945055,1.040626902008521,0.030888618381010348,0.12477175897748022,2772.3576506390746,26.172093730979913,36.81247796968629,0.14013998782714548,0.26308581862446745,0.10377358490566038,0.0005299068799678,3.0366219970949464
대림3동사거리,289,365,38.827397260273976,1.0576488851255998,0.042478125882020885,0.11755574372001129,1854.6701735817117,16.883290996330793,33.724033914886675,0.1895992097092859,0.17068868190798758,0.09539937905729608,0.0005552341809683,3.0053218531366737
"도봉역 1,2번 출구사이 건너편",1735,364,24.206043956043956,0.9920553853138123,0.03892861196231983,0.12665985699693566,2023.1746339802523,20.746112813528544,36.769807008633826,0.18806037907161502,0.19804789467710815,0.08285098172738622,0.000503009845962,3.0193023852617222
노일초등학교 앞,1628,363,20.421487603305785,0.993255092405234,0.03183596384729529,0.12801834614865776,2350.3247065965197,21.21786051531094,41.41547049441786,0.16403615270470795,0.19600701470389856,0.09807095642789694,0.0004790818067426,3.0301686292913637
압구정 한양 3차 아파트,2307,361,14.734072022160666,0.9054333521338598,0.025568715924045873,0.13799586388418875,4287.816008648242,33.98965971047189,37.44544198895028,0.10340289528106787,0.25493513818386915,0.10321489001692047,0.000805204421233,2.950234403924283
광화문역 6번출구 옆 A,4718,337,30.468842729970326,0.9646474483833268,0.026490066225165563,0.06797818465134398,1904.291857226334,19.878067783404752,41.01073407202216,0.16098558628749515,0.24240358395013634,0.14481885469419556,0.001047675973896543,2.8864098641974545
수유1동 주민센터,1543,365,17.60821917808219,0.9735490897775012,0.03983195892329236,0.11856231523261242,2465.083611327214,24.198070639489654,40.796497789867395,0.16103936517815465,0.18048856387116852,0.07437373580208495,0.0003345350522569,3.0750322143306814
문래동자이아파트 앞,236,365,97.86849315068493,1.0481495996864678,0.035944236045014274,0.12129779967527014,1828.1765796987847,17.432730530205475,36.465630915856124,0.19346621129835953,0.1937741447847265,0.12328537036000224,0.0006600840834346,2.9899935601227314
월곡역 5번출구 앞,1380,365,47.04931506849315,1.1320095498748035,0.03016362895242532,0.11995574448261806,4045.2457439003083,27.775461480230593,40.15563909774436,0.1803994642753159,0.20957316718104002,0.081290397717347,0.0004996423805695,3.011543070364094
명동역9번 출구,4791,349,28.773638968481375,0.9651463851822346,0.03316072495518821,0.11192989444333798,2365.824418442542,24.48805018920534,38.532395365334594,0.1639115714001195,0.24347739494124676,0.10695080661222864,0.0008049384154191,2.9116056660266345
여의도초교 앞,221,365,47.553424657534244,0.977991588408135,0.03871636803595091,0.1294002419773002,3316.383402661753,27.483608918591923,37.92714038627847,0.165408768796451,0.26162355245722185,0.1271533099037852,0.0007488465150785,2.9625938763684303
목동12단지 아파트,4535,365,84.86301369863014,0.9747861178369653,0.050912025827280064,0.14334140435835352,1644.9920548829716,17.02773204196933,36.94972087830294,0.2775141242937853,0.1645197740112994,0.12810330912025827,0.0009328781954864,2.8886420500575123
창동역 1번출구 건너편,1716,365,44.07123287671233,1.0485515354967052,0.027042148452070123,0.12700484893696382,2339.106386298646,20.977309461643664,41.107633088822716,0.08939450453810767,0.2568071615069004,0.12831033196568445,0.0011092844367024777,2.8585544690613114
쌍용아파트2단지 정문,4703,333,10.834834834834835,0.06485587583148558,0.02965631929046563,0.13359201773835921,2129.1427161862534,17.934589800443458,35.63690476190476,0.1898558758314856,0.1319290465631929,0.13664079822616407,0.0010573112212930232,2.8726924161228315
노원역7번출구,1662,365,82.23835616438356,1.0679614884898558,0.030682613185861345,0.12279708165372956,2280.7430909151476,21.064896558616784,35.73994369239076,0.05736749175467235,0.28660425758736713,0.12759436319418996,0.0011607161378033692,2.8627087183102837
모래내고가차도,195,365,22.720547945205478,0.9618955745809719,0.03906909441697817,0.1145544435065718,2244.6862353792358,18.64403713975642,36.54219948849105,0.2084890871819607,0.175690341251658,0.09055830218256361,0.0003607269617442,3.0653133160019674
리엔파크 2단지 앞,2344,363,14.443526170798899,1.180812511920656,0.03166126263589548,0.1338928094602327,2664.905130650392,21.79916078580965,35.070722945666816,0.1819568949074957,0.1573526606904444,0.07381270265115392,0.0003315622740249,3.0709047871670343
압구정나들목,3627,364,52.79120879120879,1.0249791840133222,0.015976269775187343,0.16345753538717736,7190.050433492921,47.70717110741049,37.674115577562056,0.06926519567027478,0.30401748542880935,0.11146960865945046,0.0010816344467584873,2.863010721831093
개봉아이파크아파트 앞,1987,364,35.989010989010985,1.0601526717557253,0.03404580152671756,0.12755725190839695,4263.725479389314,28.89236641221374,35.93803513107953,0.3229007633587786,0.17045801526717558,0.14877862595419847,0.0012166242578456321,2.8694241075119
자양사거리 광진아크로텔 앞,505,365,61.967123287671235,0.9356707047484305,0.03740383765142807,0.11879918648863737,1804.6664369086545,19.40808205853745,34.907087827426814,0.12167300380228135,0.21575736139358034,0.08603766911309577,0.0003984518499205,3.0518886697355248
석계역 문화광장 내 자전거 보관소,1601,365,125.36438356164383,1.0858647668167316,0.031163949473316143,0.1119804187245946,1993.012499235107,15.858101315616942,34.305646386364224,0.10612351938458849,0.2448096507714498,0.10457187814152716,0.0005775416145629,3.0021406473099463
두상빌딩 앞,2294,365,41.30684931506849,1.0903362737945215,0.036678384293957686,0.09146381906214764,2059.7369370564434,20.77323074882271,38.326741464202115,0.2674272070040459,0.2016316243284473,0.11872388406181601,0.0008093453125197,2.9684785038421375
영등포 신세계백화점,4565,365,160.05753424657533,0.9980828811557488,0.032351380496739184,0.1589668098800089,2007.7768305917386,20.04440184180346,35.49972212298043,0.06357303024597319,0.315451635542014,0.1303811985416203,0.0014754435868489177,2.7329404323203454
유진투자증권빌딩 앞,209,365,119.63561643835617,1.0963885771864337,0.02477843680582591,0.0996175601712964,3581.516696361098,30.70735337898184,36.78116953786532,0.052396546591247393,0.25474614697597725,0.2482423798291616,0.003000043920509748,2.5280690577818707
발산역 8번 출구,3760,365,69.86027397260274,1.0157261069061532,0.03933487587748539,0.09745480214910389,1350.3378320718446,13.229773716616338,37.12239380470146,0.25036275932389507,0.18800737283815053,0.14204478607004195,0.001027048381449639,2.8991263112208285
송파학사 옆,2633,365,25.873972602739727,0.912007623888183,0.035578144853875476,0.13564167725540024,2508.302835662854,22.926937738246504,39.35683576956148,0.19695044472681067,0.2171749258788649,0.096569250317662,0.0005979595990256,2.982532217273473
대치우성아파트 사거리,4926,365,38.06027397260274,0.9972646127267492,0.031888856896055286,0.08602073135617622,3087.2783753239273,24.31334581053844,38.95381959430298,0.1890296573567521,0.22041462712352433,0.14094442844802765,0.0013705144847439002,2.797822445181454
구립양천어르신요양센터,4523,291,2.9828178694158076,0.4965437788018433,0.038018433179723504,0.1693548387096774,2640.8520967741933,23.66589861751152,45.74656679151061,0.2073732718894009,0.16820276497695852,0.11866359447004608,0.0011648671782275171,2.836713312707389
신정3동 현장민원실 앞,709,365,21.575342465753426,0.862984126984127,0.036444444444444446,0.12076190476190476,1764.0678463492059,15.549968253968254,31.469409282700422,0.16736507936507938,0.1572063492063492,0.10920634920634921,0.0005598096077937,3.0177483136537773
시립미술관,391,357,22.210084033613445,1.0166477487703367,0.026611174170765545,0.08071635767435995,1913.6046638920418,22.19384537772733,39.4625468164794,0.18211628200277463,0.1968722411401186,0.12460587715979317,0.0014123138558505028,2.7344001912331466
아크로리버뷰 부지 앞,2217,365,76.28493150684932,1.172568596466025,0.02251831633386008,0.1725326820859072,5105.72844778049,40.72169946846717,37.92176966292135,0.12763970693865823,0.23703490877747452,0.0994828329263037,0.0007488633951995,2.9350814230729454
동대입구역 6번출구 뒤,371,364,15.989010989010989,1.0018900343642612,0.023195876288659795,0.1183848797250859,2827.5736512027484,28.719931271477662,37.30993456276026,0.12697594501718212,0.21151202749140893,0.08986254295532646,0.0006665382435257,2.9480316082287126
공릉역 1번 출구 앞,1608,365,117.0054794520548,1.0696138806284683,0.031704404430187086,0.10557988151825227,1626.7753431521758,15.882712435900437,34.54009582477755,0.14405132648043645,0.2550401573512539,0.0996792094972721,0.0006268737953876,2.980343247157093
가락시장 남1문 사거리,4480,365,26.03287671232877,1.015259945274679,0.038833929699010734,0.10913491896442853,1769.9636318669739,21.586718585560934,40.3988035892323,0.17838349821090296,0.23395074721111345,0.09398021469164386,0.0005805753891243,3.003324131405203
강남중학교 앞,2085,365,29.339726027397262,0.9224017181809693,0.03464375758707629,0.12354094686712111,1898.7513698758053,20.921187785974414,36.26464581317855,0.23027360164347743,0.19619012045942663,0.13222523111401624,0.0006874555737312,3.000745798946966
세종그랑시아 앞(102동),775,365,25.421917808219177,0.7417825196680676,0.03718073068218558,0.12490570104537127,2239.289380321156,19.347343463735317,34.30520965692503,0.17027696950102383,0.152602651147753,0.11693070373962712,0.0004945497058661,3.042646424871194
중대후문 마을버스정류장,4173,362,12.975138121546962,0.890355546093251,0.025974025974025976,0.12561209282520758,3484.5509899936123,27.24228230785608,35.668001000750564,0.13583138173302106,0.20161805407707045,0.07302533532041729,0.0003218173661049,3.0738319695017635
염창나들목,3789,365,83.89041095890411,1.0893207054212932,0.024003919007184845,0.13703461789679947,5237.539192031351,34.47436316133246,40.13710652572454,0.23298497713912478,0.20068582625734813,0.09591770084911823,0.0006791174983524,2.950711624258923
월계 센트럴 아이파크,4011,365,33.07397260273972,1.3858515573227304,0.027253147779986747,0.10826706428098078,2908.7613667992046,23.21877070907886,34.80987749590045,0.08109675281643472,0.20568257123923128,0.0942677269715043,0.0005776126687339,3.0102935360741196
청담백영빌딩 앞,4925,354,8.240112994350282,1.0562221460404526,0.029139526911210148,0.11038738429893727,3440.9565786767225,25.458690435378813,38.120603015075375,0.0836475831333562,0.24580047994514914,0.12101474117243743,0.0008941529574412,2.9460586002761637
서울시립대 건설공학관,664,353,12.804532577903682,0.85,0.025442477876106196,0.07964601769911504,1949.8935752212383,24.031858407079646,28.972972972972972,0.07632743362831859,0.19778761061946903,0.10486725663716814,0.0008962365994901,2.902971454056763
강일역 3번출구,3689,363,18.60330578512397,0.8781282393010514,0.03953798311861395,0.09432844661631867,1484.2437198282234,13.151340145120686,40.0367050067659,0.23322967569968905,0.2702502591440841,0.13534725307270842,0.0011721956996668065,2.824668256211272
문정 법조단지11,1247,365,24.542465753424658,0.9554588077695915,0.035387363250725605,0.11721366376423309,2217.1557412368825,21.645568207189104,38.45304503582395,0.11475775842822059,0.2747265014512168,0.14020986827416834,0.0011682571493742647,2.847807798516892
서울혁신파크1,966,323,3.9535603715170278,1.0234925606891152,0.028191072826938137,0.12764291307752546,2193.9000861393893,23.85356303837118,42.4054054054054,0.11276429130775253,0.3249804228660924,0.1895066562255286,0.0017634740437490774,2.6921824870347835
답십리역 6번출구,4392,316,43.0253164556962,1.0788467196234186,0.03324507208002354,0.10032362459546926,2097.5390651662246,20.405045601647544,38.99266998062179,0.17306560753162695,0.24867608120035303,0.09752868490732568,0.0007285408750931,2.9549742508396024
북한산 한신휴플러스APT앞,1762,365,49.06027397260274,0.978388339755403,0.03719215949070196,0.12335958005249344,1628.7078081197315,16.185737421120233,36.51930365516798,0.22371139777740545,0.17339587870665105,0.1252582788853521,0.0005988039379756,3.0013164417161358
신사두산위브2차아파트 앞,4652,365,34.38082191780822,0.8583154036178181,0.038090684516694555,0.11945174914335803,2162.567011714081,17.18782373097458,38.67596317153839,0.28759263686349507,0.1276595744680851,0.12415331898956092,0.0008172370038987,2.966674914074392
건영아파트앞 사거리,4465,365,46.54520547945206,0.9915827888633821,0.03419859909353111,0.11283771852375066,1989.264844899639,18.521455059155926,36.72689548459699,0.15721937724409912,0.2206721996586026,0.08629112955441756,0.000430775376847,3.042687729732648
상신정비공업 앞,1823,173,8.919075144508671,0.41607258587167856,0.03240440699935191,0.08749189889825017,1628.1843551523014,13.725858716785483,37.47921071176885,0.20868438107582632,0.1983149708360337,0.09915748541801685,0.000508343843123,3.019275435302283
양재이스타빌 앞,2508,162,26.080246913580247,1.223905325443787,0.03408284023668639,0.11313609467455621,3516.032089940829,28.865325443786983,39.504913076341644,0.18437869822485206,0.2781065088757396,0.1514792899408284,0.0011948810343553175,2.840030194947485
강북종합시장 앞,1526,365,25.55890410958904,1.012648729767392,0.04309143530925073,0.12284274841890878,1854.624424911566,18.819487619251795,38.4442538593482,0.1650766427269804,0.1912316432629435,0.07096151784757208,0.0002397992891983,3.1036992238970775
역삼서초삼성 세무서 앞 (역삼빌딩 앞),2407,365,39.59452054794521,0.9713534458898422,0.03819540548021035,0.10137005258787711,2720.410482286188,29.60012455023526,37.23488218816939,0.11936064212565735,0.23353169111541655,0.11119568225851094,0.0006932104191943,2.9694248738001034
서초유치원 맞은편,2250,364,20.406593406593405,0.9907108239095315,0.02827140549273021,0.11631663974151858,5007.419189553042,32.640953150242325,41.9068679245283,0.18739903069466884,0.18739903069466882,0.10245018847603662,0.0006883680412073,2.976452037468402
고척아이파크아파트 106동 앞,3928,365,37.02465753424657,1.0070297469291105,0.037368654728429776,0.1504365842829658,2530.876098860439,24.53144886784076,37.18338355574688,0.1501405949385822,0.23671747817078587,0.08687287257658724,0.0008204729408571,2.911570262674289
서울방이동 고분군,2630,365,60.175342465753424,0.9629848843562193,0.03951921325805864,0.11691859406301221,2027.5653860863222,20.108951010744857,36.58494974191796,0.16941358586778366,0.21999635767619743,0.08960116554361683,0.0005012444085799,3.018867738386868
LG한강 자이아파트 앞,860,364,39.714285714285715,1.0181239623685667,0.02241283895960155,0.1549529607083564,5042.941458909793,39.22606530160487,39.60467313804656,0.1440924183729939,0.23955451023796348,0.10071942446043165,0.0006850524273868,2.967215210926485
용마지구대 A,1445,309,6.022653721682848,1.0671681891456206,0.05373455131649651,0.11391724879097259,2879.153358409458,20.484148307361632,40.07183098591549,0.10639441160666309,0.1966684578183772,0.08490059108006448,0.0004245438402107,3.057686261677679
우장초등학교 앞,2713,365,54.46027397260274,0.9817386054935104,0.04145286246101217,0.10660026159573398,2052.788276989637,18.372522386558003,34.70549914901109,0.39375188650769694,0.14664453164302244,0.20384344501458898,0.0017581621254680214,2.827326714422387
명일파출소,1068,364,25.692307692307693,0.9175577416595381,0.028550042771599657,0.1232891360136869,2006.8099657827195,20.059024807527802,46.04585040983606,0.11869118905047048,0.18242087254063302,0.11526946107784432,0.0008950126702886,2.896334712438405
문정동 근린공원,1265,365,40.18082191780822,1.035728896768035,0.033751534160643665,0.11080049093140597,2007.9121635074328,17.889676803491067,38.5111277196479,0.2265784808400382,0.19289513159689078,0.12471021410064094,0.0006670445943597,2.9933515665010697
길음문화복합미디어센터,1367,365,19.80821917808219,1.0609958506224066,0.04107883817427386,0.1255878284923928,2112.8727206085755,21.15933609958506,39.67581168831169,0.212448132780083,0.156984785615491,0.09847856154910097,0.0003986757478541,3.0573100191977174
면목2동 사거리,1440,365,40.49041095890411,1.1940591379660328,0.03511739630556871,0.12470397185195209,2190.9270079166386,20.462412883145003,37.79435107376284,0.1709858583124704,0.2146288652818188,0.10616415183706611,0.000418756983197,3.064408218224392
진관고등학교앞,976,362,17.864640883977902,1.0262873047781043,0.03262718416576465,0.10576774393072522,1353.291220040203,16.5398175351786,35.45581724809634,0.199628885109015,0.15277563012215867,0.09447966599659811,0.0005883931717811,3.0007581581126703
인덕대학교,1671,364,21.03021978021978,1.1660352710646635,0.03305029392553886,0.0999346832135859,2644.768799477464,19.834225996080992,35.93454769990738,0.19307642064010452,0.13455258001306336,0.10084911822338341,0.0006653359835007,2.9807625872639854
경복궁역 7번출구 앞,301,347,29.881844380403457,0.6070016395023629,0.029318159899701032,0.11196836724852927,1869.7681869032685,19.822451538238983,39.274430765878634,0.22962677210917157,0.15951393577008388,0.11351142829588196,0.0006187151089211,2.979026605853981
강서문화센터,3766,355,8.616901408450705,0.8646616541353384,0.03628636809414842,0.10199411572409284,1847.9752010460934,14.995750245178163,36.06459671663098,0.3641712978097418,0.11180124223602483,0.19810395554102647,0.0018047679281659474,2.802384474159281
새우개마을,4802,361,7.853185595567867,1.08994708994709,0.04797178130511464,0.0980599647266314,1582.2083844797182,11.458553791887125,38.90623556581986,0.309347442680776,0.15626102292768962,0.12028218694885362,0.0011744757726288198,2.851258084523809
광일빌딩,3815,365,25.515068493150686,1.0290991087726833,0.03972941050144959,0.14066358853215935,2150.829658541823,19.74723504778267,37.9314480494887,0.1977880382261355,0.1555889616664877,0.07344572103511221,0.0001873371889423,3.126018526866374
시흥4동주민센터 앞,3970,359,6.79108635097493,1.0041017227235438,0.05332239540607055,0.10049220672682527,2502.7203322395403,18.99343724364233,33.38032454361055,0.4167350287120591,0.08736669401148482,0.2169811320754717,0.0023487594429164394,2.715087338909331
상암월드컵파크 10단지 앞,401,364,29.475274725274726,1.0093205331344952,0.039332649827570135,0.12359026936340758,1899.5415677136732,17.06943797185199,36.35279418446161,0.26423711436294156,0.1619908658775282,0.10951626433031969,0.000871273429116,2.903575245169454
흑석 아크로리버하임(103동),2078,316,5.0284810126582276,0.20830711139081184,0.025802391441157962,0.12208936438011328,3635.399395846444,25.986154814348648,37.38893044128646,0.13656387665198239,0.1422278162366268,0.1013215859030837,0.0003841697478412,3.0567707136140605
송중초등학교 옆,1574,361,12.670360110803324,1.0896370791429821,0.026453869698294708,0.1204634892872759,2692.2920813292526,25.565588106689987,38.30345334313005,0.15041539134236992,0.19763882815916048,0.07870572802798426,0.0004575757332906,3.0298936423056015
선잠단지 앞,1365,360,8.358333333333333,0.7367896311066799,0.0392156862745098,0.14257228315054835,2317.644626121635,19.335327351279496,42.14536799707067,0.21934197407776668,0.1465603190428714,0.08906613492854769,0.0006427102918194,2.9663962253723266
서울시 북부병원 앞,4840,362,14.577348066298342,1.0223611900701155,0.03941633503884783,0.09550881182490051,2175.192383930263,18.96551070684101,29.89278106508876,0.12848209209778283,0.1298086033731287,0.17851051733939738,0.001596316490469431,2.8111112295315226
성북쉼터 앞,1342,339,6.7492625368731565,0.33085664335664333,0.03146853146853147,0.12325174825174826,2264.146398601399,19.021416083916083,40.3385982230997,0.20804195804195805,0.15472027972027974,0.10270979020979021,0.0008206497635038,2.9105345376361718
오륜사거리,1300,363,22.53443526170799,1.0272616136919315,0.03655256723716382,0.11711491442542787,2719.7606955990223,27.183007334963325,43.245072836332476,0.22787286063569684,0.21393643031784843,0.11222493887530563,0.0007689888404674,2.960040080675845
기자촌사거리 B,4668,330,8.357575757575757,0.31870920957215376,0.01994198694706309,0.12073966642494562,1686.174111675128,13.05148658448151,38.39364406779661,0.17730239303843365,0.18382886149383612,0.09535895576504713,0.0007374542639167,2.9355355313822873
한국과학기술연구원 중문,1376,322,6.763975155279503,0.9416896235078053,0.023415977961432508,0.03673094582185491,2188.417865013774,16.327823691460054,35.3312,0.016069788797061522,0.2548209366391185,0.19972451790633608,0.0027289663828085234,2.506620556645782
솔밭공원역 1번출구 주변,1758,363,17.793388429752067,0.9334262269701192,0.029571141043505188,0.13639882334726738,2893.568346493265,25.152345564328844,41.444265809217576,0.13098002786809104,0.17371110078959592,0.0735407957888218,0.000281441289455,3.0901959403846266
LG유플러스 (방배사옥),2506,331,3.5891238670694863,0.5269360269360269,0.045454545454545456,0.1111111111111111,3091.15265993266,23.975589225589225,38.11038961038961,0.07323232323232323,0.2828282828282828,0.1691919191919192,0.001910176871596625,2.74579937607443
상왕십리역 4번 출구 앞,520,365,25.832876712328765,0.9045497931912185,0.03733163644076785,0.10743451055255064,1943.8819768798387,19.179022165659138,37.74920789666098,0.16746208505673985,0.20574822356559552,0.09396542581397815,0.0003415415761793,3.0799456200115927
한국과학기술연구원 북문,1377,341,8.237536656891496,0.919188323246707,0.03097187611249555,0.060875756496974014,2742.9814489142054,21.90316838732645,31.63552960800667,0.0626557493770025,0.34887860448558206,0.2214311142755429,0.0022240034032427456,2.6988208986643136
서울대입구역 4번 출구,3311,365,25.235616438356164,1.0169362718488764,0.03354684616219737,0.11746824449028336,1857.7934274237314,19.169579850179133,35.04808660624371,0.06524807295624796,0.26946042774943,0.11279991314732385,0.0008670907472275,2.910049599304221
서울역 7번출구,4760,332,5.301204819277109,0.9960227272727272,0.028977272727272727,0.08238636363636363,3125.7984545454547,33.44034090909091,41.648521505376344,0.10113636363636365,0.27329545454545456,0.15284090909090908,0.0016033291006657482,2.7628484074740913
서초포레스타 7단지,2270,359,10.760445682451254,0.9774786435412891,0.025110018120631634,0.1141599792907067,2579.2671705928033,20.034688066269737,38.826296743063935,0.26818534817499357,0.1887134351540254,0.14781258089567695,0.0011732377950246513,2.821520640207398
대림아파트 후문 상가 옆,2071,355,17.047887323943662,0.1786186384666226,0.04196959682749504,0.1302048909451421,1483.1668390614677,11.929610046265697,36.13888352327603,0.2050561797752809,0.1196298744216788,0.08360872438863186,0.0004682391174362,3.032155755177787
망우동 본죽 앞,4835,364,21.263736263736263,1.0005167958656331,0.034366925064599485,0.12325581395348838,2246.200301033592,17.721059431524548,36.544689950106914,0.23863049095607236,0.16098191214470284,0.11175710594315245,0.0004773337050168,3.0440209729997956
상림마을 생태공원,942,358,10.606145251396647,0.9615485909928891,0.03845140900711088,0.12325520147484856,1578.3751777719247,18.483276270740056,36.88451776649746,0.3197260995522781,0.0953384250724256,0.13299973663418488,0.000925196288955,2.922258533117644
위례포레샤인18단지 1802동,4882,359,9.211699164345404,0.8539461747807681,0.04505594194133656,0.11823404898699728,2416.200030238888,17.68218929543393,40.80664451827243,0.22286059872996672,0.18052615663743574,0.11309343816147566,0.0006288946295836,3.0041564465435444
마포중앙도서관,432,341,8.343108504398828,0.22144112478031636,0.028119507908611598,0.1469244288224956,2442.54837258348,26.43409490333919,49.49832635983264,0.09244288224956063,0.28330404217926186,0.13989455184534272,0.0011387101304837692,2.839379089602337
송파세무서,5780,343,9.615160349854227,1.0027289266221953,0.02274105518496058,0.05215281989084294,2531.226955730746,23.42874469375379,39.08225928733889,0.10309278350515463,0.17070952092177075,0.20466949666464523,0.002476508085974111,2.5400571292530274
서울과학기술대학교(미래관),2914,302,29.758278145695364,1.1810392789584956,0.022031823745410038,0.0507399577167019,1640.2026404806952,17.75598086124402,28.50328256302521,0.04628908423278068,0.2077445198620229,0.15311004784688995,0.0013457501196722874,2.82566321851012
서울 영등포구 우체국,4600,184,64.2336956521739,0.793552754040105,0.04289703020560115,0.09518571791183687,1575.5896962517975,16.593789660715796,36.340363082943796,0.21888484643370842,0.17674930197140196,0.09188594635755987,0.0007791249452337,2.9143390276805947
중계구민체육센터,1620,76,24.736842105263158,2.425531914893617,0.03404255319148936,0.1478723404255319,1892.4947712765959,15.685106382978724,36.23545516769336,0.11861702127659576,0.1973404255319149,0.09468085106382979,0.0004217280317891,3.0451249881300564
우리은행장안지점 앞,4141,184,56.45652173913044,1.0465922217943782,0.03937235271467077,0.11089718906430497,2213.7625808625326,23.018290335001925,36.845707503626535,0.15970350404312667,0.2223719676549865,0.10926068540623797,0.0005360988841111,3.035541236346633
위례포레샤인아파트 정류장,2634,184,18.793478260869566,1.021688837478311,0.0373048004626952,0.1043956043956044,2686.923013302487,20.875361480624637,42.802747791952896,0.3727588201272412,0.1283979178716021,0.1584731058415269,0.0014905372823510777,2.8244608979504906
상계초교 입구 교차로,5338,184,36.52173913043478,0.9352678571428571,0.034375,0.1244047619047619,2024.2379092261904,21.082738095238096,35.74124550444823,0.07827380952380952,0.19791666666666666,0.10014880952380953,0.0004880505804752,3.0352187277418157
우이동길마을마당,1516,183,17.557377049180328,0.9103641456582633,0.03610333022097728,0.12449424214130096,2207.9027326486153,22.862433862433864,39.09222222222222,0.2222222222222222,0.1764705882352941,0.10270774976657329,0.0005083717703978,3.0240647796655034
여의도성당,5888,156,4.711538461538462,0.8108843537414966,0.050340136054421766,0.09251700680272108,3198.6604353741495,25.546938775510203,37.404761904761905,0.11156462585034013,0.40680272108843535,0.26258503401360545,0.002680335739738072,2.657872531455921
한강버스 잠실 선착장,5784,153,135.66666666666666,0.9439225321578263,0.018355253649371295,0.19448860625331213,5003.358826901771,36.06648359589536,36.89838890970401,0.05477670183552537,0.25321578262754735,0.08956014838367779,0.0010344304794316697,2.8354450250936085
국제 스케이트장,5320,122,2.442622950819672,0.7013422818791947,0.026845637583892617,0.09060402684563758,4041.535570469798,28.59731543624161,37.391891891891895,0.09395973154362416,0.18456375838926176,0.12416107382550336,0.0010997221096146822,2.8767522971307837
가산디지털단지역 9번출구 앞,3989,114,36.10526315789474,0.9735179786200194,0.02040816326530612,0.06316812439261418,1950.3138289601561,15.013119533527696,38.55455455455456,0.34207968901846453,0.19970845481049562,0.1491739552964043,0.0012839116858275542,2.8331668605623497
감정평가사회관앞,5601,85,3.8117647058823527,0.75,0.021604938271604937,0.12962962962962962,2562.4884876543215,23.589506172839506,39.23557692307692,0.16049382716049382,0.23148148148148148,0.1111111111111111,0.0010280127521211193,2.8818084825863535
상신정비공업 앞,1823,173,8.919075144508671,0.45171743357096567,0.03240440699935191,0.08749189889825017,1628.1843551523014,13.725858716785483,37.47921071176885,0.20868438107582632,0.1983149708360337,0.09915748541801685,0.000508343843123,3.019275435302283
서울 영등포구 우체국,4600,184,64.2336956521739,1.0258059057449869,0.04289703020560115,0.09518571791183687,1575.5896962517975,16.593789660715796,36.340363082943796,0.21888484643370842,0.17674930197140196,0.09188594635755987,0.0007791249452337,2.9143390276805947
중계구민체육센터,1620,76,24.736842105263158,0.9920212765957447,0.03404255319148936,0.1478723404255319,1892.4947712765959,15.685106382978724,36.23545516769336,0.11861702127659576,0.1973404255319149,0.09468085106382979,0.0004217280317891,3.0451249881300564
위례포레샤인아파트 정류장,2634,184,18.793478260869566,1.14893001735107,0.0373048004626952,0.1043956043956044,2686.923013302487,20.875361480624637,42.802747791952896,0.3727588201272412,0.1283979178716021,0.1584731058415269,0.0014905372823510777,2.8244608979504906
상계초교 입구 교차로,5338,184,36.52173913043478,1.0068452380952382,0.034375,0.1244047619047619,2024.2379092261904,21.082738095238096,35.74124550444823,0.07827380952380952,0.19791666666666666,0.10014880952380953,0.0004880505804752,3.0352187277418157
우이동길마을마당,1516,183,17.557377049180328,0.8054777466542172,0.03610333022097728,0.12449424214130096,2207.9027326486153,22.862433862433864,39.09222222222222,0.2222222222222222,0.1764705882352941,0.10270774976657329,0.0005083717703978,3.0240647796655034
국제 스케이트장,5320,122,2.442622950819672,1.1308724832214765,0.026845637583892617,0.09060402684563758,4041.535570469798,28.59731543624161,37.391891891891895,0.09395973154362416,0.18456375838926176,0.12416107382550336,0.0010997221096146822,2.8767522971307837
\N,,181,1884.596685082873,,0.032440957808579,0.10945964961654824,2248.064003582401,20.80887509087924,36.49414369755521,,,,,
