"station_no","station_name","district_name","detail_address","latitude","longitude","install_period","lcd_rack_count","qr_rack_count","operation_type","source_file"
102,망원역 1번출구 앞,마포구,서울특별시 마포구 월드컵로 72,37.5556488,126.91062927,"2015-09-06 23:42:06",,15.0,QR,공공자전거 대여소 정보(25.12월 기준).xlsx
103,망원역 2번출구 앞,마포구,서울특별시 마포구 월드컵로 79,37.55495071,126.91083527,"2015-09-06 23:43:13",,14.0,QR,공공자전거 대여소 정보(25.12월 기준).xlsx
104,합정역 1번출구 앞,마포구,서울특별시 마포구 양화로 59,37.55062866,126.91498566,"2015-09-06 23:44:31",,13.0,QR,공공자전거 대여소 정보(25.12월 기준).xlsx
105,합정역 5번출구 앞,마포구,서울특별시 마포구 양화로 48,37.55000687,126.91482544,"2015-09-06 23:45:30",,5.0,QR,공공자전거 대여소 정보(25.12월 기준).xlsx
106,합정역 7번출구 앞,마포구,서울특별시 마포구 독막로 4,37.54864502,126.91282654,"2015-09-06 23:46:31",,12.0,QR,공공자전거 대여소 정보(25.12월 기준).xlsx
107,신한은행 서교동지점,마포구,서울특별시 마포구 월드컵북로 35,37.55751038,126.91850281,"2015-09-06 23:47:57",,5.0,QR,공공자전거 대여소 정보(25.12월 기준).xlsx
108,서교동 사거리,마포구,서울특별시 마포구 양화로 93,37.55274582,126.91861725,"2015-09-06 23:51:25",,10.0,QR,공공자전거 대여소 정보(25.12월 기준).xlsx
111,상수역 2번출구 앞,마포구,서울특별시 마포구 와우산로 40,37.54787064,126.92353058,"2015-09-07 01:30:37",,10.0,QR,공공자전거 대여소 정보(25.12월 기준).xlsx
113,홍대입구역 2번출구 앞,마포구,서울특별시 마포구 양화로 165,37.5574379,126.9238205,"2015-09-07 01:32:58",,25.0,QR,공공자전거 대여소 정보(25.12월 기준).xlsx
114,홍대입구역 8번출구 앞,마포구,서울특별시 마포구 양화로18길 3,37.55706024,126.92442322,"2015-09-07 01:33:52",,15.0,QR,공공자전거 대여소 정보(25.12월 기준).xlsx
115,마스타 빌딩 앞,서대문구,서울특별시 서대문구 연희로 7,37.55893326,126.92711639,"2015-09-07 01:28:47",,15.0,QR,공공자전거 대여소 정보(25.12월 기준).xlsx
117,홍은사거리,서대문구,마포구 서강로1길 30,37.59115982,126.94132996,"2015-09-07 01:32:20",,23.0,QR,공공자전거 대여소 정보(25.12월 기준).xlsx
118,광흥창역 2번출구 앞,마포구,서울특별시 마포구 독막로 지하165,37.54773331,126.9317627,"2015-09-07 01:33:32",,9.0,QR,공공자전거 대여소 정보(25.12월 기준).xlsx
119,서강나루 공원,마포구,서울특별시 마포구 창전로 30,37.54528427,126.93105316,"2015-09-07 01:34:34",,10.0,QR,공공자전거 대여소 정보(25.12월 기준).xlsx
120,신수동 사거리,마포구,서울특별시 마포구 토정로 211,37.54524231,126.93411255,"2015-09-07 01:34:59",,5.0,QR,공공자전거 대여소 정보(25.12월 기준).xlsx
121,마포소방서 앞,마포구,서울특별시 마포구 창전로 76,37.54976654,126.93317413,"2015-09-07 10:30:28",,15.0,QR,공공자전거 대여소 정보(25.12월 기준).xlsx
122,신성기사식당 앞,마포구,서울특별시 마포구 독막로 223-1,37.54745865,126.93837738,"2015-09-07 10:31:45",,10.0,QR,공공자전거 대여소 정보(25.12월 기준).xlsx
123,문화촌 공원,서대문구,서울특별시 서대문구 홍제동 277-23,37.59432983,126.9473877,"2015-09-07 10:32:24",,20.0,QR,공공자전거 대여소 정보(25.12월 기준).xlsx
124,서강대 정문 건너편,마포구,서울특별시 마포구 서강로16길 72,37.55113983,126.93698883,"2015-09-07 10:33:08",,35.0,QR,공공자전거 대여소 정보(25.12월 기준).xlsx
126,서강대 후문 옆,마포구,서울특별시 마포구 대흥로 122,37.55041122,126.94384766,"2015-09-07 10:34:51",,20.0,QR,공공자전거 대여소 정보(25.12월 기준).xlsx
127,현대벤처빌 앞,마포구,서울특별시 마포구 백범로 10,37.5535202,126.93695068,"2015-09-07 10:35:40",,9.0,QR,공공자전거 대여소 정보(25.12월 기준).xlsx
128,신촌역(2호선) 1번출구 옆,서대문구,서울특별시 서대문구 연세로 3-5,37.55549622,126.93634033,"2015-09-07 10:36:22",,20.0,QR,공공자전거 대여소 정보(25.12월 기준).xlsx
129,신촌역(2호선) 6번출구 옆,마포구,서울특별시 마포구 신촌로 106,37.55505371,126.93756866,"2015-09-07 10:37:04",,10.0,QR,공공자전거 대여소 정보(25.12월 기준).xlsx
130,신촌역(2호선) 7번출구 앞,마포구,서울특별시 마포구 신촌로 94,37.55485916,126.93615723,"2015-09-07 10:37:50",,10.0,QR,공공자전거 대여소 정보(25.12월 기준).xlsx
131,증산2교,서대문구,서울특별시 서대문구 증가로 264,37.5841713,126.91110229,"2015-09-07 10:40:56",,20.0,QR,공공자전거 대여소 정보(25.12월 기준).xlsx
133,해담는다리,서대문구,서울특별시 서대문구 불광천길 150,37.58203125,126.90899658,"2015-09-07 10:42:20",,15.0,QR,공공자전거 대여소 정보(25.12월 기준).xlsx
134,연세로 명물길,서대문구,서울특별시 서대문구 명물길 33,37.55789185,126.93807983,"2015-09-07 10:42:59",,8.0,QR,공공자전거 대여소 정보(25.12월 기준).xlsx
135,명물길 원형무대 앞,서대문구,서대문구 창천동 31-69,37.55922699,126.93984222,"2015-09-07 10:42:59",,10.0,QR,공공자전거 대여소 정보(25.12월 기준).xlsx
137,신촌기차역입구 교차로,서대문구,서울특별시 서대문구 연세로2다길 58,37.55681229,126.9431839,"2015-09-07 10:44:49",,10.0,QR,공공자전거 대여소 정보(25.12월 기준).xlsx
138,신촌동 제1공영주차장 앞,서대문구,서울특별시 서대문구 증가로 264,37.5591774,126.93452454,"2015-09-07 10:45:33",,10.0,QR,공공자전거 대여소 정보(25.12월 기준).xlsx
139,연세대 정문 건너편,서대문구,서울특별시 서대문구 연세로 42,37.55986404,126.93441772,"2015-09-07 10:48:10",,10.0,QR,공공자전거 대여소 정보(25.12월 기준).xlsx
140,이화여대 후문,서대문구,서울특별시 서대문구 연세로 50-1,37.560009,126.94073486,"2015-09-07 10:46:54",,22.0,QR,공공자전거 대여소 정보(25.12월 기준).xlsx
141,연대 대운동장 옆,서대문구,서울특별시 서대문구 연세로 50,37.56238174,126.93264771,"2015-09-07 10:44:49",,10.0,QR,공공자전거 대여소 정보(25.12월 기준).xlsx
142,아현역 4번출구 앞,마포구,서울특별시 마포구 아현동 329-15,37.55720139,126.95566559,"2016-06-29 12:00:00",11.0,,LCD,공공자전거 대여소 정보(25.12월 기준).xlsx
143,공덕역 2번출구,마포구,서울특별시 마포구 공덕동 257-88,37.54457855,126.9502182,"2016-06-29 12:00:00",9.0,,LCD,공공자전거 대여소 정보(25.12월 기준).xlsx
145,공덕역 5번출구,마포구,서울특별시 마포구 공덕동 237-9,37.54425049,126.95163727,"2016-06-29 12:00:00",9.0,,LCD,공공자전거 대여소 정보(25.12월 기준).xlsx
146,마포역 2번출구 뒤,마포구,서울특별시 마포구 도화동 555-2,37.53993607,126.94582367,"2016-06-29 12:00:00",12.0,,LCD,공공자전거 대여소 정보(25.12월 기준).xlsx
147,마포역 4번출구 뒤,마포구,서울특별시 마포구 도화동 292-29,37.53927231,126.94591522,"2016-06-29 12:00:00",,7.0,QR,공공자전거 대여소 정보(25.12월 기준).xlsx
148,용강동 주민센터 앞,마포구,서울특별시 마포구 용강동 234-1,37.54234695,126.94302368,"2016-06-29 12:00:00",,11.0,QR,공공자전거 대여소 정보(25.12월 기준).xlsx
150,서강대역 2번출구 앞,마포구,서울특별시 마포구 노고산동 112-13,37.55295563,126.93434143,"2016-06-29 12:00:00",,15.0,QR,공공자전거 대여소 정보(25.12월 기준).xlsx
153,성산2교 사거리,마포구,서울특별시 마포구 성산동 54-17,37.56469727,126.91261292,"2016-06-29 12:00:00",10.0,,LCD,공공자전거 대여소 정보(25.12월 기준).xlsx
154,마포구청역,마포구,서울특별시 마포구 망원동 477-23,37.56090927,126.90549469,"2016-06-29 12:00:00",13.0,,LCD,공공자전거 대여소 정보(25.12월 기준).xlsx
155,가좌역1 번출구 앞,마포구,서울특별시 마포구 성산동123-29,37.56829453,126.91504669,"2016-06-29 12:00:00",,15.0,QR,공공자전거 대여소 정보(25.12월 기준).xlsx
156,서울서부지방법원 앞,마포구,서울특별시 마포구 공덕동 105-11,37.54933167,126.95491791,"2016-06-29 12:00:00",,10.0,QR,공공자전거 대여소 정보(25.12월 기준).xlsx
157,애오개역 4번출구 앞,마포구,서울특별시 마포구 아현동 607-1,37.5530014,126.95668793,"2016-06-29 12:00:00",12.0,,LCD,공공자전거 대여소 정보(25.12월 기준).xlsx
159,이대역 4번 출구,서대문구,서울특별시 서대문구 대현동 60-11,37.55695343,126.94634247,"2016-06-29 12:00:00",,5.0,QR,공공자전거 대여소 정보(25.12월 기준).xlsx
160,북아현동 가구거리,서대문구,서울특별시 서대문구 북아현동 251-78,37.55754852,126.9593811,"2016-06-29 12:00:00",,13.0,QR,공공자전거 대여소 정보(25.12월 기준).xlsx
161,무악재역1번 출구,서대문구,서울특별시 서대문구 통일로 380-4,37.58224487,126.95064545,"2016-06-29 12:00:00",8.0,,LCD,공공자전거 대여소 정보(25.12월 기준).xlsx
162,봉원고가차도 밑,서대문구,서울특별시 서대문구 대신동 143-1,37.56526947,126.94624329,"2016-06-29 12:00:00",15.0,,LCD,공공자전거 대여소 정보(25.12월 기준).xlsx
163,명지전문대학교 정문 앞,서대문구,서울특별시 서대문구 홍은동 산25-3,37.58369827,126.9249649,"2016-06-29 12:00:00",,6.0,QR,공공자전거 대여소 정보(25.12월 기준).xlsx
164,북가좌1동 주민센터,서대문구,서울특별시 서대문구 북가좌동 477-1,37.57447815,126.91004944,"2016-06-29 12:00:00",,10.0,QR,공공자전거 대여소 정보(25.12월 기준).xlsx
165,중앙근린공원,서대문구,서울특별시 서대문구 북가좌동 470-1,37.57513809,126.91394043,"2016-06-29 12:00:00",20.0,,LCD,공공자전거 대여소 정보(25.12월 기준).xlsx
166,가재울 초등학교,서대문구,서울특별시 서대문구 연희동 530,37.57381821,126.91923523,"2016-06-29 12:00:00",20.0,,LCD,공공자전거 대여소 정보(25.12월 기준).xlsx
167,연가초등학교 옆,서대문구,서울특별시 서대문구 북가좌동 70-119,37.57946014,126.91712952,"2016-06-29 12:00:00",,15.0,QR,공공자전거 대여소 정보(25.12월 기준).xlsx
169,북가좌 삼거리,서대문구,서울특별시 서대문구 북가좌동 400,37.57300186,126.90779877,"2016-06-29 12:00:00",,10.0,QR,공공자전거 대여소 정보(25.12월 기준).xlsx
170,DMC파크뷰자이아파트 302동 앞,서대문구,서울특별시 서대문구 남가좌동 124,37.57311249,126.9224472,"2016-06-29 12:00:00",10.0,,LCD,공공자전거 대여소 정보(25.12월 기준).xlsx
171,임광빌딩 앞,서대문구,미근동 317-1,37.56472397,126.96727753,"2016-06-29 12:00:00",,10.0,QR,공공자전거 대여소 정보(25.12월 기준).xlsx
173,서대문역 8번출구 앞,서대문구,서울특별시 서대문구 충정로2가 138,37.56477737,126.96614838,"2016-06-29 12:00:00",8.0,,LCD,공공자전거 대여소 정보(25.12월 기준).xlsx
175,홍연2교옆,서대문구,서울특별시 서대문구 홍은동 387-16,37.57806778,126.93088531,"2016-06-29 12:00:00",20.0,,LCD,공공자전거 대여소 정보(25.12월 기준).xlsx
176,명지대학교 도서관,서대문구,서울특별시 서대문구 거북골로 34,37.58109665,126.92402649,"2017-04-24 14:15:54",10.0,,LCD,공공자전거 대여소 정보(25.12월 기준).xlsx
177,북가좌 초등학교,서대문구,서울특별시 서대문구 거북골로19길 20,37.57767487,126.9098053,"2016-07-06 12:00:00",8.0,,LCD,공공자전거 대여소 정보(25.12월 기준).xlsx
178,증산3교 앞,서대문구,서울특별시 서대문구 북가좌동 352-9,37.57987595,126.90634918,"2016-07-06 12:00:00",10.0,,LCD,공공자전거 대여소 정보(25.12월 기준).xlsx
179,가좌역 4번출구 앞,서대문구,서울특별시 서대문구 남가좌동 293-3,37.56877518,126.91529846,"2016-06-29 12:00:00",,14.0,QR,공공자전거 대여소 정보(25.12월 기준).xlsx
180,충정로역 7번출구 아래,서대문구,서울특별시 서대문구 충정로3가 56-1,37.55996704,126.96246338,"2016-06-29 12:00:00",10.0,,LCD,공공자전거 대여소 정보(25.12월 기준).xlsx
181,망원초록길 입구,마포구,서울특별시 마포구 마포나루길 467,37.55134201,126.90267181,"2016-07-06 12:00:00",15.0,,LCD,공공자전거 대여소 정보(25.12월 기준).xlsx
182,망원2빗물펌프장 앞,마포구,서울특별시?마포구?동교로?8,37.5513649,126.90306091,"2016-07-06 12:00:00",,9.0,QR,공공자전거 대여소 정보(25.12월 기준).xlsx
183,하늘채코오롱아파트 건너편,마포구,서울특별시 마포구 연남로 30,37.56516647,126.91939545,"2016-07-06 12:00:00",15.0,,LCD,공공자전거 대여소 정보(25.12월 기준).xlsx
184,"7번가피자 서교망원점",마포구,서울특별시 마포구 월드컵로 119,37.55894852,126.90775299,"2016-07-06 12:00:00",,9.0,QR,공공자전거 대여소 정보(25.12월 기준).xlsx
185,마포 신수공원 앞,마포구,서울특별시 마포구 현석동 106-32,37.54254532,126.93429565,"2016-07-06 12:00:00",,15.0,QR,공공자전거 대여소 정보(25.12월 기준).xlsx
186,월드컵공원,마포구,서울특별시 마포구 하늘공원로 108-1,37.56396484,126.89820862,"2016-07-06 12:00:00",,40.0,QR,공공자전거 대여소 정보(25.12월 기준).xlsx
188,홍은동 정원여중 입구,서대문구,서울특별시 서대문구 연희로37안길 51,37.58638763,126.93512726,"2016-07-06 12:00:00",,9.0,QR,공공자전거 대여소 정보(25.12월 기준).xlsx
191,서우빌딩,서대문구,서울특별시 서대문구 응암로 66,37.57889175,126.91073608,"2016-07-06 12:00:00",10.0,,LCD,공공자전거 대여소 정보(25.12월 기준).xlsx
192,연서어린이공원,서대문구,서울특별시 서대문구 연희동 519-7,37.57222748,126.92306519,"2016-07-06 12:00:00",,10.0,QR,공공자전거 대여소 정보(25.12월 기준).xlsx
194,증산교 앞,서대문구,서울특별시 서대문구 불광천길 36,37.57731628,126.90296936,"2016-07-06 12:00:00",,10.0,QR,공공자전거 대여소 정보(25.12월 기준).xlsx
195,모래내고가차도,서대문구,서울특별시 서대문구 연희동 446-76,37.56765747,126.91780853,"2016-07-06 12:00:00",10.0,,LCD,공공자전거 대여소 정보(25.12월 기준).xlsx
196,연희교차로 인근,서대문구,서울특별시 서대문구 홍제천로 48,37.56612015,126.92589569,"2016-07-06 12:00:00",,10.0,QR,공공자전거 대여소 정보(25.12월 기준).xlsx
198,충정2교,서대문구,서울특별시 서대문구 충정로3가 155-4,37.5621376,126.96377563,"2016-07-06 12:00:00",,15.0,QR,공공자전거 대여소 정보(25.12월 기준).xlsx
199,서울 월드컵 경기장,마포구,서울특별시 마포구 성산동 515,37.56684494,126.89644623,"2016-09-02 11:00:00",,30.0,QR,공공자전거 대여소 정보(25.12월 기준).xlsx
200,국회의원회관,영등포구,서울특별시 영등포구 의사당대로 1,37.52841568,126.91391754,"2015-09-11 21:07:57",,18.0,QR,공공자전거 대여소 정보(25.12월 기준).xlsx
201,진미파라곤 앞,영등포구,서울특별시 영등포구 국회대로76길 10,37.53123856,126.92133331,"2015-09-11 21:17:19",,15.0,QR,공공자전거 대여소 정보(25.12월 기준).xlsx
202,국민일보 앞,영등포구,서울특별시 영등포구 여의공원로 101,37.52881622,126.92453003,"2015-09-11 21:20:08",,30.0,QR,공공자전거 대여소 정보(25.12월 기준).xlsx
203,국회의사당역 3번출구 옆,영등포구,서울특별시 영등포구 국회대로 지하758,37.5280571,126.91870117,"2015-09-17 15:07:26",,15.0,QR,공공자전거 대여소 정보(25.12월 기준).xlsx
204,국회의사당역 5번출구 옆,영등포구,서울특별시 영등포구 의사당대로 8,37.52816391,126.91702271,"2015-09-17 15:06:33",,13.0,QR,공공자전거 대여소 정보(25.12월 기준).xlsx
205,산업은행 앞,영등포구,서울특별시 영등포구 의사당대로 97,37.52626419,126.92050934,"2015-09-17 15:08:00",,20.0,QR,공공자전거 대여소 정보(25.12월 기준).xlsx
206,KBS 앞,영등포구,서울특별시 영등포구 여의공원로 13,37.52466583,126.91802216,"2015-09-17 15:09:17",,35.0,QR,공공자전거 대여소 정보(25.12월 기준).xlsx
207,여의나루역 1번출구 앞,영등포구,서울특별시 영등포구 여의동로 지하343,37.52715683,126.93190002,"2015-09-17 15:33:18",,46.0,QR,공공자전거 대여소 정보(25.12월 기준).xlsx
209,유진투자증권빌딩 앞,영등포구,서울특별시 영등포구 국제금융로 24,37.52461243,126.92783356,"2015-09-17 15:10:43",,12.0,QR,공공자전거 대여소 정보(25.12월 기준).xlsx
211,여의도역 4번출구 옆,영등포구,서울특별시 영등포구 국회대로68길 7,37.52222824,126.92463684,"2015-09-17 15:12:14",13.0,,LCD,공공자전거 대여소 정보(25.12월 기준).xlsx
212,여의도역 1번출구 옆,영등포구,서울특별시 영등포구 의사당대로 88,37.5213623,126.92346191,"2015-09-17 15:12:54",10.0,,LCD,공공자전거 대여소 정보(25.12월 기준).xlsx
213,KT앞,영등포구,서울특별시 영등포구 여의대로 38,37.52190781,126.91895294,"2015-09-17 15:13:35",,19.0,QR,공공자전거 대여소 정보(25.12월 기준).xlsx
214,금융감독원 앞,영등포구,서울특별시 영등포구 여의대로 38,37.5230217,126.9208374,"2015-09-17 15:14:52",,21.0,QR,공공자전거 대여소 정보(25.12월 기준).xlsx
215,여의도고교 앞,영등포구,서울특별시 영등포구 국제금융로7길 37,37.52483749,126.93490601,"2015-09-17 00:00:00",,10.0,QR,공공자전거 대여소 정보(25.12월 기준).xlsx
217,NH농협은행 앞,영등포구,서울특별시 영등포구 국제금융로8길 2,37.52207947,126.93036652,"2015-09-17 15:20:13",,15.0,QR,공공자전거 대여소 정보(25.12월 기준).xlsx
219,롯데캐슬엠파이어 옆,영등포구,서울특별시 영등포구 의사당대로 127,37.52069473,126.92583466,"2015-09-17 00:00:00",,12.0,QR,공공자전거 대여소 정보(25.12월 기준).xlsx
220,미성아파트 A동 앞,영등포구,서울특별시 영등포구 의사당대로 110,37.5193634,126.92604828,"2015-09-17 15:18:07",,30.0,QR,공공자전거 대여소 정보(25.12월 기준).xlsx
221,여의도초교 앞,영등포구,서울특별시 영등포구 여의대방로 439,37.52267456,126.93778992,"2015-09-17 15:20:40",,10.0,QR,공공자전거 대여소 정보(25.12월 기준).xlsx
222,시범아파트버스정류장 옆,영등포구,서울특별시 영등포구 63로 45,37.51902008,126.93688965,"2015-09-17 15:21:19",,12.0,QR,공공자전거 대여소 정보(25.12월 기준).xlsx
223,진주아파트상가 앞,영등포구,서울특별시 영등포구 국제금융로 108-6,37.51913071,126.9333725,"2015-09-17 15:21:48",,20.0,QR,공공자전거 대여소 정보(25.12월 기준).xlsx
224,롯데캐슬 앞,영등포구,서울특별시 영등포구 국제금융로 86,37.5200882,126.93236542,"2015-09-17 15:22:58",,20.0,QR,공공자전거 대여소 정보(25.12월 기준).xlsx
225,앙카라공원 앞,영등포구,서울특별시 영등포구 의사당대로 지하166,37.51758575,126.92961884,"2015-09-17 15:23:58",,26.0,QR,공공자전거 대여소 정보(25.12월 기준).xlsx
226,샛강역 1번출구 앞,영등포구,서울특별시 영등포구 의사당대로 지하166,37.51776505,126.92841339,"2015-09-17 15:24:42",,19.0,QR,공공자전거 대여소 정보(25.12월 기준).xlsx
227,양평2나들목 보행통로 입구,영등포구,서울특별시 영등포구 양화동 17-4,37.54466629,126.88835907,"2016-06-29 12:00:00",,20.0,QR,공공자전거 대여소 정보(25.12월 기준).xlsx
228,선유도역 3번출구 앞,영등포구,서울특별시 영등포구 양평동4가 202-1,37.53845978,126.89450836,"2016-06-29 12:00:00",,10.0,QR,공공자전거 대여소 정보(25.12월 기준).xlsx
229,양평1 보행육교 앞,영등포구,서울특별시 영등포구 양평동4가 20-4,37.53587341,126.8921814,"2016-06-29 12:00:00",25.0,,LCD,공공자전거 대여소 정보(25.12월 기준).xlsx
230,영등포구청역 1번출구,영등포구,서울특별시 영등포구 당산로 111-2,37.52463531,126.89621735,"2016-07-06 12:00:00",,13.0,QR,공공자전거 대여소 정보(25.12월 기준).xlsx
231,남부고용노동지청 남측,영등포구,서울특별시 영등포구 양평동1가 115-2,37.52450562,126.89182281,"2016-06-29 12:00:00",10.0,,LCD,공공자전거 대여소 정보(25.12월 기준).xlsx
232,양평우림 이비즈센타 앞,영등포구,서울특별시 영등포구 양평동3가 14-1,37.52565002,126.88781738,"2016-06-29 12:00:00",20.0,,LCD,공공자전거 대여소 정보(25.12월 기준).xlsx
233,양평1동 YP센터 앞,영등포구,서울특별시 영등포구 양평동3가 60-1,37.52848816,126.89164734,"2016-06-29 12:00:00",10.0,,LCD,공공자전거 대여소 정보(25.12월 기준).xlsx
235,신길동 우리은행 옆,영등포구,서울특별시 영등포구 신길동 250-4,37.50456619,126.91023254,"2016-06-29 12:00:00",10.0,,LCD,공공자전거 대여소 정보(25.12월 기준).xlsx
236,문래동자이아파트 앞,영등포구,서울특별시 영등포구 문래동3가 68-1,37.51615524,126.89461517,"2016-06-29 12:00:00",10.0,,LCD,공공자전거 대여소 정보(25.12월 기준).xlsx
237,보라매 두산위브 건너편,동작구,동작구 여의대방로 74,37.49651337,126.91480255,"2016-06-29 12:00:00",,20.0,QR,공공자전거 대여소 정보(25.12월 기준).xlsx
238,제2구민체육센타 앞,영등포구,서울특별시 영등포구 당산동4가 96-2,37.52638626,126.90275574,"2016-06-29 12:00:00",10.0,,LCD,공공자전거 대여소 정보(25.12월 기준).xlsx
239,유스호스텔 앞,영등포구,서울특별시 영등포구 영등포동7가 58-2,37.5258522,126.90328217,"2016-06-29 12:00:00",20.0,,LCD,공공자전거 대여소 정보(25.12월 기준).xlsx
240,문래역 4번출구 앞,영등포구,서울특별시 영등포구 문래동3가 55-12,37.51873779,126.89557648,"2016-06-29 12:00:00",10.0,,LCD,공공자전거 대여소 정보(25.12월 기준).xlsx
241,신길우성1차아파트 앞 공원,영등포구,서울특별시 영등포구 도림동 255-2,37.50501633,126.89853668,"2016-06-29 12:00:00",,10.0,QR,공공자전거 대여소 정보(25.12월 기준).xlsx
242,신길선원가와인아파트 앞,영등포구,서울특별시 영등포구 신길동 215-28,37.51093292,126.91022491,"2016-06-29 12:00:00",15.0,,LCD,공공자전거 대여소 정보(25.12월 기준).xlsx
243,이앤씨드림타워 앞,영등포구,서울특별시 영등포구 양평동3가 48-1,37.52708435,126.89138031,"2016-06-29 12:00:00",15.0,,LCD,공공자전거 대여소 정보(25.12월 기준).xlsx
244,영등포삼환아파트 앞,영등포구,서울특별시 영등포구 영등포동8가 82-4,37.53007889,126.90570831,"2016-06-29 12:00:00",20.0,,LCD,공공자전거 대여소 정보(25.12월 기준).xlsx
245,삼성생명 당산사옥 앞,영등포구,서울특별시 영등포구 당산동4가 35-24,37.52826309,126.89662933,"2016-06-29 12:00:00",14.0,,LCD,공공자전거 대여소 정보(25.12월 기준).xlsx
247,당산역 10번출구 앞,영등포구,서울특별시 영등포구 당산동5가 14-4,37.53342056,126.90223694,"2016-06-29 12:00:00",,14.0,QR,공공자전거 대여소 정보(25.12월 기준).xlsx
248,초원아파트 앞,영등포구,서울특별시 영등포구 여의도동8-13,37.53105545,126.92420959,"2016-06-29 12:00:00",10.0,,LCD,공공자전거 대여소 정보(25.12월 기준).xlsx
249,여의도중학교 옆,영등포구,서울특별시 영등포구 여의도동 8,37.52434921,126.93611908,"2016-06-29 12:00:00",,16.0,QR,공공자전거 대여소 정보(25.12월 기준).xlsx
250,대림아파트 사거리,영등포구,서울특별시 영등포구 신길동 249,37.50764084,126.92308044,"2016-06-29 12:00:00",10.0,,LCD,공공자전거 대여소 정보(25.12월 기준).xlsx
251,서울지방병무청 버스정류장,영등포구,서울특별시 영등포구 신길동853,37.50449371,126.92195129,"2016-06-29 12:00:00",,10.0,QR,공공자전거 대여소 정보(25.12월 기준).xlsx
252,보라매역4번출구,영등포구,서울특별시 영등포구 신길동4884,37.49982834,126.91994476,"2016-06-29 12:00:00",,10.0,QR,공공자전거 대여소 정보(25.12월 기준).xlsx
253,신풍역 5번출구 인근,영등포구,서울특별시 영등포구 신길동3596,37.5006485,126.90951538,"2016-06-29 12:00:00",10.0,,LCD,공공자전거 대여소 정보(25.12월 기준).xlsx
254,도림신협 앞,영등포구,서울특별시 영등포구 신길동263-76,37.50380325,126.90341949,"2016-06-29 12:00:00",10.0,,LCD,공공자전거 대여소 정보(25.12월 기준).xlsx
255,도림사거리,영등포구,서울특별시 영등포구 신길동373-1,37.50657272,126.90113068,"2016-06-29 12:00:00",15.0,,LCD,공공자전거 대여소 정보(25.12월 기준).xlsx
256,동아에코빌입구,영등포구,서울특별시 영등포구 도림동 159-70,37.50947571,126.89929962,"2016-06-29 12:00:00",10.0,,LCD,공공자전거 대여소 정보(25.12월 기준).xlsx
258,신길역3번출구,영등포구,서울특별시 영등포구 영등포동1가35,37.51769257,126.91429901,"2016-06-29 12:00:00",,14.0,QR,공공자전거 대여소 정보(25.12월 기준).xlsx
259,대방역6번출구,영등포구,서울특별시 영등포구 신길동1368,37.51359177,126.92593384,"2016-06-29 12:00:00",,17.0,QR,공공자전거 대여소 정보(25.12월 기준).xlsx
260,여의도 마리나선착장 앞,영등포구,서울특별시 영등포구 여의서로 160,37.53365707,126.91216278,"2016-07-06 12:00:00",15.0,,LCD,공공자전거 대여소 정보(25.12월 기준).xlsx
263,근로자회관 사거리,영등포구,서울특별시 영등포구 선유로 34,37.51715088,126.8886261,"2016-07-06 12:00:00",,12.0,QR,공공자전거 대여소 정보(25.12월 기준).xlsx
264,교보생명보험 앞,영등포구,서울특별시 영등포구 영등포로 96,37.52193069,126.89161682,"2016-07-06 12:00:00",,15.0,QR,공공자전거 대여소 정보(25.12월 기준).xlsx
265,영등포유통상가 사거리,영등포구,서울특별시 영등포구 영등포로 124,37.52113342,126.89653778,"2016-07-06 12:00:00",,11.0,QR,공공자전거 대여소 정보(25.12월 기준).xlsx
266,영등포청과시장 사거리,영등포구,서울특별시 영등포구 영등포로 177,37.52029419,126.90119171,"2016-07-06 12:00:00",,10.0,QR,공공자전거 대여소 정보(25.12월 기준).xlsx
267,삼성화재 사옥 옆,영등포구,서울특별시 영등포구 양평로 76,37.53596115,126.89830017,"2016-07-06 12:00:00",,10.0,QR,공공자전거 대여소 정보(25.12월 기준).xlsx
268,그랜드컨벤션센터 앞,영등포구,서울특별시 영등포구 양평로 58,37.53471756,126.90000153,"2016-07-06 12:00:00",6.0,,LCD,공공자전거 대여소 정보(25.12월 기준).xlsx
270,증권거래소후문교차로,영등포구,서울특별시 영등포구 여의나루로 76,37.52234268,126.92710114,"2016-07-06 12:00:00",,10.0,QR,공공자전거 대여소 정보(25.12월 기준).xlsx
271,샛강생태공원방문자센터 앞,영등포구,서울특별시 영등포구 여의동로 48,37.51896286,126.9216156,"2016-07-06 12:00:00",10.0,,LCD,공공자전거 대여소 정보(25.12월 기준).xlsx
272,당산육갑문,영등포구,서울특별시 영등포구 당산로52길 3,37.53533936,126.90367889,"2016-07-06 12:00:00",20.0,,LCD,공공자전거 대여소 정보(25.12월 기준).xlsx
275,신동아아파트,영등포구,서울특별시 영등포구 선유서로 76,37.52269745,126.88568115,"2017-11-28 11:53:04",10.0,,LCD,공공자전거 대여소 정보(25.12월 기준).xlsx
276,영등포로터리2,영등포구,서울특별시 영등포구 경인로112길 1,37.51828384,126.9126358,"2017-11-28 11:53:53",10.0,,LCD,공공자전거 대여소 정보(25.12월 기준).xlsx
278,쌍용플레티넘오피스텔,영등포구,서울특별시 영등포구 도영로 18,37.50793076,126.89523315,"2017-11-28 11:55:19",,10.0,QR,공공자전거 대여소 정보(25.12월 기준).xlsx
279,영등포 푸르지오 아파트 B,영등포구,서울특별시 영등포구 도신로29길 28,37.51322937,126.90446472,"2017-12-22 14:36:29",,15.0,QR,공공자전거 대여소 정보(25.12월 기준).xlsx
280,양평동6차현대아파트 앞,영등포구,양평동 3가 80-9,37.53210068,126.8944397,"2018-09-28 00:00:00",10.0,,LCD,공공자전거 대여소 정보(25.12월 기준).xlsx
281,대림신동아아파트 앞,영등포구,가마산로 311 앞 복개천 보도,37.49824142,126.89398193,"2018-09-28 00:00:00",8.0,,LCD,공공자전거 대여소 정보(25.12월 기준).xlsx
282,신한은행 대림동지점,영등포구,시흥대로 617,37.48752975,126.90487671,"2018-09-28 00:00:00",10.0,,LCD,공공자전거 대여소 정보(25.12월 기준).xlsx
283,아크로타워 스퀘어(영등포시장),영등포구,영등포구 영등포동7가 3-2,37.52251816,126.90721893,"2018-09-28 00:00:00",15.0,,LCD,공공자전거 대여소 정보(25.12월 기준).xlsx
284,센트럴 푸르지오 시티 앞,영등포구,문래로 180,37.51821136,126.90222931,"2018-09-28 00:00:00",16.0,,LCD,공공자전거 대여소 정보(25.12월 기준).xlsx
285,콤텍시스템 앞,영등포구,가마산로 343,37.49985886,126.89723969,"2018-09-28 00:00:00",14.0,,LCD,공공자전거 대여소 정보(25.12월 기준).xlsx
286,우성아파트 교차로,영등포구,대림로 153,37.49457169,126.89974976,"2018-09-28 00:00:00",12.0,,LCD,공공자전거 대여소 정보(25.12월 기준).xlsx
287,영등포전화국사거리 (서강어린이공원),영등포구,영등포동8가 29-1,37.52576828,126.90573883,"2018-09-28 00:00:00",10.0,,LCD,공공자전거 대여소 정보(25.12월 기준).xlsx
288,쌍용예가(구청별관),영등포구,당산로31길 32 서측(구청별관 주변),37.52809906,126.89338684,"2018-12-06 00:00:00",10.0,,LCD,공공자전거 대여소 정보(25.12월 기준).xlsx
289,대림3동사거리,영등포구,가마산로 352 커피베이 앞,37.49980927,126.89800262,"2018-11-21 00:00:00",10.0,,LCD,공공자전거 대여소 정보(25.12월 기준).xlsx
290,새말소공원,영등포구,영등포구 당산동4가 89-1,37.5315094,126.89782715,"2018-12-04 00:00:00",12.0,,LCD,공공자전거 대여소 정보(25.12월 기준).xlsx
291,문래동 하이테크 시티,영등포구,영등포구 문래동3가 55-21,37.51412964,126.89939117,"2018-11-21 00:00:00",14.0,,LCD,공공자전거 대여소 정보(25.12월 기준).xlsx
292,영일 어린이공원,영등포구,영등포구 영등포동 647-3,37.51012039,126.90406799,"2018-11-21 00:00:00",10.0,,LCD,공공자전거 대여소 정보(25.12월 기준).xlsx
293,충북 미래관,영등포구,영등포구 당산동 121-258,37.52917099,126.90757751,"2018-12-04 00:00:00",15.0,,LCD,공공자전거 대여소 정보(25.12월 기준).xlsx
295,영등포공원 분수대 앞,영등포구,영등포구 신길로 275,37.51481247,126.91170502,"2020-03-04 00:00:00",,10.0,QR,공공자전거 대여소 정보(25.12월 기준).xlsx
296,KT플라자 영등포점,영등포구,영등포구 영중로 119,37.52630234,126.90538025,"2020-03-05 00:00:00",,20.0,QR,공공자전거 대여소 정보(25.12월 기준).xlsx
297,국회3문,영등포구,영등포구 여의동로 330,37.52863693,126.91267395,"2020-03-06 00:00:00",,10.0,QR,공공자전거 대여소 정보(25.12월 기준).xlsx
298,KBS 연구동 건너편,영등포구,영등포구 여의도동 1-877,37.52750778,126.91429901,"2020-03-05 00:00:00",,25.0,QR,공공자전거 대여소 정보(25.12월 기준).xlsx
299,여의도 순복음교회,영등포구,영등포구 여의도동 8,37.53179169,126.92245483,"2020-03-06 00:00:00",,10.0,QR,공공자전거 대여소 정보(25.12월 기준).xlsx
300,정동사거리,중구,서울특별시 중구 정동길 2-1 정동사거리,37.56805038,126.96923065,"2015-10-07 00:00:00",,6.0,QR,공공자전거 대여소 정보(25.12월 기준).xlsx
301,경복궁역 7번출구 앞,종로구,서울특별시 종로구 사직로 지하130 경복궁역 7번출구 앞,37.57579422,126.97145081,"2015-10-07 12:03:46",,20.0,QR,공공자전거 대여소 정보(25.12월 기준).xlsx
302,경복궁역 4번출구 뒤,종로구,서울특별시 종로구 사직로 지하130 경복궁역 4번출구 뒤,37.57594681,126.97406006,"2015-10-07 12:04:22",,12.0,QR,공공자전거 대여소 정보(25.12월 기준).xlsx
303,광화문역 1번출구 앞,종로구,서울특별시 종로구 세종대로 지하189 세종로공원,37.57176971,126.97466278,"2015-10-07 00:00:00",,8.0,QR,공공자전거 대여소 정보(25.12월 기준).xlsx
305,종로구청 옆,종로구,서울특별시 종로구 세종로 84-1,37.57255936,126.97833252,"2015-01-07 00:00:00",,16.0,QR,공공자전거 대여소 정보(25.12월 기준).xlsx
307,서울역사박물관 앞,종로구,서울특별시 종로구 새문안로 55 서울역사박물관 앞,37.56999969,126.97109985,"2015-10-07 12:09:09",,11.0,QR,공공자전거 대여소 정보(25.12월 기준).xlsx
308,광화문 S타워 앞,종로구,서울특별시 종로구 새문안로 82 광화문S타워 앞,37.56996918,126.97393799,"2015-10-07 12:09:58",,31.0,QR,공공자전거 대여소 정보(25.12월 기준).xlsx
309,광화문역 6번출구 옆 B,종로구,서울특별시 종로구 새문안로 102-2 가로판매대,37.56996155,126.97615814,"2015-10-07 00:00:00",,13.0,QR,공공자전거 대여소 정보(25.12월 기준).xlsx
310,청계광장 옆,중구,서울특별시 중구 세종대로 136 청계광장 옆,37.56887817,126.9774704,"2015-10-07 12:11:15",,8.0,QR,공공자전거 대여소 정보(25.12월 기준).xlsx
314,국립현대미술관,종로구,서울특별시 종로구 삼청로 30 국립현대미술관 서울관,37.5797081,126.98085785,"2015-10-07 12:13:37",,10.0,QR,공공자전거 대여소 정보(25.12월 기준).xlsx
316,종각역 1번출구 앞,종로구,서울특별시 종로구 종로 47 종각역 1번출구 앞,37.57039642,126.98178864,"2015-10-07 00:00:00",,8.0,QR,공공자전거 대여소 정보(25.12월 기준).xlsx
318,광교사거리 남측,중구,서울특별시 중구 남대문로 125 DGB금융센터,37.56863403,126.98231506,"2015-10-07 12:16:35",,10.0,QR,공공자전거 대여소 정보(25.12월 기준).xlsx
320,을지로입구역 4번출구 앞,중구,서울특별시 중구 을지로 55 명동금융센터 앞,37.56622314,126.98358917,"2015-10-07 12:18:35",,17.0,QR,공공자전거 대여소 정보(25.12월 기준).xlsx
321,KEB 하나금융그룹 명동사옥 옆,중구,서울특별시 중구 을지로 66 한국외환은행 본점 앞,37.56546402,126.98413849,"2015-10-07 12:19:23",,15.0,QR,공공자전거 대여소 정보(25.12월 기준).xlsx
322,명동성당 앞,중구,서울특별시 중구 명동길 74 명동성당 앞,37.56447601,126.98696899,"2015-10-07 12:19:51",,10.0,QR,공공자전거 대여소 정보(25.12월 기준).xlsx
324,신세계백화점 본점 앞,중구,서울특별시 중구 충무로1가 53-6,37.56143188,126.98069763,"2015-10-07 12:21:14",,8.0,QR,공공자전거 대여소 정보(25.12월 기준).xlsx
326,안국역 5번출구 앞,종로구,서울특별시 종로구 율곡로 지하62 안국역 5번출구 앞,37.57624054,126.98616028,"2015-10-07 12:22:14",,15.0,QR,공공자전거 대여소 정보(25.12월 기준).xlsx
327,낙원상가 옆,종로구,서울특별시 종로구 삼일대로 428 낙원상가 옆,37.57335663,126.9874649,"2015-10-07 00:00:00",,10.0,QR,공공자전거 대여소 정보(25.12월 기준).xlsx
328,탑골공원 앞,종로구,서울특별시 종로구 종로 99 탑골공원 앞,37.57039642,126.9881897,"2015-10-07 12:23:33",,11.0,QR,공공자전거 대여소 정보(25.12월 기준).xlsx
329,청계2가 사거리 옆,종로구,서울특별시 종로구 청계천로 93 파고다타워,37.56848526,126.98788452,"2015-10-07 12:24:36",,8.0,QR,공공자전거 대여소 정보(25.12월 기준).xlsx
331,을지로2가 사거리 북측,중구,서울특별시 중구 을지로 79 을지로2가 사거리 북측,37.56638336,126.98720551,"2015-10-07 00:00:00",,10.0,QR,공공자전거 대여소 정보(25.12월 기준).xlsx
332,을지로2가 사거리 남측,중구,서울특별시 중구 을지로 100 을지로2가 사거리 남측,37.56599045,126.98779297,"2015-10-07 12:25:45",,5.0,QR,공공자전거 대여소 정보(25.12월 기준).xlsx
334,종로3가역 2번출구 뒤,종로구,서울특별시 종로구 종로 지하129 종로3가역 2번출구 뒤,37.5705986,126.99179077,"2015-10-07 12:27:34",,10.0,QR,공공자전거 대여소 정보(25.12월 기준).xlsx
335,종로3가역 15번출구 앞,종로구,서울특별시 종로구 종로 지하129 15번출구 앞,37.57019424,126.99165344,"2015-10-07 00:00:00",,10.0,QR,공공자전거 대여소 정보(25.12월 기준).xlsx
336,충무로역 6번출구 앞,중구,서울특별시 중구 퇴계로 214 충무로역 3.4호선,37.56144714,126.99311066,"2015-10-07 00:00:00",,8.0,QR,공공자전거 대여소 정보(25.12월 기준).xlsx
337,창경궁 입구,종로구,서울특별시 종로구 창경궁로 185 창경궁 입구,37.57897949,126.99647522,"2015-10-07 12:29:40",,5.0,QR,공공자전거 대여소 정보(25.12월 기준).xlsx
338,세운스퀘어 앞,종로구,서울특별시 종로구 창경궁로 109 세운스퀘어 앞,37.57095718,126.99712372,"2015-10-07 12:30:12",,18.0,QR,공공자전거 대여소 정보(25.12월 기준).xlsx
339,종로4가 사거리,종로구,서울특별시 종로구 종로 185 종로4가 사거리,37.57106781,126.99819183,"2015-10-07 12:30:44",,10.0,QR,공공자전거 대여소 정보(25.12월 기준).xlsx
340,혜화동 로터리,종로구,서울특별시 종로구 창경궁로 271-1 혜화동 로터리,37.58562851,127.00067902,"2015-10-07 00:00:00",,8.0,QR,공공자전거 대여소 정보(25.12월 기준).xlsx
341,혜화역 3번출구 뒤,종로구,서울특별시 종로구 대학로 지하120 혜화역 3번출구 뒤,37.58156967,127.00178528,"2015-10-07 00:00:00",,8.0,QR,공공자전거 대여소 정보(25.12월 기준).xlsx
342,대학로 마로니에공원,종로구,서울특별시 종로구 대학로 104 대학로 마로니에공원,37.57978439,127.00253296,"2015-10-07 12:33:32",,22.0,QR,공공자전거 대여소 정보(25.12월 기준).xlsx
343,힐스테이트창경궁 아파트 앞,종로구,서울특별시 종로구 충신동 60,37.57561111,127.00469971,"2015-10-07 12:34:08",,6.0,QR,공공자전거 대여소 정보(25.12월 기준).xlsx
344,성균관대 E하우스 앞,종로구,서울특별시 종로구 율곡로 259 성균관대 E하우스 앞,37.57419968,127.0065918,"2015-10-07 12:34:49",,10.0,QR,공공자전거 대여소 정보(25.12월 기준).xlsx
345,서울보증보험본사 앞,종로구,서울특별시 종로구 김상옥로 29 서울보증보험본사 앞,37.57330704,127.00070953,"2015-10-07 12:35:48",,18.0,QR,공공자전거 대여소 정보(25.12월 기준).xlsx
346,맥스타일 앞,중구,서울특별시 중구 마장로 3 맥스타일,37.56918335,127.00988007,"2015-10-07 00:00:00",,10.0,QR,공공자전거 대여소 정보(25.12월 기준).xlsx
347,동대문역사문화공원역 9번출구 앞,중구,서울특별시 중구 장충단로 지하230 동대문역사문화공원역 9번출구 앞,37.56533051,127.00784302,"2015-10-07 12:37:16",,18.0,QR,공공자전거 대여소 정보(25.12월 기준).xlsx
348,독립문역 사거리,종로구,서울특별시 종로구 교북동 10-1 독립문역 사거리,37.57202911,126.96078491,"2016-06-01 14:30:00",14.0,,LCD,공공자전거 대여소 정보(25.12월 기준).xlsx
349,어린이도서관,종로구,서울특별시 종로구 사직로9길 5 사직동주민센터,37.57633209,126.96858978,"2016-06-01 14:30:00",5.0,,LCD,공공자전거 대여소 정보(25.12월 기준).xlsx
351,청운초교 앞 삼거리,종로구,서울특별시 종로구 청운동 108-22 청운초교 앞 삼거리,37.58496857,126.97041321,"2016-06-01 14:30:00",5.0,,LCD,공공자전거 대여소 정보(25.12월 기준).xlsx
352,중앙고입구 삼거리,종로구,서울특별시 종로구 창덕궁길 191 중앙고입구 삼거리,37.58341599,126.98523712,"2016-06-01 14:30:00",10.0,,LCD,공공자전거 대여소 정보(25.12월 기준).xlsx
353,재동초교 앞 삼거리,종로구,서울특별시 종로구 재동 19 재동초교 앞 삼거리,37.57938766,126.9849472,"2016-06-01 14:30:00",8.0,,LCD,공공자전거 대여소 정보(25.12월 기준).xlsx
354,포르투갈 대사관 앞,종로구,서울특별시 종로구 창덕궁1길 3 포르투갈 대사관 앞,37.57915497,126.98896027,"2016-06-01 14:30:00",,10.0,QR,공공자전거 대여소 정보(25.12월 기준).xlsx
355,서울사대부설초등학교 앞,종로구,서울특별시 종로구 연건동 178-3 서울사대부속초교 앞,37.57650757,127.00245667,"2016-06-01 14:30:00",,15.0,QR,공공자전거 대여소 정보(25.12월 기준).xlsx
356,KT혜화지사 앞,종로구,서울특별시 종로구 대학로 65 KT혜화지사 앞,37.57714462,127.00205994,"2016-06-01 14:30:00",,15.0,QR,공공자전거 대여소 정보(25.12월 기준).xlsx
358,성균관대입구 사거리 A,종로구,서울특별시 종로구 창경궁로 234 성대입구 사거리,37.58250046,126.99853516,"2016-06-01 14:30:00",,13.0,QR,공공자전거 대여소 정보(25.12월 기준).xlsx
359,원남동사거리,종로구,서울특별시 종로구 율곡로 169 원남동사거리,37.57606125,126.99768066,"2016-06-01 14:30:00",8.0,,LCD,공공자전거 대여소 정보(25.12월 기준).xlsx
361,동묘앞역 1번출구 뒤,종로구,서울특별시 종로구 숭인동 81-39 동묘앞역 1번출구 뒤,37.57324219,127.01590729,"2016-06-01 14:30:00",10.0,,LCD,공공자전거 대여소 정보(25.12월 기준).xlsx
362,청계8가 사거리 A,종로구,서울특별시 종로구 청계천로 407 청계8가 사거리,37.57219696,127.02304077,"2016-06-01 14:30:00",10.0,,LCD,공공자전거 대여소 정보(25.12월 기준).xlsx
363,신설동역 11번출구 뒤,종로구,서울특별시 종로구 종로 411-3 가로판매,37.57559204,127.02285004,"2016-06-01 14:30:00",13.0,,LCD,공공자전거 대여소 정보(25.12월 기준).xlsx
364,창신역 1번출구 앞,종로구,서울특별시 종로구 지봉로 87 창신역 1번출구 앞,37.57933426,127.01508331,"2016-06-01 14:30:00",,8.0,QR,공공자전거 대여소 정보(25.12월 기준).xlsx
367,독립문역 3-1번출구,종로구,서울특별시 종로구 무악동 41-7 독립문역 3번출구 뒤,37.57415771,126.95851898,"2016-06-01 14:30:00",,13.0,QR,공공자전거 대여소 정보(25.12월 기준).xlsx
368,SK 서린빌딩 앞,종로구,서울특별시 종로구 서린동 93-2 SK 서린빌딩 앞,37.5692482,126.98053741,"2016-06-01 14:30:00",,15.0,QR,공공자전거 대여소 정보(25.12월 기준).xlsx
370,시청역(2호선) 9번출구 뒤,중구,서울특별시 중구 서소문로 지하127 시청역(2호선) 9번출구 뒤,37.56322861,126.97483826,"2016-06-15 09:30:00",,24.0,QR,공공자전거 대여소 정보(25.12월 기준).xlsx
371,동대입구역 6번출구 뒤,중구,서울특별시 중구 동호로 지하256 동대입구역 6번출구 뒤,37.55887222,127.00553894,"2016-06-15 09:30:00",,10.0,QR,공공자전거 대여소 정보(25.12월 기준).xlsx
372,약수역 3번출구 뒤,중구,서울특별시 중구 다산로 지하122 약수역 4번출구 뒤,37.55429459,127.01119995,"2016-06-15 09:30:00",10.0,,LCD,공공자전거 대여소 정보(25.12월 기준).xlsx
374,청구역 2번출구 앞,중구,서울특별시 중구 청구로 77 청구역 5.6호선,37.5604744,127.01407623,"2016-06-15 09:30:00",12.0,,LCD,공공자전거 대여소 정보(25.12월 기준).xlsx
379,서울역9번출구,중구,서울특별시 중구 세종대로 지하2 서울역9번출구,37.55599976,126.97335815,"2016-06-15 09:30:00",7.0,,LCD,공공자전거 대여소 정보(25.12월 기준).xlsx
380,CJ제일제당 앞,중구,서울특별시 중구 동호로 330 CJ제일제당 앞,37.56386566,127.00274658,"2016-06-15 09:30:00",8.0,,LCD,공공자전거 대여소 정보(25.12월 기준).xlsx
381,장충체육관,중구,서울특별시 중구 장충동2가 200-99 장충체육관,37.55853271,127.00698853,"2016-06-15 09:30:00",15.0,,LCD,공공자전거 대여소 정보(25.12월 기준).xlsx
382,약수역 10번출구 앞,중구,서울특별시 중구 신당동 357-1 약수역 10번출구 앞,37.55519867,127.01004791,"2016-06-15 09:30:00",7.0,,LCD,공공자전거 대여소 정보(25.12월 기준).xlsx
383,신당역 12번 출구 뒤,중구,서울특별시 중구 신당동 99 신당역 5번 출구,37.5658493,127.0164032,"2016-06-15 09:30:00",22.0,,LCD,공공자전거 대여소 정보(25.12월 기준).xlsx
384,종로학원본원,중구,서울특별시 중구 청파로 456 종로학원본원 앞,37.55978012,126.96850586,"2016-06-15 09:30:00",10.0,,LCD,공공자전거 대여소 정보(25.12월 기준).xlsx
385,종각역 5번출구,종로구,서울특별시 종로구 서린동 26-1 종각역 5번출구,37.56983566,126.98265839,"2016-07-06 12:00:00",10.0,,LCD,공공자전거 대여소 정보(25.12월 기준).xlsx
387,훈련원공원주차장 앞,중구,서울특별시 중구 을지로 227 훈련원공원주차장 앞,37.56699371,127.00346375,"2016-07-06 12:00:00",10.0,,LCD,공공자전거 대여소 정보(25.12월 기준).xlsx
388,동성중학교 앞,종로구,서울특별시 종로구 혜화동 56 동성중학교 앞,37.58573532,127.0016098,"2016-09-02 11:00:00",10.0,,LCD,공공자전거 대여소 정보(25.12월 기준).xlsx
389,을지로4가역 1번출구,중구,서울특별시 중구 을지로 지하 178 을지로4가역 1번출구,37.5667305,126.99660492,"2017-08-03 10:49:42",10.0,,LCD,공공자전거 대여소 정보(25.12월 기준).xlsx
390,충무로역 1번출구,중구,서울특별시 중구 퇴계로 212 충무로역 1번출구,37.56138992,126.9953537,"2017-08-03 10:51:11",12.0,,LCD,공공자전거 대여소 정보(25.12월 기준).xlsx
391,시립미술관,중구,서울특별시 중구 덕수궁길 61 서울시립미술관,37.56505203,126.97340393,"2017-09-04 13:09:18",,8.0,QR,공공자전거 대여소 정보(25.12월 기준).xlsx
393,동대문역 8번 출구,종로구,서울특별시 종로구 율곡로 지하 308 동대문역 8번출구,37.57014084,127.00937653,"2018-01-26 14:06:14",12.0,,LCD,공공자전거 대여소 정보(25.12월 기준).xlsx
394,경희궁 자이 3단지,종로구,서울특별시 종로구 경교장길 35 경희궁자이 3단지,37.56748962,126.96591949,"2018-01-26 14:07:43",,15.0,QR,공공자전거 대여소 정보(25.12월 기준).xlsx
395,경희궁 자이 2단지,종로구,서울특별시 종로구 송월길 99 경희궁 자이 3단지,37.56885529,126.96456146,"2018-01-26 14:08:25",8.0,,LCD,공공자전거 대여소 정보(25.12월 기준).xlsx
397,종묘공영주차장 건너편,종로구,서울특별시 종로구 종로 지하 200 종묘공영주차장 건너편,37.57048035,126.99663544,"2018-04-30 11:16:05",13.0,,LCD,공공자전거 대여소 정보(25.12월 기준).xlsx
398,을지로3가역 3번출구,중구,서울특별시 중구 을지로 지하 129 을지로3가역 3번출구,37.56655884,126.99243927,"2018-10-26 00:00:00",8.0,,LCD,공공자전거 대여소 정보(25.12월 기준).xlsx
399,서울역 센트럴 자이아파트,중구,서울특별시 중구 만리재로 175 서울역 센트럴 자이아파트,37.55410767,126.96540833,"2018-10-12 00:00:00",15.0,,LCD,공공자전거 대여소 정보(25.12월 기준).xlsx
400,상암한화오벨리스크 1차 앞,마포구,서울특별시 마포구 구룡길 19,37.58752441,126.88300323,"2015-10-07 11:57:12",,14.0,QR,공공자전거 대여소 정보(25.12월 기준).xlsx
401,상암월드컵파크 10단지 앞,마포구,서울특별시 마포구 월드컵북로 502-36,37.58618927,126.88161469,"2015-10-07 11:14:18",,13.0,QR,공공자전거 대여소 정보(25.12월 기준).xlsx
402,상암월드컵파크 9단지 앞,마포구,서울특별시 마포구 월드컵북로 501,37.58285522,126.87982178,"2015-10-07 11:15:53",,20.0,QR,공공자전거 대여소 정보(25.12월 기준).xlsx
403,부엉이공원 앞,마포구,서울특별시 마포구 가양대로 189,37.58559036,126.88472748,"2015-10-07 11:35:00",,20.0,QR,공공자전거 대여소 정보(25.12월 기준).xlsx
405,DMC빌 앞,마포구,서울특별시 마포구 월드컵북로60길 13,37.58265686,126.88578796,"2015-10-07 11:36:50",,8.0,QR,공공자전거 대여소 정보(25.12월 기준).xlsx
406,상암월드컵파크 7단지 앞,마포구,서울특별시 마포구 월드컵로42길 22,37.58111191,126.88087463,"2015-10-07 11:37:38",,15.0,QR,공공자전거 대여소 정보(25.12월 기준).xlsx
407,마포구 육아종합지원센터,마포구,서울특별시 마포구 상암산로1길 71,37.58063126,126.88367462,"2015-10-07 11:38:35",,8.0,QR,공공자전거 대여소 정보(25.12월 기준).xlsx
408,LG CNS앞,마포구,서울특별시 마포구 월드컵북로 424,37.58081055,126.88665009,"2015-10-07 11:39:10",,14.0,QR,공공자전거 대여소 정보(25.12월 기준).xlsx
409,누리꿈스퀘어 옆,마포구,서울특별시 마포구 월드컵북로 396,37.57939911,126.88916016,"2015-10-07 11:39:49",,30.0,QR,공공자전거 대여소 정보(25.12월 기준).xlsx
410,상암중학교 옆,마포구,서울특별시 마포구 상암동 1691,37.57739258,126.88747406,"2015-10-07 11:40:22",,10.0,QR,공공자전거 대여소 정보(25.12월 기준).xlsx
411,DMC홍보관,마포구,서울특별시 마포구 월드컵북로 366,37.5779953,126.89147186,"2015-10-07 11:40:56",,10.0,QR,공공자전거 대여소 정보(25.12월 기준).xlsx
412,DMC산학협력연구센터 앞,마포구,서울특별시 마포구 매봉산로 37,37.57580185,126.89073944,"2015-10-07 11:41:36",,21.0,QR,공공자전거 대여소 정보(25.12월 기준).xlsx
413,상암월드컵파크 3단지 후문,마포구,서울특별시 마포구 매봉산로 8,37.57147598,126.88968658,"2015-10-07 11:41:36",,10.0,QR,공공자전거 대여소 정보(25.12월 기준).xlsx
414,상암동주민센터 옆,마포구,서울특별시 마포구 매봉산로2길 16,37.57822037,126.89447021,"2015-10-07 11:42:29",,8.0,QR,공공자전거 대여소 정보(25.12월 기준).xlsx
415,DMC역 9번출구 앞,마포구,서울특별시 마포구 성암로 지하184,37.57746887,126.89736176,"2015-10-07 11:43:11",,10.0,QR,공공자전거 대여소 정보(25.12월 기준).xlsx
416,상암월드컵파크 1단지 교차로,마포구,서울특별시 마포구 월드컵북로 502-7,37.57566452,126.89444733,"2015-10-07 11:44:53",,12.0,QR,공공자전거 대여소 정보(25.12월 기준).xlsx
417,DMC역 2번출구 옆,마포구,서울특별시 은평구 수색로 지하175,37.57506943,126.8999176,"2015-10-07 11:42:23",,20.0,QR,공공자전거 대여소 정보(25.12월 기준).xlsx
418,월드컵경기장역 3번출구 옆,마포구,서울특별시 마포구 월드컵로 지하240,37.57072067,126.89897919,"2015-10-07 11:40:49",,20.0,QR,공공자전거 대여소 정보(25.12월 기준).xlsx
419,홈플러스 마포점 앞,마포구,서울특별시 마포구 월드컵로 240,37.56842041,126.89942932,"2015-10-07 11:40:04",,21.0,QR,공공자전거 대여소 정보(25.12월 기준).xlsx
420,서울시 공공자전거 상암센터,마포구,서울특별시 마포구 월드컵북로47길 10,37.56624603,126.8961792,"2015-10-07 11:39:12",,37.0,QR,공공자전거 대여소 정보(25.12월 기준).xlsx
421,마포구청 앞,마포구,서울특별시 마포구 월드컵로 212,37.56574631,126.9018631,"2015-10-07 11:37:49",,8.0,QR,공공자전거 대여소 정보(25.12월 기준).xlsx
422,문화비축기지,마포구,서울특별시 마포구 증산로 87,37.56897736,126.89440155,"2017-08-28 17:51:06",,9.0,QR,공공자전거 대여소 정보(25.12월 기준).xlsx
424,롯데하이마트 (상암월드컵점),마포구,서울특별시 상암동 1715-29,37.57361984,126.8980484,"2017-11-01 16:00:00",15.0,,LCD,공공자전거 대여소 정보(25.12월 기준).xlsx
425,DMC첨단산업센터,마포구,서울특별시 마포구 성암로330,37.58450317,126.88559723,"2017-11-01 16:00:00",10.0,,LCD,공공자전거 대여소 정보(25.12월 기준).xlsx
426,서울신용보증재단,마포구,서울특별시 마포구 마포대로 163,37.54906082,126.95417786,"2018-07-04 00:00:00",10.0,,LCD,공공자전거 대여소 정보(25.12월 기준).xlsx
427,성산시영아파트,마포구,서울특별시 마포구 월드컵북로 260,37.56958389,126.90381622,"2018-02-26 11:34:06",10.0,,LCD,공공자전거 대여소 정보(25.12월 기준).xlsx
428,명보사거리,중구,서울특별시 중구 을지로 지하 129 명보사거리,37.56439972,126.99143219,"2018-10-22 00:00:00",10.0,,LCD,공공자전거 대여소 정보(25.12월 기준).xlsx
429,송도병원,중구,서울특별시 중구 다산로 59-1 송도병원,37.54988861,127.00734711,"2018-10-22 00:00:00",8.0,,LCD,공공자전거 대여소 정보(25.12월 기준).xlsx
430,장충동먹자골목 앞,중구,서울특별시 중구 장충단로 193-1  KEB하나은행 장충동지점,37.56212616,127.0062561,"2018-11-02 00:00:00",6.0,,LCD,공공자전거 대여소 정보(25.12월 기준).xlsx
431,청계천 영도교,중구,서울특별시 중구 청계천로 400 롯데캐슬베네치아,37.5710144,127.01974487,"2018-10-23 00:00:00",,25.0,QR,공공자전거 대여소 정보(25.12월 기준).xlsx
432,마포중앙도서관,마포구,마포구 성산로 128,37.56333923,126.90820312,"2018-10-12 00:00:00",10.0,,LCD,공공자전거 대여소 정보(25.12월 기준).xlsx
433,을지로입구역 2번출구,중구,서울특별시 중구 을지로 지하 42 을지로입구역 1번출구,37.56634521,126.98229218,"2018-12-14 00:00:00",12.0,,LCD,공공자전거 대여소 정보(25.12월 기준).xlsx
434,신당 래미안 버스정류장,중구,서울특별시 중구 퇴계로90길 74 신당 레미안 버스정류장 (112동 인근),37.56148911,127.02393341,"2018-12-06 00:00:00",10.0,,LCD,공공자전거 대여소 정보(25.12월 기준).xlsx
435,SK 남산빌딩,중구,서울특별시 중구 퇴계로 33 SK 남산빌딩,37.55686188,126.97561646,"2018-12-06 00:00:00",10.0,,LCD,공공자전거 대여소 정보(25.12월 기준).xlsx
436,이대역 5번출구,마포구,마포구 대흥동 2-1,37.55659103,126.94618988,"2018-11-21 00:00:00",10.0,,LCD,공공자전거 대여소 정보(25.12월 기준).xlsx
437,대흥역1번출구,마포구,마포구 대흥동 105-4,37.54846954,126.9409256,"2018-12-04 00:00:00",12.0,,LCD,공공자전거 대여소 정보(25.12월 기준).xlsx
438,성산2-1 공영주차장,마포구,마포구 성산동 199-46,37.56472015,126.9067688,"2018-11-22 00:00:00",15.0,,LCD,공공자전거 대여소 정보(25.12월 기준).xlsx
440,하늘공원 입구,마포구,마포구 하늘공원로 108-2,37.57012177,126.88134766,"2019-08-02 00:00:00",15.0,,LCD,공공자전거 대여소 정보(25.12월 기준).xlsx
441,염천교사거리,중구,서울특별시 중구 칠패로 5 서소문공원,37.55989075,126.97149658,"2020-01-31 00:00:00",,15.0,QR,공공자전거 대여소 정보(25.12월 기준).xlsx
442,서울역 서부,중구,서울특별시 중구 퇴계로 33 서울로7017편의시설,37.55641556,126.9691925,"2020-02-03 00:00:00",,13.0,QR,공공자전거 대여소 정보(25.12월 기준).xlsx
443,호암아트홀,중구,서울특별시 중구 세종대로7길 57-1 구두수선대207 호암아트홀,37.5621109,126.97071838,"2020-01-31 00:00:00",,9.0,QR,공공자전거 대여소 정보(25.12월 기준).xlsx
445,대한상공회의소,중구,서울특별시 중구 세종대로 39 대한서울상공회의소,37.56015396,126.97410583,"2020-01-31 00:00:00",,15.0,QR,공공자전거 대여소 정보(25.12월 기준).xlsx
446,상명대입구,종로구,서울특별시 종로구 홍지문길 1 상명대 입구,37.60012817,126.95783234,"2017-08-01 14:17:25",13.0,,LCD,공공자전거 대여소 정보(25.12월 기준).xlsx
447,신영동삼거리,종로구,서울특별시 종로구 진흥로 499 신영동 삼거리,37.60399246,126.96194458,"2017-08-01 14:18:31",,6.0,QR,공공자전거 대여소 정보(25.12월 기준).xlsx
449,일성아파트,종로구,서울특별시 종로구 평창문화로 119 일성아파트,37.60871887,126.97286224,"2017-08-01 14:20:36",10.0,,LCD,공공자전거 대여소 정보(25.12월 기준).xlsx
450,효자동 삼거리,종로구,서울특별시 종로구 효자로13길 45 종로구 궁정동 98-2,37.58360291,126.97254944,"2017-09-07 16:05:37",,51.0,QR,공공자전거 대여소 정보(25.12월 기준).xlsx
451,청와대앞길,종로구,서울특별시 종로구 청와대로 73 종로구 세종로 1-54,37.58351517,126.97966766,"2017-09-07 16:08:37",8.0,,LCD,공공자전거 대여소 정보(25.12월 기준).xlsx
452,동대문 종합시장 버스정류장,종로구,서울특별시 종로구 종로 239 동대문 종합시장 버스정류장,37.57123947,127.00440979,"2018-10-23 00:00:00",,13.0,QR,공공자전거 대여소 정보(25.12월 기준).xlsx
453,종로오가 지하쇼핑센터 14번출구,종로구,서울특별시 종로구 종로 지하 200 종로5가 지하쇼핑센터 14번출구,37.57114029,127.00067139,"2018-08-31 00:00:00",10.0,,LCD,공공자전거 대여소 정보(25.12월 기준).xlsx
454,종로2가 버스정류장 (종각방향),종로구,서울특별시 종로구 종로 79-1 종로2가 버스정류장 (종각방향),37.57035828,126.98638153,"2018-08-31 00:00:00",,13.0,QR,공공자전거 대여소 정보(25.12월 기준).xlsx
455,종로6가역 버스정류장(동대문 방향),종로구,서울특별시 종로구 종로 254-1 삼익한의원,37.570961,127.00605774,"2018-08-30 00:00:00",8.0,,LCD,공공자전거 대여소 정보(25.12월 기준).xlsx
456,숭인2동 주민센터 입구,종로구,서울특별시 종로구 종로 383-1 숭인2동 주민센터 입구 (이강3대냉면),37.57447052,127.0198288,"2018-08-30 00:00:00",10.0,,LCD,공공자전거 대여소 정보(25.12월 기준).xlsx
457,종로꽃시장 입구 옆,종로구,서울특별시 종로구 율곡로 지하 308 종로?시장 입구 옆,37.57131958,127.00720978,"2018-08-30 00:00:00",10.0,,LCD,공공자전거 대여소 정보(25.12월 기준).xlsx
458,광화문역 5번출구,종로구,서울특별시 종로구 세종대로 152 일민미술관,37.56989288,126.97756958,"2018-08-31 00:00:00",21.0,,LCD,공공자전거 대여소 정보(25.12월 기준).xlsx
461,서울지방경찰청,종로구,서울특별시 종로구 사직로8길 31 서울지방경찰청,37.57436371,126.97236633,"2018-10-29 00:00:00",10.0,,LCD,공공자전거 대여소 정보(25.12월 기준).xlsx
464,삼청동 골목,종로구,서울특별시 종로구 팔판길 46 삼청동 골목,37.58419037,126.98169708,"2019-08-16 00:00:00",,10.0,QR,공공자전거 대여소 정보(25.12월 기준).xlsx
465,삼청공원 앞,종로구,서울특별시 종로구 삼청동 25-32,37.58760452,126.9835968,"2019-11-20 00:00:00",5.0,,LCD,공공자전거 대여소 정보(25.12월 기준).xlsx
466,롯데호텔,중구,서울특별시 중구 을지로 30 롯데호텔,37.56584167,126.97981262,"2020-02-28 00:00:00",,13.0,QR,공공자전거 대여소 정보(25.12월 기준).xlsx
467,한국은행,중구,서울특별시 중구 남대문로3가 110-8,37.5622139,126.98086548,"2020-01-31 00:00:00",,11.0,QR,공공자전거 대여소 정보(25.12월 기준).xlsx
468,웨스틴 조선호텔,중구,서울특별시 중구 소공로 106 서울 웨스틴조선호텔,37.56415939,126.97948456,"2020-01-31 00:00:00",,8.0,QR,공공자전거 대여소 정보(25.12월 기준).xlsx
469,회현역 1번출구,중구,서울특별시 중구 퇴계로 72 리더스뷰남산,37.5592308,126.98014069,"2020-01-31 00:00:00",,11.0,QR,공공자전거 대여소 정보(25.12월 기준).xlsx
470,회현역 7번출구,중구,서울특별시 중구 회현동1가 23-1,37.55974579,126.98000336,"2020-01-31 00:00:00",,13.0,QR,공공자전거 대여소 정보(25.12월 기준).xlsx
471,회현사거리 남측,중구,서울특별시 중구 퇴계로 100 스테이트타워 남산,37.56035995,126.98265076,"2020-01-31 00:00:00",,10.0,QR,공공자전거 대여소 정보(25.12월 기준).xlsx
472,삼일교(시그니쳐 타워),중구,서울특별시 중구 수표동 99-1,37.56787109,126.98840332,"2020-01-30 00:00:00",,12.0,QR,공공자전거 대여소 정보(25.12월 기준).xlsx
473,을지로4가역 9번출구,중구,서울특별시 중구 을지로 170,37.56605148,126.99798584,"2020-03-01 00:00:00",,20.0,QR,공공자전거 대여소 정보(25.12월 기준).xlsx
474,동대문역사문화공원역 1번출구 뒤편,중구,서울특별시 중구 을지로7가 143,37.56629944,127.00849152,"2020-01-29 00:00:00",,40.0,QR,공공자전거 대여소 정보(25.12월 기준).xlsx
475,DDP 패션몰,중구,서울특별시 중구 신당동 853,37.56764984,127.0118103,"2020-01-29 00:00:00",,21.0,QR,공공자전거 대여소 정보(25.12월 기준).xlsx
476,광희문,중구,서울특별시 중구 광희동2가 105-32,37.56443024,127.00995636,"2020-01-29 00:00:00",,10.0,QR,공공자전거 대여소 정보(25.12월 기준).xlsx
477,앰배서더 호텔 주변,중구,서울특별시 중구 장충동2가 191-65,37.55928802,127.00268555,"2020-01-30 00:00:00",,10.0,QR,공공자전거 대여소 정보(25.12월 기준).xlsx
479,동대입구역 3번 출구,중구,서울특별시 중구 장충동2가 199-4,37.55937576,127.00602722,"2020-01-30 00:00:00",,8.0,QR,공공자전거 대여소 정보(25.12월 기준).xlsx
480,약수역 6번 출구,중구,서울특별시 중구 다산로 122 약수역 3호선,37.55432129,127.01070404,"2020-01-30 00:00:00",,8.0,QR,공공자전거 대여소 정보(25.12월 기준).xlsx
483,남산타운아파트 버스정류장,중구,서울특별시 중구 다산로 32 남산타운,37.54758453,127.00643921,"2020-01-29 00:00:00",,12.0,QR,공공자전거 대여소 정보(25.12월 기준).xlsx
485,서울역5번출구,중구,서울특별시 중구 세종대로 2 서울역 1호선,37.55677032,126.97319794,"2020-02-03 00:00:00",,10.0,QR,공공자전거 대여소 정보(25.12월 기준).xlsx
486,평창동주민센터 앞,종로구,서울특별시 종로구 평창문화로 65 평창동 주민센터,37.60627365,126.96832275,"2019-07-01 00:00:00",5.0,,LCD,공공자전거 대여소 정보(25.12월 기준).xlsx
488,푸르메병원,마포구,마포구 상암동 632,37.58456802,126.88021088,"2020-04-06 00:00:00",,10.0,QR,공공자전거 대여소 정보(25.12월 기준).xlsx
489,구룡근린공원,마포구,마포구 상암동 1583,37.58320236,126.88276672,"2020-04-06 00:00:00",,10.0,QR,공공자전거 대여소 정보(25.12월 기준).xlsx
490,가온문화공원,마포구,마포구 상암동 1594,37.58207703,126.88766479,"2020-04-06 00:00:00",,23.0,QR,공공자전거 대여소 정보(25.12월 기준).xlsx
491,월드컵파크 4단지,마포구,마포구 상암동 1761,37.57597733,126.88806915,"2020-04-06 00:00:00",,10.0,QR,공공자전거 대여소 정보(25.12월 기준).xlsx
493,홍대입구역 6번출구,마포구,마포구 서교동 193-4,37.55657578,126.9288559,"2020-04-12 00:00:00",,7.0,QR,공공자전거 대여소 정보(25.12월 기준).xlsx
494,신수동주민센터,마포구,마포구 신수동 458,37.54724503,126.93502808,"2020-09-16 00:00:00",,5.0,QR,공공자전거 대여소 정보(25.12월 기준).xlsx
495,염리초등학교 앞,마포구,마포구 도화동 536,37.54243088,126.9469986,"2020-03-26 00:00:00",,10.0,QR,공공자전거 대여소 정보(25.12월 기준).xlsx
497,합정동주민센터 앞,마포구,마포구 합정동 473-2,37.551754,126.91230011,"2020-04-06 00:00:00",,25.0,QR,공공자전거 대여소 정보(25.12월 기준).xlsx
498,연남동주민센터 앞,마포구,마포구 연남동 250-11,37.56465149,126.92212677,"2020-04-08 00:00:00",,10.0,QR,공공자전거 대여소 정보(25.12월 기준).xlsx
500,어린이대공원역 3번출구 앞,광진구,서울특별시 광진구 능동로 지하210 어린이대공원역 3번출구 앞,37.54706955,127.07427216,"2015-10-07 11:45:00",,7.0,QR,공공자전거 대여소 정보(25.12월 기준).xlsx
501,광진구의회 앞,광진구,서울특별시 광진구 능동로 76 광진구의회 앞,37.53730774,127.07035065,"2015-10-07 11:46:27",,30.0,QR,공공자전거 대여소 정보(25.12월 기준).xlsx
502,뚝섬유원지역 1번출구 앞,광진구,서울특별시 광진구 능동로 10 뚝섬유원지역 1번출구 앞,37.53186035,127.06719208,"2015-10-07 11:47:15",,33.0,QR,공공자전거 대여소 정보(25.12월 기준).xlsx
505,자양사거리 광진아크로텔 앞,광진구,서울특별시 광진구 아차산로 355 타워더모스트 광진아크로텔,37.53701019,127.08224487,"2015-10-07 11:49:34",,12.0,QR,공공자전거 대여소 정보(25.12월 기준).xlsx
506,금호 어울림 아파트 앞,성동구,서울특별시 성동구 광나루로 249 송정금호어울림 아파트 앞,37.54906082,127.05779266,"2015-10-07 11:50:10",7.0,,LCD,공공자전거 대여소 정보(25.12월 기준).xlsx
508,성수아카데미타워 앞,성동구,서울특별시 성동구 성수이로 118 라성아카데미타워 앞,37.54516602,127.05751038,"2015-10-07 11:51:33",,10.0,QR,공공자전거 대여소 정보(25.12월 기준).xlsx
510,뚝도아리수정수센터 버스정류소 옆,성동구,서울특별시 성동구 왕십리로11길 9 서울숲남문 버스정류소 옆,37.54122162,127.04380035,"2015-10-07 11:55:30",,15.0,QR,공공자전거 대여소 정보(25.12월 기준).xlsx
511,서울숲역 5번 출구 옆,성동구,서울특별시 성동구 왕십리로 지하77 서울숲역 4번 출구 옆,37.54458237,127.04460907,"2015-10-07 11:56:08",,16.0,QR,공공자전거 대여소 정보(25.12월 기준).xlsx
512,뚝섬역 1번 출구 옆,성동구,서울특별시 성동구 아차산로 18 뚝섬역 1번 출구 옆,37.5485611,127.0450058,"2015-10-07 11:56:43",,15.0,QR,공공자전거 대여소 정보(25.12월 기준).xlsx
513,뚝섬역 5번 출구 정류소 옆,성동구,서울특별시 성동구 아차산로 18 뚝섬역 5번 출구 정류소 옆,37.54630661,127.04980469,"2015-10-07 11:57:27",,13.0,QR,공공자전거 대여소 정보(25.12월 기준).xlsx
514,성수사거리 버스정류장 앞,성동구,서울특별시 성동구 아차산로 171 성수사거리 버스정류장 앞,37.54257965,127.06330872,"2015-10-07 11:58:41",,12.0,QR,공공자전거 대여소 정보(25.12월 기준).xlsx
515,광양중학교 앞,광진구,서울특별시 광진구 자양로3길 7 광양중학교 앞,37.53023529,127.08683014,"2015-10-07 11:59:17",,15.0,QR,공공자전거 대여소 정보(25.12월 기준).xlsx
516,광진메디칼 앞,광진구,서울특별시 광진구 광나루로 355 광진메디컬앞,37.54840469,127.06936646,"2015-10-07 11:59:59",,10.0,QR,공공자전거 대여소 정보(25.12월 기준).xlsx
518,청계천 박물관 앞,성동구,서울특별시 성동구 마장동 610 청계천 박물관 앞,37.57152557,127.03535461,"2016-06-29 12:00:00",,20.0,QR,공공자전거 대여소 정보(25.12월 기준).xlsx
519,양지사거리,성동구,서울특별시 성동구 홍익동 590 양지사거리,37.56699371,127.02991486,"2016-06-29 12:00:00",,20.0,QR,공공자전거 대여소 정보(25.12월 기준).xlsx
520,상왕십리역 4번 출구 앞,성동구,서울특별시 성동구 하왕십리동 960-3 상왕십리역 4번 출구 앞,37.56385803,127.03031921,"2016-06-29 12:00:00",,7.0,QR,공공자전거 대여소 정보(25.12월 기준).xlsx
521,왕십리역 11번 출구 앞,성동구,서울특별시 성동구 행당동 188-9 왕십리역 11번 출구 앞,37.56144714,127.03491974,"2016-06-29 12:00:00",,14.0,QR,공공자전거 대여소 정보(25.12월 기준).xlsx
522,금호역 1번출구 앞,성동구,서울특별시 성동구 금호동3가 1575-3 금호역 1번출구 앞,37.5486412,127.01642609,"2016-06-29 12:00:00",,9.0,QR,공공자전거 대여소 정보(25.12월 기준).xlsx
523,옥수동성당 옆,성동구,서울특별시 성동구 옥수동 산5-148 옥수동성당 옆,37.54366302,127.01406097,"2016-06-29 12:00:00",,7.0,QR,공공자전거 대여소 정보(25.12월 기준).xlsx
524,래미안금호하이리버 아파트 102동 옆,성동구,서울특별시 성동구 금호동2가 1220-1 래미안금호하이리버 아파트 102동 옆,37.55220032,127.02505493,"2016-06-29 12:00:00",,10.0,QR,공공자전거 대여소 정보(25.12월 기준).xlsx
525,한양대병원사거리,성동구,서울특별시 성동구 행당동 20-2 한양대병원사거리,37.55805206,127.04035187,"2016-06-29 12:00:00",,20.0,QR,공공자전거 대여소 정보(25.12월 기준).xlsx
526,용답토속공원 앞,성동구,서울특별시 성동구 용답동 224-1 용답토속공원 앞,37.56351089,127.05672455,"2016-06-29 12:00:00",,10.0,QR,공공자전거 대여소 정보(25.12월 기준).xlsx
529,장한평역 8번 출구 앞,성동구,서울특별시 성동구 용답동 224-3 장안평역 8번 출구 앞,37.56137085,127.06365967,"2016-06-29 12:00:00",,8.0,QR,공공자전거 대여소 정보(25.12월 기준).xlsx
530,청계벽산아파트 앞,성동구,서울특별시 성동구 하왕십리동 286-24 청계벽산아파트 텐즈힐아파트 정류소,37.56874847,127.03040314,"2016-06-29 12:00:00",9.0,,LCD,공공자전거 대여소 정보(25.12월 기준).xlsx
533,금남시장 교차로,성동구,서울특별시 성동구 금호동4가 1101 우리은행 금호동 지점 앞,37.54814911,127.02108765,"2016-06-29 12:00:00",7.0,,LCD,공공자전거 대여소 정보(25.12월 기준).xlsx
534,금호사거리,성동구,서울특별시 성동구 금호동2가 1205-1 금호사거리,37.54863358,127.02572632,"2016-06-29 12:00:00",,10.0,QR,공공자전거 대여소 정보(25.12월 기준).xlsx
535,응봉삼거리,성동구,서울특별시 성동구 응봉동 134-26 응봉삼거리,37.5539856,127.03359222,"2016-06-29 12:00:00",,11.0,QR,공공자전거 대여소 정보(25.12월 기준).xlsx
536,행당역 2번출구 앞,성동구,서울특별시 성동구 행당동 347-11 행당역 2번출구 앞,37.55735016,127.02921295,"2016-06-29 12:00:00",8.0,,LCD,공공자전거 대여소 정보(25.12월 기준).xlsx
537,한양대후문역 부근,성동구,서울특별시 성동구 행당동 10 한양대후문역 부근 (양키캔들 앞),37.56035614,127.04139709,"2016-06-29 12:00:00",10.0,,LCD,공공자전거 대여소 정보(25.12월 기준).xlsx
539,군자교교차로,광진구,서울특별시 광진구 중곡동 263-1 군자교교차로,37.55979538,127.07420349,"2016-06-29 12:00:00",,10.0,QR,공공자전거 대여소 정보(25.12월 기준).xlsx
540,군자역 7번출구 베스트샵 앞,광진구,서울특별시 광진구 군자동 499 군자역 7번출구 베스트샵 앞,37.55603027,127.0786438,"2016-06-29 12:00:00",8.0,,LCD,공공자전거 대여소 정보(25.12월 기준).xlsx
542,강변역 4번출구 뒤,광진구,"서울특별시 광진구 구의동 546-6 강변역 1,4번 출구 아래",37.53582382,127.09416199,"2016-06-29 12:00:00",,19.0,QR,공공자전거 대여소 정보(25.12월 기준).xlsx
543,구의공원(테크노마트 앞),광진구,서울특별시 광진구 구의동 546-3 구의공원(테크노마트 앞),37.53596878,127.09467316,"2016-06-29 12:00:00",,20.0,QR,공공자전거 대여소 정보(25.12월 기준).xlsx
544,광남중학교,광진구,서울특별시 광진구 광장동 561-15 광남중학교,37.54072952,127.10290527,"2016-06-29 12:00:00",20.0,,LCD,공공자전거 대여소 정보(25.12월 기준).xlsx
546,잠실대교북단 교차로,광진구,서울특별시 광진구 자양동 722 잠실대교북단 교차로,37.53247833,127.08509064,"2016-06-29 12:00:00",8.0,,LCD,공공자전거 대여소 정보(25.12월 기준).xlsx
548,자양나들목,광진구,서울특별시 광진구 자양동 738 자양나들목,37.5297699,127.07485962,"2016-06-29 12:00:00",20.0,,LCD,공공자전거 대여소 정보(25.12월 기준).xlsx
549,아차산역 3번출구,광진구,서울특별시 광진구 구의동 96 아차산역 3번출구,37.55122375,127.08970642,"2016-06-29 12:00:00",10.0,,LCD,공공자전거 대여소 정보(25.12월 기준).xlsx
550,서울시설공단 앞,성동구,서울특별시 성동구 마장동 610 서울시설공단 앞,37.57164001,127.03565979,"2016-06-29 12:00:00",,20.0,QR,공공자전거 대여소 정보(25.12월 기준).xlsx
551,구의삼성쉐르빌 앞,광진구,서울특별시 광진구 구의강변로 106 구의삼성쉐르빌 앞,37.54006195,127.09449768,"2016-07-06 12:00:00",,13.0,QR,공공자전거 대여소 정보(25.12월 기준).xlsx
552,대림아크로리버 앞,광진구,서울특별시 광진구 구의강변로 64 대림아크로리버 앞,37.53657913,127.0929718,"2016-07-06 12:00:00",9.0,,LCD,공공자전거 대여소 정보(25.12월 기준).xlsx
553,중곡 성원아파트 앞,광진구,서울특별시 광진구 동일로 459 중곡 성원APT 앞,37.57125473,127.07980347,"2016-07-06 12:00:00",19.0,,LCD,공공자전거 대여소 정보(25.12월 기준).xlsx
555,구의3동주민센터,광진구,서울특별시 광진구 강변역로 17 구의3동주민센터,37.53784943,127.09217072,"2016-07-06 12:00:00",9.0,,LCD,공공자전거 대여소 정보(25.12월 기준).xlsx
556,달맞이공원,성동구,서울특별시 성동구 금호동4가 367-1 달맞이공원,37.54205322,127.020401,"2016-07-06 12:00:00",14.0,,LCD,공공자전거 대여소 정보(25.12월 기준).xlsx
557,도선동 주민센터 앞,성동구,서울특별시 성동구 무학로10길 6 도선동 주민센터 앞,37.56764221,127.0256958,"2016-07-06 12:00:00",,10.0,QR,공공자전거 대여소 정보(25.12월 기준).xlsx
558,성동광진 교육지원청 앞,성동구,서울특별시 성동구 고산자로 260 성동광진 교육지원청 앞,37.56460571,127.03652191,"2016-07-06 12:00:00",20.0,,LCD,공공자전거 대여소 정보(25.12월 기준).xlsx
559,왕십리역 4번 출구 건너편,성동구,서울특별시 성동구 왕십리광장로 10-1 왕십리역 4번 출구 건너편,37.56109619,127.03679657,"2016-07-06 12:00:00",,13.0,QR,공공자전거 대여소 정보(25.12월 기준).xlsx
560,비전교회 앞,성동구,서울특별시 성동구 동일로 213 비전교회 앞,37.55120468,127.06893158,"2016-07-06 12:00:00",,8.0,QR,공공자전거 대여소 정보(25.12월 기준).xlsx
561,서울숲역 2번출구 앞,성동구,서울특별시 성동구 왕십리로 64 서울숲역 2번출구 앞,37.54281616,127.0446701,"2016-07-06 12:00:00",,10.0,QR,공공자전거 대여소 정보(25.12월 기준).xlsx
563,성동세무서 건너편,성동구,서울특별시 성동구 광나루로 302 성동세무서 건너편,37.5479126,127.06275177,"2016-07-06 12:00:00",10.0,,LCD,공공자전거 대여소 정보(25.12월 기준).xlsx
564,금호역 3번출구,성동구,서울특별시 성동구 동호로 99 금호역 3번출구,37.54792786,127.01557159,"2016-07-06 12:00:00",10.0,,LCD,공공자전거 대여소 정보(25.12월 기준).xlsx
565,옥수역 3번출구,성동구,서울특별시 성동구 옥수동 192-2,37.54136658,127.01776123,"2016-07-06 12:00:00",,19.0,QR,공공자전거 대여소 정보(25.12월 기준).xlsx
568,청계8가 사거리 B,성동구,서울특별시 성동구 청계천로 417 청계8가사거리 부근,37.57110214,127.02355957,"2016-07-06 12:00:00",14.0,,LCD,공공자전거 대여소 정보(25.12월 기준).xlsx
569,응봉현대아파트 정류소,성동구,서울특별시 성동구 독서당로 381 응봉동현대아파트 정류소,37.54958344,127.03024292,"2016-07-06 12:00:00",,10.0,QR,공공자전거 대여소 정보(25.12월 기준).xlsx
571,세종대학교 대양AI센터,광진구,서울특별시 광진구 군자동 98-22,37.55039597,127.07585907,"2016-07-06 12:00:00",,20.0,QR,공공자전거 대여소 정보(25.12월 기준).xlsx
573,구의문주차장 앞,광진구,서울특별시 광진구 능동로 216 구의문주차장 앞,37.54523087,127.08473206,"2016-07-06 00:00:00",,10.0,QR,공공자전거 대여소 정보(25.12월 기준).xlsx
574,아차산역4번출구,광진구,서울특별시 광진구 능동로 216 아차산역4번출구,37.55184937,127.08898163,"2016-07-06 12:00:00",,45.0,QR,공공자전거 대여소 정보(25.12월 기준).xlsx
575,대원중고교 입구(대하빌딩),광진구,서울특별시 광진구 용마산로 120 중앙농협 중곡지점,37.56429291,127.08693695,"2016-07-06 12:00:00",10.0,,LCD,공공자전거 대여소 정보(25.12월 기준).xlsx
576,광나루역 3번 출구,광진구,서울특별시 광진구 아차산로 552 광나루역 3번 출구,37.54483032,127.10426331,"2016-07-06 12:00:00",10.0,,LCD,공공자전거 대여소 정보(25.12월 기준).xlsx
577,광진청소년수련관,광진구,서울특별시 광진구 구천면로 2 광진청소년수련관,37.54654694,127.10613251,"2016-07-06 12:00:00",,10.0,QR,공공자전거 대여소 정보(25.12월 기준).xlsx
578,성동세무서 부근,성동구,서울특별시 성동구 광나루로 297 성동세무서,37.54829025,127.06246185,"2016-07-06 12:00:00",,8.0,QR,공공자전거 대여소 정보(25.12월 기준).xlsx
579,마장역 4번출구,성동구,서울특별시 성동구 마장로 292-1 마장역 4번출구,37.56520462,127.04184723,"2016-07-06 12:00:00",8.0,,LCD,공공자전거 대여소 정보(25.12월 기준).xlsx
582,경일중학교 앞,성동구,서울특별시 성동구 성수일로 27 경일중학교 앞,37.54317856,127.0490799,"2016-07-06 12:00:00",,10.0,QR,공공자전거 대여소 정보(25.12월 기준).xlsx
583,청계천 생태교실 앞,성동구,서울특별시 성동구 마장로39길 51 청계천 생태교실 앞,37.56797028,127.04689026,"2016-07-06 12:00:00",20.0,,LCD,공공자전거 대여소 정보(25.12월 기준).xlsx
584,광진광장 교통섬,광진구,서울특별시 광진구 군자동 374-8 광진광장 교통섬,37.54782867,127.07263184,"2016-09-02 11:00:00",,20.0,QR,공공자전거 대여소 정보(25.12월 기준).xlsx
585,성수2가1동 공영주차장 인근,성동구,서울특별시 성동구 성수동2가 569-3 성수2가1동 공영주차장 인근,37.53680801,127.05548859,"2016-09-02 11:00:00",,9.0,QR,공공자전거 대여소 정보(25.12월 기준).xlsx
586,마장동 주민센터,성동구,서울특별시 성동구 마장로42길 14 마장동 주민센터,37.56594086,127.0453949,"2016-09-02 11:00:00",,10.0,QR,공공자전거 대여소 정보(25.12월 기준).xlsx
587,유니베라 앞,성동구,서울특별시 성동구 성수동2가 276-5 KEB하나은행 성수중앙지점,37.54541779,127.05264282,"2016-09-20 09:41:25",,10.0,QR,공공자전거 대여소 정보(25.12월 기준).xlsx
588,뚝섬 유원지역,광진구,서울특별시 광진구 능동로 10 뚝섬유원지역,37.53268814,127.06749725,"2016-12-09 09:54:51",,20.0,QR,공공자전거 대여소 정보(25.12월 기준).xlsx
589,성수역3번출구,성동구,서울특별시 성동구 아차산로 100 성수동2가 315-105,37.54415894,127.05665588,"2017-04-19 16:04:19",8.0,,LCD,공공자전거 대여소 정보(25.12월 기준).xlsx
590,건국대학교 (입학정보관),광진구,서울특별시 광진구 능동로 120 입학정보관,37.53989029,127.07336426,"2017-08-30 16:27:59",20.0,,LCD,공공자전거 대여소 정보(25.12월 기준).xlsx
591,건국대학교 (행정관),광진구,서울특별시 광진구 능동로 120 행정관,37.54277802,127.07537079,"2017-08-30 16:29:21",5.0,,LCD,공공자전거 대여소 정보(25.12월 기준).xlsx
592,건국대학교 학생회관,광진구,서울특별시 광진구 능동로 120 학생회관,37.54191208,127.07763672,"2017-08-30 16:30:22",30.0,,LCD,공공자전거 대여소 정보(25.12월 기준).xlsx
593,자양중앙나들목,광진구,서울특별시 광진구 자양강변길 301 광진구 자양2동 705,37.52845383,127.07803345,"2017-10-18 11:17:05",,8.0,QR,공공자전거 대여소 정보(25.12월 기준).xlsx
594,중랑물재생센터(서울새활용플라자),성동구,서울특별시 성동구 자동차시장길 49 중랑물재생센터,37.55830383,127.05805969,"2017-08-28 10:58:50",15.0,,LCD,공공자전거 대여소 정보(25.12월 기준).xlsx
600,휘경2동 주민센터,동대문구,서울특별시 동대문구 한천로 329 휘경2동 주민센터,37.58991241,127.06867981,"2016-06-29 12:00:00",,10.0,QR,공공자전거 대여소 정보(25.12월 기준).xlsx
602,장안동 사거리,동대문구,서울특별시 동대문구 장한로 25길 2 장안동 사거리,37.57217407,127.07138824,"2016-06-29 12:00:00",,10.0,QR,공공자전거 대여소 정보(25.12월 기준).xlsx
605,신설동역8번출구,동대문구,서울특별시 동대문구 천호대로 26 신설동역9번출구,37.57419968,127.02649689,"2016-06-29 12:00:00",8.0,,LCD,공공자전거 대여소 정보(25.12월 기준).xlsx
606,휘경공고앞,동대문구,서울특별시 동대문구 겸재로 21 휘경공고앞,37.58462524,127.07028961,"2016-06-29 12:00:00",15.0,,LCD,공공자전거 대여소 정보(25.12월 기준).xlsx
607,신이문역 2번출구,동대문구,서울특별시 동대문구 이문동186-1 신이문역 2번출구,37.60271072,127.06786346,"2016-06-29 12:00:00",15.0,,LCD,공공자전거 대여소 정보(25.12월 기준).xlsx
608,전농삼성아파트,동대문구,서울특별시 동대문구 전농로 192 전농삼성아파트,37.58131027,127.05534363,"2016-06-29 12:00:00",10.0,,LCD,공공자전거 대여소 정보(25.12월 기준).xlsx
609,제기2교,동대문구,서울특별시 동대문구 제기동 122-388,37.58774567,127.03738403,"2016-06-29 12:00:00",30.0,,LCD,공공자전거 대여소 정보(25.12월 기준).xlsx
610,동대문중 교차로,동대문구,서울특별시 동대문구 답십리동 524-1 동대문중 교차로,37.57308578,127.05216217,"2016-06-29 12:00:00",,10.0,QR,공공자전거 대여소 정보(25.12월 기준).xlsx
612,시립동부병원 앞 사거리,동대문구,서울특별시 동대문구 용두동 237-10 시립동부병원 앞 사거리,37.57366562,127.03081512,"2016-06-29 12:00:00",,20.0,QR,공공자전거 대여소 정보(25.12월 기준).xlsx
613,신설동역 10번출구 앞,동대문구,서울특별시 동대문구 신설동 92-34 신설동역 10번출구 앞,37.57527161,127.02346802,"2016-06-29 12:00:00",8.0,,LCD,공공자전거 대여소 정보(25.12월 기준).xlsx
614,용두동 사거리,동대문구,서울특별시 동대문구 용두동 237-10 용두동 사거리,37.57768631,127.03101349,"2016-06-29 12:00:00",,23.0,QR,공공자전거 대여소 정보(25.12월 기준).xlsx
615,용두동 래미안허브리츠아파트 앞,동대문구,서울특별시 동대문구 용두동 696-13 용두동 레미안허브리츠아파트 앞,37.57638168,127.03511047,"2016-06-29 12:00:00",,25.0,QR,공공자전거 대여소 정보(25.12월 기준).xlsx
616,서울시립대 정문 앞 A,동대문구,서울특별시 동대문구 전농동 135-5 시립대 앞,37.58256149,127.05436707,"2016-06-29 12:00:00",10.0,,LCD,공공자전거 대여소 정보(25.12월 기준).xlsx
617,청솔우성아파트 앞,동대문구,서울특별시 동대문구 답십리동 94-2 청솔우성아파트 앞,37.57420349,127.05769348,"2016-06-29 12:00:00",,20.0,QR,공공자전거 대여소 정보(25.12월 기준).xlsx
621,전농초등학교 건너편,동대문구,서울특별시 동대문구 전농동 693-1,37.57489014,127.05353546,"2016-07-06 12:00:00",,8.0,QR,공공자전거 대여소 정보(25.12월 기준).xlsx
622,전농사거리 교통섬,동대문구,서울특별시 동대문구 사가정로 119 전농사거리 교통섬(전농서적 앞),37.57779312,127.05783081,"2016-07-06 12:00:00",,15.0,QR,공공자전거 대여소 정보(25.12월 기준).xlsx
623,서울시립대 정문 앞 B,동대문구,서울특별시 동대문구 서울시립대로 161 서울시립대 정문 앞(시더프라자빌딩 앞),37.58369827,127.0538559,"2016-07-06 12:00:00",25.0,,LCD,공공자전거 대여소 정보(25.12월 기준).xlsx
624,전농동 동아아파트 앞,동대문구,서울특별시 동대문구 서울시립대로 31 전농동 동아아파트 앞(T-World 앞 보도),37.57418823,127.04589081,"2016-07-06 12:00:00",,10.0,QR,공공자전거 대여소 정보(25.12월 기준).xlsx
626,군자교 서측 녹지대,동대문구,서울특별시 동대문구 장한로6길 95 군자교녹지대 동측 앞,37.56115341,127.07096863,"2016-07-06 12:00:00",,17.0,QR,공공자전거 대여소 정보(25.12월 기준).xlsx
627,장안동삼거리 교통섬,동대문구,서울특별시 동대문구 사가정로 240 장안동삼거리 교통섬,37.57863235,127.07190704,"2016-07-06 12:00:00",,10.0,QR,공공자전거 대여소 정보(25.12월 기준).xlsx
628,휘봉고등학교 앞,동대문구,서울특별시 동대문구 한천로 290 휘봉고등학교 앞,37.58681488,127.06754303,"2016-07-06 12:00:00",,15.0,QR,공공자전거 대여소 정보(25.12월 기준).xlsx
630,동대문구 보건소,동대문구,서울특별시 동대문구 천호대로 145 동대문구 보건소,37.57485199,127.04030609,"2016-07-06 12:00:00",,15.0,QR,공공자전거 대여소 정보(25.12월 기준).xlsx
631,답십리역 1번출구,동대문구,서울특별시 동대문구 천호대로 269 답십리역 1번출구,37.5681839,127.05127716,"2016-07-06 12:00:00",,15.0,QR,공공자전거 대여소 정보(25.12월 기준).xlsx
633,청량리 기업은행 앞,동대문구,서울특별시 동대문구 홍릉로 1 청량리 기업은행 앞,37.58040619,127.04482269,"2016-07-06 12:00:00",,8.0,QR,공공자전거 대여소 정보(25.12월 기준).xlsx
634,외국어대 정문 앞,동대문구,서울특별시 동대문구 이문로 107 외국어대 정문 앞,37.59601974,127.05982971,"2016-07-06 12:00:00",24.0,,LCD,공공자전거 대여소 정보(25.12월 기준).xlsx
635,시조사 앞,동대문구,서울특별시 동대문구 이문로1길 11 시조사 앞 (청량고정문 옆),37.58751678,127.05277252,"2016-07-06 12:00:00",12.0,,LCD,공공자전거 대여소 정보(25.12월 기준).xlsx
636,세종대왕기념관 교차로,동대문구,서울특별시 동대문구 회기로 56 세종대왕기념관 교차로,37.59090042,127.04258728,"2016-07-06 12:00:00",9.0,,LCD,공공자전거 대여소 정보(25.12월 기준).xlsx
637,KAIST 경영대학 앞,동대문구,서울특별시 동대문구 회기로 85 KAIST 경영대학 앞,37.59161377,127.04579163,"2016-07-06 12:00:00",10.0,,LCD,공공자전거 대여소 정보(25.12월 기준).xlsx
638,서울시립대 정보기술관,동대문구,서울특별시 동대문구 한천로43길 12-14 서울시립대 정보기술관,37.58300781,127.06097412,"2016-07-06 12:00:00",,10.0,QR,공공자전거 대여소 정보(25.12월 기준).xlsx
639,서울시립대 후문,동대문구,서울특별시 동대문구 한천로43길 12-14 서울시립대 후문,37.58512497,127.06095123,"2016-07-06 12:00:00",,14.0,QR,공공자전거 대여소 정보(25.12월 기준).xlsx
640,동대문경찰서 교차로,동대문구,서울특별시 동대문구 홍릉로 26-1 거리가게,37.58255005,127.04460144,"2016-07-06 12:00:00",6.0,,LCD,공공자전거 대여소 정보(25.12월 기준).xlsx
641,용두역 4번출구,동대문구,서울특별시 동대문구 청계천로 563 용두역 4번출구,37.57375336,127.03853607,"2016-07-06 12:00:00",,10.0,QR,공공자전거 대여소 정보(25.12월 기준).xlsx
642,신답역 사거리,동대문구,서울특별시 동대문구 천호대로 231,37.57035446,127.0484314,"2016-07-06 12:00:00",,9.0,QR,공공자전거 대여소 정보(25.12월 기준).xlsx
643,동대문구민체육센터 (육교아래),동대문구,서울특별시 동대문구 장안동 473-6,37.56697083,127.07429504,"2016-07-06 12:00:00",,10.0,QR,공공자전거 대여소 정보(25.12월 기준).xlsx
648,장안동위더스빌옆,동대문구,서울특별시 동대문구 한천로 42 장안동위더스빌옆,37.56669998,127.06242371,"2017-11-28 11:36:57",15.0,,LCD,공공자전거 대여소 정보(25.12월 기준).xlsx
650,중랑교사거리,동대문구,서울특별시 동대문구 망우로 131 중랑교사거리,37.59153366,127.06774139,"2017-11-28 11:38:45",20.0,,LCD,공공자전거 대여소 정보(25.12월 기준).xlsx
652,답십리 래미안엘파인아파트 입구,동대문구,서울특별시 동대문구 사가정로 190 답십리 래미안엘파인아파트 입구,37.57653046,127.06594086,"2018-11-04 00:00:00",10.0,,LCD,공공자전거 대여소 정보(25.12월 기준).xlsx
654,전농동 텃골공원,동대문구,서울특별시 동대문구 사가정로 65 전농동 텃골공원,37.57762146,127.05210876,"2017-11-28 11:39:15",10.0,,LCD,공공자전거 대여소 정보(25.12월 기준).xlsx
656,영휘원 교차로,동대문구,서울특별시 동대문구 홍릉로 78-1 영휘원 교차로,37.58723831,127.0431366,"2018-10-22 00:00:00",10.0,,LCD,공공자전거 대여소 정보(25.12월 기준).xlsx
657,동대문롯데캐슬아파트 앞,동대문구,서울특별시 동대문구 전농동 695-5,37.57573318,127.04847717,"2018-10-22 00:00:00",13.0,,LCD,공공자전거 대여소 정보(25.12월 기준).xlsx
661,경희대학교 청운관,동대문구,서울특별시 동대문구 경희대로 23 경희의료원,37.59460068,127.05197144,"2018-08-30 00:00:00",15.0,,LCD,공공자전거 대여소 정보(25.12월 기준).xlsx
663,외대앞역 3번출구,동대문구,서울특별시 동대문구 휘경로14가길 31 외대앞역 4번출구,37.59489059,127.06302643,"2018-12-14 00:00:00",10.0,,LCD,공공자전거 대여소 정보(25.12월 기준).xlsx
664,서울시립대 건설공학관,동대문구,서울특별시 동대문구 서울시립대로 163 서울시립대학교,37.58412933,127.05793762,"2019-11-20 00:00:00",10.0,,LCD,공공자전거 대여소 정보(25.12월 기준).xlsx
665,이문동 쌍용아파트 정문,동대문구,서울특별시 동대문구 한천로58길 47 쌍용아파트,37.59960556,127.06864166,"2020-04-19 00:00:00",,11.0,QR,공공자전거 대여소 정보(25.12월 기준).xlsx
666,이문대성유니드아파트 앞,동대문구,서울특별시 동대문구 한천로58길 151 이문동대성유니드아파트,37.60362244,127.0708313,"2020-04-21 00:00:00",,20.0,QR,공공자전거 대여소 정보(25.12월 기준).xlsx
667,청량차도 육교 밑,동대문구,서울특별시 동대문구 청량리동 49,37.58670807,127.04688263,"2020-04-19 00:00:00",,7.0,QR,공공자전거 대여소 정보(25.12월 기준).xlsx
669,청계한신휴플러스앞 삼거리,동대문구,서울특별시 동대문구 서울시립대로 14 청계한신휴플러스,37.57214737,127.04460907,"2020-04-19 00:00:00",,10.0,QR,공공자전거 대여소 정보(25.12월 기준).xlsx
670,삼육서울병원 버스정류장,동대문구,서울특별시 동대문구 망우로 74,37.58968735,127.061409,"2020-04-22 00:00:00",,9.0,QR,공공자전거 대여소 정보(25.12월 기준).xlsx
671,대광빌딩,동대문구,서울특별시 동대문구 신설동 81-197,37.57734299,127.02337646,"2020-03-27 00:00:00",,10.0,QR,공공자전거 대여소 정보(25.12월 기준).xlsx
672,대광고등학교,동대문구,서울특별시 동대문구 안암로 6 대광중고등학교,37.57875061,127.02402496,"2020-03-27 00:00:00",,17.0,QR,공공자전거 대여소 정보(25.12월 기준).xlsx
673,안암골벽산아파트(후문),동대문구,서울특별시 동대문구 약령시로 25 안암골 벽산아파트,37.58407974,127.03103638,"2020-03-28 00:00:00",,10.0,QR,공공자전거 대여소 정보(25.12월 기준).xlsx
674,고대앞사거리 교통섬,동대문구,서울특별시 성북구 안암동5가 40-11,37.58655167,127.03314209,"2020-03-30 00:00:00",,15.0,QR,공공자전거 대여소 정보(25.12월 기준).xlsx
676,FITI시험연구원 앞,동대문구,서울특별시 동대문구 제기동 891-2,37.58143234,127.03547668,"2020-03-28 00:00:00",,9.0,QR,공공자전거 대여소 정보(25.12월 기준).xlsx
678,장안힐스테이트(아) 앞,동대문구,서울특별시 동대문구 장안벚꽃로1길 7 장안 힐스테이트,37.57655716,127.0743103,"2020-04-26 00:00:00",,21.0,QR,공공자전거 대여소 정보(25.12월 기준).xlsx
679,전농SK아파트 앞,동대문구,서울특별시 동대문구 사가정로 150,37.57787704,127.06168365,"2020-04-16 00:00:00",,10.0,QR,공공자전거 대여소 정보(25.12월 기준).xlsx
680,꿈마루어린이도서관 앞,동대문구,서울특별시 동대문구 이문동 346-131,37.59238434,127.05741119,"2020-04-19 00:00:00",,22.0,QR,공공자전거 대여소 정보(25.12월 기준).xlsx
681,서울특별시 동부교육지원청(육교),동대문구,서울특별시 동대문구 전농로 168 서울동부교육지원청,37.5798378,127.0563736,"2020-04-19 00:00:00",,14.0,QR,공공자전거 대여소 정보(25.12월 기준).xlsx
700,KB국민은행 염창역 지점 앞,양천구,서울특별시 양천구 목동 559,37.5468483,126.87277222,"2016-06-29 12:00:00",20.0,,LCD,공공자전거 대여소 정보(25.12월 기준).xlsx
701,목동사거리 부근,양천구,서울특별시 양천구 목동 813,37.53280258,126.86392975,"2016-06-29 12:00:00",8.0,,LCD,공공자전거 대여소 정보(25.12월 기준).xlsx
702,목4동주민센터 옆,양천구,서울특별시 양천구 목동 904-3,37.53254318,126.86872864,"2016-06-29 12:00:00",19.0,,LCD,공공자전거 대여소 정보(25.12월 기준).xlsx
703,오목교역 7번출구 앞,양천구,서울특별시 양천구 목동 451,37.52362823,126.87524414,"2016-06-29 12:00:00",,12.0,QR,공공자전거 대여소 정보(25.12월 기준).xlsx
704,남부법원검찰청 교차로,양천구,서울특별시 양천구 신정동 1095,37.52325439,126.86490631,"2016-06-29 12:00:00",14.0,,LCD,공공자전거 대여소 정보(25.12월 기준).xlsx
706,신정네거리역,양천구,서울특별시 양천구 신월동 894,37.5218811,126.85175323,"2016-06-29 12:00:00",,15.0,QR,공공자전거 대여소 정보(25.12월 기준).xlsx
708,서울출입국관리사무소 앞,양천구,서울특별시 양천구 신정동 319-3,37.51897049,126.8699646,"2016-06-29 12:00:00",16.0,,LCD,공공자전거 대여소 정보(25.12월 기준).xlsx
709,신정3동 현장민원실 앞,양천구,서울특별시 양천구 신정동 760-2,37.51158524,126.84156036,"2016-06-29 12:00:00",20.0,,LCD,공공자전거 대여소 정보(25.12월 기준).xlsx
710,금옥여고보도육교,양천구,신정로 213,37.50971222,126.84416962,"2016-06-29 12:00:00",,10.0,QR,공공자전거 대여소 정보(25.12월 기준).xlsx
711,신일해피트리아파트 앞,양천구,서울특별시 양천구 신월동 1063-4,37.51705933,126.84848785,"2016-06-29 12:00:00",20.0,,LCD,공공자전거 대여소 정보(25.12월 기준).xlsx
712,강월초교입구 사거리,양천구,서울특별시 양천구 신월동 905,37.51699829,126.83831787,"2016-06-29 12:00:00",14.0,,LCD,공공자전거 대여소 정보(25.12월 기준).xlsx
713,양서중학교 옆,양천구,서울특별시 양천구 신월동 790,37.53304672,126.82995605,"2016-06-29 12:00:00",,20.0,QR,공공자전거 대여소 정보(25.12월 기준).xlsx
714,한국SGI 양천문화회관 앞,양천구,서울특별시 양천구 신월동 790,37.532547,126.83080292,"2016-06-29 12:00:00",10.0,,LCD,공공자전거 대여소 정보(25.12월 기준).xlsx
716,신정6동 주민센터 인근,양천구,서울특별시 양천구 목동서로 355,37.51731873,126.86431885,"2016-07-06 12:00:00",23.0,,LCD,공공자전거 대여소 정보(25.12월 기준).xlsx
719,홍익병원앞 교차로,양천구,서울특별시 양천구 등촌로 2,37.5303688,126.86425781,"2016-07-06 12:00:00",10.0,,LCD,공공자전거 대여소 정보(25.12월 기준).xlsx
720,서울강월초등학교 앞,양천구,서울특별시 양천구 신월로 97,37.5161972,126.8348999,"2016-07-06 12:00:00",10.0,,LCD,공공자전거 대여소 정보(25.12월 기준).xlsx
722,경서농협 버스정류장(우리은행신정동지점방향),양천구,서울특별시 양천구 신월로 328,37.52151108,126.85738373,"2017-11-01 16:00:00",10.0,,LCD,공공자전거 대여소 정보(25.12월 기준).xlsx
723,SBS방송국,양천구,서울특별시 양천구 목동서로161,37.52916336,126.87274933,"2017-11-01 16:00:00",15.0,,LCD,공공자전거 대여소 정보(25.12월 기준).xlsx
724,계남공원 입구 주출입구 좌측,양천구,서울특별시 양천구 신정동 621-14,37.51059723,126.85732269,"2017-11-01 16:00:00",10.0,,LCD,공공자전거 대여소 정보(25.12월 기준).xlsx
725,양강중학교앞 교차로,양천구,서울특별시 양천구 남부순환로88길5-16,37.52433395,126.85054779,"2017-11-01 16:00:00",15.0,,LCD,공공자전거 대여소 정보(25.12월 기준).xlsx
726,목동3단지 시내버스정류장,양천구,서울특별시 양천구 목동중앙로 49,37.5343895,126.86959839,"2017-11-01 16:00:00",18.0,,LCD,공공자전거 대여소 정보(25.12월 기준).xlsx
729,서부식자재마트 건너편,양천구,서울특별시 양천구 신정동 236,37.51037979,126.8667984,"2017-11-01 16:00:00",10.0,,LCD,공공자전거 대여소 정보(25.12월 기준).xlsx
731,서울시 도로환경관리센터,양천구,서울특별시 양천구 목동동로 316-6,37.5298996,126.87654114,"2017-11-01 16:00:00",10.0,,LCD,공공자전거 대여소 정보(25.12월 기준).xlsx
733,신정이펜하우스314동,양천구,서울특별시 양천구 신정이펜1로50,37.51409912,126.83100128,"2017-11-01 16:00:00",10.0,,LCD,공공자전거 대여소 정보(25.12월 기준).xlsx
734,신트리공원 입구,양천구,서울특별시 양천구 신정동 310-8,37.51395035,126.85605621,"2017-11-01 16:00:00",10.0,,LCD,공공자전거 대여소 정보(25.12월 기준).xlsx
735,영도초등학교,양천구,서울특별시 양천구 목동중앙로 70,37.53637695,126.87151337,"2017-11-01 16:00:00",10.0,,LCD,공공자전거 대여소 정보(25.12월 기준).xlsx
736,오솔길공원,양천구,서울특별시 양천구 남부순환로70길11-9,37.52219009,126.83670044,"2017-11-01 16:00:00",10.0,,LCD,공공자전거 대여소 정보(25.12월 기준).xlsx
737,장수공원,양천구,서울특별시 양천구 신월로 894,37.52256012,126.84947968,"2017-11-01 16:00:00",10.0,,LCD,공공자전거 대여소 정보(25.12월 기준).xlsx
739,신월사거리,양천구,서울특별시 양천구 신월동 263,37.53620148,126.82779694,"2017-11-01 16:00:00",15.0,,LCD,공공자전거 대여소 정보(25.12월 기준).xlsx
740,으뜸공원,양천구,서울특별시 양천구 가로공원로 133,37.53636932,126.83171082,"2017-11-01 16:00:00",10.0,,LCD,공공자전거 대여소 정보(25.12월 기준).xlsx
741,화곡로 입구 교차로,양천구,서울특별시 양천구 신월동 258,37.53952026,126.82540131,"2017-11-01 16:00:00",10.0,,LCD,공공자전거 대여소 정보(25.12월 기준).xlsx
742,등촌역 5번 출구 뒤,양천구,서울특별시 양천구 등촌로 236,37.55073166,126.86457825,"2017-11-01 16:00:00",10.0,,LCD,공공자전거 대여소 정보(25.12월 기준).xlsx
743,현대6차아파트 101동 옆,양천구,서울특별시 양천구 신정동 735-5,37.50889969,126.84268188,"2017-11-01 16:00:00",10.0,,LCD,공공자전거 대여소 정보(25.12월 기준).xlsx
744,신목동역 2번 출구,양천구,서울특별시 양천구 목동중앙로 212 앞,37.54384232,126.88254547,"2017-11-01 16:00:00",,40.0,QR,공공자전거 대여소 정보(25.12월 기준).xlsx
745,강서초등학교,양천구,서울특별시 양천구 오목로 31 부근,37.52228165,126.83969879,"2017-11-01 16:00:00",10.0,,LCD,공공자전거 대여소 정보(25.12월 기준).xlsx
746,목동2단지 상가,양천구,서울특별시  양천구 목동 902-5,37.53650284,126.87774658,"2017-11-01 16:00:00",10.0,,LCD,공공자전거 대여소 정보(25.12월 기준).xlsx
747,목동3단지 상가,양천구,서울특별시 양천구 목동 903-6,37.53458023,126.8756485,"2017-11-01 16:00:00",10.0,,LCD,공공자전거 대여소 정보(25.12월 기준).xlsx
748,목동운동장,양천구,서울특별시 양천구 안양천로 939,37.53025055,126.87930298,"2017-11-01 16:00:00",15.0,,LCD,공공자전거 대여소 정보(25.12월 기준).xlsx
749,이대목동병원보도육교,양천구,서울특별시 양천구 목동 911-10,37.53722763,126.88661194,"2018-07-04 00:00:00",10.0,,LCD,공공자전거 대여소 정보(25.12월 기준).xlsx
750,연의근린공원 건너편,양천구,서울특별시 양천구 신정로7길 92,37.51215744,126.83562469,"2018-02-26 11:37:37",10.0,,LCD,공공자전거 대여소 정보(25.12월 기준).xlsx
752,성원2차 아파트,양천구,서울특별시 양천구 목동중앙남로 100,37.54218292,126.86330414,"2018-02-26 11:39:47",10.0,,LCD,공공자전거 대여소 정보(25.12월 기준).xlsx
754,목동1단지아파트 118동 앞,양천구,양천구 목동서로 38,37.54114151,126.87667847,"2018-09-27 00:00:00",10.0,,LCD,공공자전거 대여소 정보(25.12월 기준).xlsx
755,목동1단지아파트 상가 앞,양천구,양천구 목동서로 38,37.5378685,126.88140869,"2018-09-27 00:00:00",10.0,,LCD,공공자전거 대여소 정보(25.12월 기준).xlsx
756,목동주차장,양천구,양천구 목동동로 298,37.52667999,126.8761673,"2018-09-27 00:00:00",15.0,,LCD,공공자전거 대여소 정보(25.12월 기준).xlsx
757,신정이펜하우스 1단지아파트 입구 사거리,양천구,양천구 신정이펜1로 99,37.51427841,126.82874298,"2018-09-27 00:00:00",10.0,,LCD,공공자전거 대여소 정보(25.12월 기준).xlsx
758,한사랑교회 앞,양천구,양천구 목동동로 33,37.51472092,126.85919952,"2018-09-27 00:00:00",13.0,,LCD,공공자전거 대여소 정보(25.12월 기준).xlsx
759,보아스아파트 앞,양천구,양천구 오목로3길 32,37.52407074,126.83860016,"2018-09-20 00:00:00",10.0,,LCD,공공자전거 대여소 정보(25.12월 기준).xlsx
760,잣절보도육교 아래,양천구,양천구 남부순환로 699,37.50682068,126.84429932,"2018-10-15 00:00:00",10.0,,LCD,공공자전거 대여소 정보(25.12월 기준).xlsx
762,오목로 무중력지대 앞,양천구,양천구 신목로 126,37.52474213,126.87766266,"2018-09-27 00:00:00",10.0,,LCD,공공자전거 대여소 정보(25.12월 기준).xlsx
763,목동11단지 아파트,양천구,목동동로 10,37.51065826,126.85916138,"2018-11-05 00:00:00",10.0,,LCD,공공자전거 대여소 정보(25.12월 기준).xlsx
764,목동청소년수련관,양천구,양천구 목동동로 323,37.53102875,126.87589264,"2018-10-26 00:00:00",30.0,,LCD,공공자전거 대여소 정보(25.12월 기준).xlsx
765,오목교역 3번출구,양천구,서울특별시 양천구 목동동로 270,37.52477646,126.87548065,"2019-01-02 00:00:00",12.0,,LCD,공공자전거 대여소 정보(25.12월 기준).xlsx
766,신목동역 3번출구,양천구,양천구 목동 136-1,37.54394913,126.883461,"2019-03-12 00:00:00",15.0,,LCD,공공자전거 대여소 정보(25.12월 기준).xlsx
767,신정숲속마을아파트,양천구,양천구 신정로 110,37.50574493,126.83631134,"2020-03-11 00:00:00",,10.0,QR,공공자전거 대여소 정보(25.12월 기준).xlsx
768,목동5단지아파트 501동,양천구,양천구 목동,37.53566742,126.88158417,"2020-03-12 00:00:00",,15.0,QR,공공자전거 대여소 정보(25.12월 기준).xlsx
769,CBS방송국 앞,양천구,양천구 목동 917-1,37.52785492,126.87467194,"2020-03-15 00:00:00",,20.0,QR,공공자전거 대여소 정보(25.12월 기준).xlsx
770,목동역5번출구 교통정보센터 앞,양천구,양천구 목동로 186,37.52571487,126.86486816,"2020-03-13 00:00:00",,15.0,QR,공공자전거 대여소 정보(25.12월 기준).xlsx
771,목동아파트 703동 앞,양천구,양천구 목동로 186,37.52820587,126.87016296,"2020-03-13 00:00:00",,8.0,QR,공공자전거 대여소 정보(25.12월 기준).xlsx
773,"염창역 3, 4번 출구 사이",양천구,공항대로 630,37.54670715,126.87457275,"2020-03-16 00:00:00",,10.0,QR,공공자전거 대여소 정보(25.12월 기준).xlsx
774,등촌역 4번 출구,양천구,양천구 목동 603-2,37.54950714,126.86721802,"2020-03-16 00:00:00",,11.0,QR,공공자전거 대여소 정보(25.12월 기준).xlsx
775,세종그랑시아 앞(102동),양천구,양천구 목동중앙남로3가길 59,37.53837585,126.86383057,"2020-03-16 00:00:00",,10.0,QR,공공자전거 대여소 정보(25.12월 기준).xlsx
776,목마공원,양천구,양평교 하부,37.53874207,126.88568115,"2020-03-13 00:00:00",,15.0,QR,공공자전거 대여소 정보(25.12월 기준).xlsx
777,신월6차보람아파트 앞,양천구,양천구 곰달래로7길 7,37.53012848,126.83477783,"2020-03-11 00:00:00",,10.0,QR,공공자전거 대여소 정보(25.12월 기준).xlsx
779,신정1동 주민센터 앞,양천구,양천구 중앙로 250,37.51854324,126.85388184,"2020-03-09 00:00:00",,20.0,QR,공공자전거 대여소 정보(25.12월 기준).xlsx
780,신정교 하부,양천구,양천구 신정동 871-37,37.5173378,126.8776474,"2020-03-11 00:00:00",,15.0,QR,공공자전거 대여소 정보(25.12월 기준).xlsx
781,신정보도육교 아래,양천구,양천구 신목로 10,37.51759338,126.8765564,"2020-03-11 00:00:00",,15.0,QR,공공자전거 대여소 정보(25.12월 기준).xlsx
782,서남병원 후문,양천구,양천구 신정이펜1로 20,37.51167297,126.83274078,"2020-03-15 00:00:00",,20.0,QR,공공자전거 대여소 정보(25.12월 기준).xlsx
785,"양천구청, 보건소 사잇길",양천구,양천구 신정동 321-8,37.51747513,126.86632538,"2020-03-15 00:00:00",,24.0,QR,공공자전거 대여소 정보(25.12월 기준).xlsx
786,목동아파트 8단지 상가동 앞,양천구,양천구 목동서로 280,37.52007294,126.86830139,"2020-03-18 00:00:00",,9.0,QR,공공자전거 대여소 정보(25.12월 기준).xlsx
787,양천아파트 입구,양천구,양천구 목동로3길 41,37.50790405,126.86264801,"2020-03-09 00:00:00",,14.0,QR,공공자전거 대여소 정보(25.12월 기준).xlsx
788,양천구청역 2번출구 옆,양천구,양천구 목동로3길 57,37.51228714,126.86528015,"2020-03-06 00:00:00",,15.0,QR,공공자전거 대여소 정보(25.12월 기준).xlsx
790,화곡고가 사거리,양천구,양천구 신월동 455-5,37.52760696,126.84875488,"2020-03-11 00:00:00",,30.0,QR,공공자전거 대여소 정보(25.12월 기준).xlsx
791,현대하이페리온,양천구,오목로300(205동앞 서쪽방향),37.52490616,126.86978912,"2020-03-13 00:00:00",,15.0,QR,공공자전거 대여소 정보(25.12월 기준).xlsx
792,목동트라팰리스 웨스턴에비뉴,양천구,오목로299(이마트 출입구측),37.52537155,126.8709259,"2020-03-13 00:00:00",,20.0,QR,공공자전거 대여소 정보(25.12월 기준).xlsx
793,목동5단지아파트 534동,양천구,서울특별시 양천구 목동동로 350 목동신시가지아파트5단지,37.53302002,126.87789917,"2020-03-12 00:00:00",,15.0,QR,공공자전거 대여소 정보(25.12월 기준).xlsx
794,양천문화회관,양천구,양천구 신정동 323-1,37.51686478,126.86296082,"2020-04-20 00:00:00",,10.0,QR,공공자전거 대여소 정보(25.12월 기준).xlsx
795,양천 해누리타운,양천구,양천구 신정동 327-4,37.51584244,126.86411285,"2020-04-20 00:00:00",,22.0,QR,공공자전거 대여소 정보(25.12월 기준).xlsx
796,목동아파트 14단지 B상가 앞,양천구,양천구 신정동 330,37.5146637,126.87194061,"2020-04-20 00:00:00",,10.0,QR,공공자전거 대여소 정보(25.12월 기준).xlsx
797,목동아파트 1422동 1434동 사잇길,양천구,양천구 신정동 332-2,37.51515579,126.87248993,"2020-04-20 00:00:00",,10.0,QR,공공자전거 대여소 정보(25.12월 기준).xlsx
800,목월공원 앞,용산구,서울특별시 용산구 원효로4가 109-10 목월공원 앞,37.53243256,126.95474243,"2016-06-29 12:00:00",15.0,,LCD,공공자전거 대여소 정보(25.12월 기준).xlsx
802,한강진역 2번 출구 앞,용산구,서울특별시 용산구 한남동 726-494 한강진역 2번 출구 앞,37.54115295,127.00221252,"2016-06-29 12:00:00",9.0,,LCD,공공자전거 대여소 정보(25.12월 기준).xlsx
805,문배어린이공원 앞,용산구,서울특별시 용산구 문배동 34-10 문배어린이공원 앞,37.53675842,126.97000122,"2016-06-29 12:00:00",9.0,,LCD,공공자전거 대여소 정보(25.12월 기준).xlsx
806,전자랜드 본관 앞,용산구,서울특별시 용산구 한강로3가 16-8 전자랜드 본관 앞,37.5330658,126.96073151,"2016-06-29 12:00:00",20.0,,LCD,공공자전거 대여소 정보(25.12월 기준).xlsx
807,서울역 12번 출구 앞,용산구,서울특별시 용산구 동자동 14-229 서울역 12번 출구 앞,37.55227661,126.97268677,"2016-06-29 12:00:00",,10.0,QR,공공자전거 대여소 정보(25.12월 기준).xlsx
808,서빙고동 금호맨션 앞,용산구,서울특별시 용산구 서빙고동 235-5 서빙고동 금호맨션 앞,37.520504,126.98973846,"2016-06-29 12:00:00",,10.0,QR,공공자전거 대여소 정보(25.12월 기준).xlsx
809,한남 유수지 복개주차장,용산구,서울특별시 용산구 독서당로 18 한남 유수지 복개주차장,37.53016663,127.00743866,"2016-06-29 12:00:00",,10.0,QR,공공자전거 대여소 정보(25.12월 기준).xlsx
810,이태원지하보도,용산구,서울특별시 용산구 용산동2가 5-1812 이태원지하보도,37.53841019,126.98664856,"2016-06-29 12:00:00",10.0,,LCD,공공자전거 대여소 정보(25.12월 기준).xlsx
811,녹사평역1번출구,용산구,서울특별시 용산구 용산동2가 6-7 녹사평역1번출구,37.53507996,126.98538208,"2016-06-29 12:00:00",,20.0,QR,공공자전거 대여소 정보(25.12월 기준).xlsx
813,삼각지역 3번출구,용산구,서울특별시 용산구 한강로1가 228-1 삼각지역 3번출구,37.53351212,126.97227478,"2016-06-29 12:00:00",,20.0,QR,공공자전거 대여소 정보(25.12월 기준).xlsx
815,LIG강촌아파트 103동앞,용산구,서울특별시 용산구 이촌동301-5 LIG강촌아파트 103동앞,37.51850891,126.97879791,"2016-06-29 12:00:00",,30.0,QR,공공자전거 대여소 정보(25.12월 기준).xlsx
816,신용산역 6번출구 앞,용산구,서울특별시 용산구 한강대로 115 신용산역 6번출구 앞,37.53014755,126.96848297,"2016-07-06 12:00:00",25.0,,LCD,공공자전거 대여소 정보(25.12월 기준).xlsx
817,삼각지역 4번출구 앞,용산구,서울특별시 용산구 한강대로 161 삼각지역 4번출구 앞,37.53345108,126.97173309,"2016-07-06 12:00:00",,9.0,QR,공공자전거 대여소 정보(25.12월 기준).xlsx
818,숙명여대 입구 교차로,용산구,서울특별시 용산구 청파로47길 100 숙명여대 입구 교차로,37.54489517,126.96938324,"2016-07-06 12:00:00",,12.0,QR,공공자전거 대여소 정보(25.12월 기준).xlsx
819,선린인터넷 고등학교,용산구,서울특별시 용산구 원효로97길 33-4 선린인터넷 고등학교,37.54165268,126.97050476,"2016-07-06 12:00:00",12.0,,LCD,공공자전거 대여소 정보(25.12월 기준).xlsx
820,청파동입구 교차로,용산구,서울특별시 용산구 한강대로 349 청파동입구 교차로,37.54902649,126.97194672,"2016-07-06 12:00:00",10.0,,LCD,공공자전거 대여소 정보(25.12월 기준).xlsx
822,이촌1동 마을공원,용산구,서울특별시 용산구 이촌로 219 이촌1동 마을공원,37.52202606,126.96618652,"2016-07-06 12:00:00",,10.0,QR,공공자전거 대여소 정보(25.12월 기준).xlsx
823,효창동주민센터 앞,용산구,서울특별시 용산구 효창원로 161 효창동주민센터 앞,37.54232025,126.96195984,"2016-07-06 12:00:00",,10.0,QR,공공자전거 대여소 정보(25.12월 기준).xlsx
825,서빙고동 주민센터 앞,용산구,서울특별시 용산구 서빙고로 279 서빙고동 주민센터 앞,37.52033615,126.9942627,"2016-07-06 12:00:00",,15.0,QR,공공자전거 대여소 정보(25.12월 기준).xlsx
826,서울역 서부교차로2,중구,서울특별시 중구 퇴계로 33 서울역 서부교차로2,37.55536652,126.96864319,"2017-08-03 13:14:52",20.0,,LCD,공공자전거 대여소 정보(25.12월 기준).xlsx
827,국군복지단,용산구,서울특별시 용산구 두텁바위로 54-99 국군복지단,37.54188538,126.97966003,"2017-11-28 11:56:23",14.0,,LCD,공공자전거 대여소 정보(25.12월 기준).xlsx
828,숙대입구역 8번,용산구,서울특별시 용산구 한강대로 289 숙대입구역 8번,37.54407883,126.97200012,"2017-11-28 11:57:13",7.0,,LCD,공공자전거 대여소 정보(25.12월 기준).xlsx
829,한강대교 북단 교차로,용산구,서울특별시 용산구 한강대로 23 베르가모앞,37.52293015,126.96169281,"2017-11-28 11:57:57",40.0,,LCD,공공자전거 대여소 정보(25.12월 기준).xlsx
830,강변삼성스위트아파트 앞,용산구,서울특별시 용산구 원효로 35 청암자이아파트앞,37.53442383,126.94857025,"2017-11-28 11:58:57",10.0,,LCD,공공자전거 대여소 정보(25.12월 기준).xlsx
832,이촌1동 주민센터 뒤,용산구,서울특별시 용산구 이촌로71길 24 이촌1동 주민센터 뒤,37.5212822,126.97346497,"2017-12-22 14:16:58",20.0,,LCD,공공자전거 대여소 정보(25.12월 기준).xlsx
834,효창공원앞역 3번출구 뒤,용산구,서울특별시 용산구 백범로 지하 287 효창공원앞역 3번출구 뒤,37.53900909,126.96138,"2017-12-22 14:18:31",,15.0,QR,공공자전거 대여소 정보(25.12월 기준).xlsx
835,남영역 건너편,용산구,서울특별시 용산구 한강대로77길 18 남영역 건너편,37.54198074,126.97154236,"2017-12-22 14:20:27",10.0,,LCD,공공자전거 대여소 정보(25.12월 기준).xlsx
836,현대자동차서비스 앞,용산구,서울특별시 용산구 원효로 74 현대자동차서비스 앞,37.53142166,126.95149994,"2017-12-22 14:21:30",15.0,,LCD,공공자전거 대여소 정보(25.12월 기준).xlsx
837,한남나들목 입구,용산구,서울특별시 용산구 서빙고로 417 한남나들목 입구,37.52906036,127.00672913,"2017-12-22 14:22:33",10.0,,LCD,공공자전거 대여소 정보(25.12월 기준).xlsx
838,숙대입구역 4번출구,용산구,서울특별시 용산구 한강대로 지하 306 숙대입구역 4번출구,37.5444603,126.97238922,"2018-12-14 00:00:00",8.0,,LCD,공공자전거 대여소 정보(25.12월 기준).xlsx
839,보광동 삼성리버빌아파트 앞,용산구,서울특별시 용산구 보광로5길 40 보광동 삼성리버빌아파트 앞,37.5240097,127.00144958,"2018-12-14 00:00:00",10.0,,LCD,공공자전거 대여소 정보(25.12월 기준).xlsx
840,용산 파크타워 앞,용산구,서울특별시 용산구 서빙고로 67 용산 파크타워 앞,37.52365112,126.97026825,"2018-10-14 00:00:00",10.0,,LCD,공공자전거 대여소 정보(25.12월 기준).xlsx
841,신용산역 1번 출구,용산구,서울특별시 용산구 한강대로 100 신용산역 1번 출구,37.52960968,126.96887207,"2018-10-12 00:00:00",,30.0,QR,공공자전거 대여소 정보(25.12월 기준).xlsx
843,이태원관광특구B(용산구청쪽),용산구,서울특별시 용산구 이태원로 134 녹사평역 광장,37.53379822,126.98867035,"2018-10-07 00:00:00",,19.0,QR,공공자전거 대여소 정보(25.12월 기준).xlsx
844,이촌2동 동원베네스트 아파트 앞,용산구,서울특별시 용산구 이촌로14길 7 이촌2동 동원베네스트 아파트 앞,37.5271492,126.95516205,"2018-10-19 00:00:00",15.0,,LCD,공공자전거 대여소 정보(25.12월 기준).xlsx
845,용산 선인상가,용산구,서울특별시 용산구 새창로 181 선인상가,37.53269958,126.96437836,"2018-09-09 00:00:00",16.0,,LCD,공공자전거 대여소 정보(25.12월 기준).xlsx
846,용산중학교,용산구,서울특별시 용산구 두텁바위로 74 용산중학교,37.54650116,126.9809494,"2018-12-14 00:00:00",15.0,,LCD,공공자전거 대여소 정보(25.12월 기준).xlsx
848,삼각지12번 출구,용산구,서울특별시 용산구 이태원로 29 전쟁기념관,37.53488922,126.97562408,"2020-03-28 00:00:00",,10.0,QR,공공자전거 대여소 정보(25.12월 기준).xlsx
849,삼각지 자이아파트,용산구,서울특별시 용산구 한강대로 205 용산파크자이,37.53607941,126.97341919,"2020-03-30 00:00:00",,20.0,QR,공공자전거 대여소 정보(25.12월 기준).xlsx
850,KCC용산월츠타워,용산구,서울특별시 용산구 백범로90길 34 구두수선대,37.53739929,126.96892548,"2020-03-28 00:00:00",,15.0,QR,공공자전거 대여소 정보(25.12월 기준).xlsx
851,효창 푸르지오 앞,용산구,서울특별시 용산구 백범로 260 효창파크 푸르지오,37.54047775,126.95811462,"2020-03-28 00:00:00",,10.0,QR,공공자전거 대여소 정보(25.12월 기준).xlsx
852,청암자이아파트 앞,용산구,서울특별시 용산구 삼개로 60 천년명가 청암자이,37.53452682,126.9471817,"2020-03-28 00:00:00",,30.0,QR,공공자전거 대여소 정보(25.12월 기준).xlsx
853,용산역 맞은편,용산구,서울특별시 용산구 한강로2가 408-5,37.52848816,126.9658432,"2020-04-07 00:00:00",,19.0,QR,공공자전거 대여소 정보(25.12월 기준).xlsx
854,HID 유족동지회 앞,용산구,서울특별시 용산구 이태원로 287 6호선 한강진역,37.53872681,127.00154877,"2020-04-05 00:00:00",,10.0,QR,공공자전거 대여소 정보(25.12월 기준).xlsx
855,이촌역5번출구 앞,용산구,서울특별시 용산구 서빙고로 83 4호선 이촌역,37.52272415,126.97277069,"2020-04-07 00:00:00",,10.0,QR,공공자전거 대여소 정보(25.12월 기준).xlsx
857,현대 안성타워,용산구,서울특별시 용산구 이태원로 261-1 구두수선대,37.53502274,126.9980545,"2020-04-07 00:00:00",,10.0,QR,공공자전거 대여소 정보(25.12월 기준).xlsx
858,녹사평역3번 출구,용산구,서울특별시 용산구 용산동4가 10-4,37.53440857,126.9868927,"2020-04-07 00:00:00",,10.0,QR,공공자전거 대여소 정보(25.12월 기준).xlsx
859,남산공원 야외식물원 앞,용산구,서울특별시 용산구 이태원동 259-16,37.54188538,126.99586487,"2020-04-05 00:00:00",,10.0,QR,공공자전거 대여소 정보(25.12월 기준).xlsx
860,LG한강 자이아파트 앞,용산구,서울특별시 용산구 이촌동 429,37.52074814,126.9708252,"2020-04-07 00:00:00",,22.0,QR,공공자전거 대여소 정보(25.12월 기준).xlsx
863,이촌역2번 출구,용산구,서울특별시 용산구 용산동5가 17,37.52177048,126.977005,"2020-04-07 00:00:00",,10.0,QR,공공자전거 대여소 정보(25.12월 기준).xlsx
864,순천향대학병원(한남오거리),용산구,서울특별시 용산구 한남동 704-11,37.53514099,127.00600433,"2020-04-05 00:00:00",,10.0,QR,공공자전거 대여소 정보(25.12월 기준).xlsx
866,브라운스톤 남산아파트,용산구,서울특별시 용산구 후암로 65 브라운스톤 남산아파트,37.551548,126.97686005,"2020-03-30 00:00:00",,10.0,QR,공공자전거 대여소 정보(25.12월 기준).xlsx
867,서빙고역 광장(1번출구),용산구,서울특별시 용산구 서빙고동 241-37,37.51990891,126.98923492,"2020-04-07 00:00:00",,10.0,QR,공공자전거 대여소 정보(25.12월 기준).xlsx
869,노들섬 동측 앞,용산구,서울특별시 용산구 이촌동 303-8,37.51729584,126.95914459,"2020-04-03 00:00:00",,10.0,QR,공공자전거 대여소 정보(25.12월 기준).xlsx
870,노들섬 서측 앞,용산구,서울특별시 용산구 이촌동 304-11,37.51731873,126.95829773,"2020-04-03 00:00:00",,10.0,QR,공공자전거 대여소 정보(25.12월 기준).xlsx
900,은평예술회관,은평구,서울특별시 은평구 녹번동 85-4 은평예술회관,37.60394287,126.92769623,"2016-09-02 11:00:00",,20.0,QR,공공자전거 대여소 정보(25.12월 기준).xlsx
902,진관동 은빛초등학교,은평구,서울특별시 은평구 진관동 45-21 진관동 은빛초등학교,37.64310837,126.91822052,"2016-09-02 11:00:00",10.0,,LCD,공공자전거 대여소 정보(25.12월 기준).xlsx
903,은평뉴타운 아이파크,은평구,서울특별시 은평구 진관동 13-20 은평뉴타운 아이파크,37.64586639,126.92739105,"2016-09-02 11:00:00",,20.0,QR,공공자전거 대여소 정보(25.12월 기준).xlsx
904,은평뉴타운 푸르지오,은평구,서울특별시 은평구 진관동 5-8 은평뉴타운 푸르지오,37.64867401,126.93070221,"2016-09-02 11:00:00",18.0,,LCD,공공자전거 대여소 정보(25.12월 기준).xlsx
905,구파발역 2번출구,은평구,서울특별시 은평구 진관동 86-31 구파발역 2번출구,37.63623428,126.91899872,"2016-09-02 11:00:00",,10.0,QR,공공자전거 대여소 정보(25.12월 기준).xlsx
906,연신내역 5번출구,은평구,서울특별시 은평구 대조동 207-8 연신내역 5번출구,37.61721039,126.91957855,"2016-09-02 11:00:00",10.0,,LCD,공공자전거 대여소 정보(25.12월 기준).xlsx
907,CJ 드림시티,은평구,서울특별시 은평구 역촌동 43-11 CJ 드림시티,37.59949112,126.91686249,"2016-09-02 11:00:00",10.0,,LCD,공공자전거 대여소 정보(25.12월 기준).xlsx
908,구산역 4번출구,은평구,서울특별시 은평구 갈현동 536-8 구산역 4번출구,37.61318588,126.91735077,"2016-09-02 11:00:00",10.0,,LCD,공공자전거 대여소 정보(25.12월 기준).xlsx
909,백련산 힐스테이트 3차,은평구,서울특별시 은평구 응암동 761-9 백련산 힐스테이트 3차,37.58699417,126.92288208,"2016-09-02 11:00:00",,10.0,QR,공공자전거 대여소 정보(25.12월 기준).xlsx
911,은평평화공원(역촌역4번출구),은평구,서울특별시 은평구 녹번동 153-31 은평평화공원(역촌역4번출구),37.60558319,126.92293549,"2016-09-02 11:00:00",10.0,,LCD,공공자전거 대여소 정보(25.12월 기준).xlsx
912,응암오거리,은평구,서울특별시 은평구 응암동 604-5 응암오거리,37.58966064,126.91694641,"2016-09-02 11:00:00",20.0,,LCD,공공자전거 대여소 정보(25.12월 기준).xlsx
913,이마트 버스정류장(서부경찰서 방면),은평구,서울특별시 은평구 응암동 90-15 이마트 은평점,37.60070038,126.92012787,"2016-09-02 11:00:00",15.0,,LCD,공공자전거 대여소 정보(25.12월 기준).xlsx
914,새절역 2번출구,은평구,서울특별시 은평구 응암동 610-3 새절역 2번출구,37.59079742,126.91365051,"2016-09-02 11:00:00",20.0,,LCD,공공자전거 대여소 정보(25.12월 기준).xlsx
915,증산역 4번출구,은평구,서울특별시 은평구 증산동 199-8 증산역 4번출구,37.5843811,126.90989685,"2016-09-02 11:00:00",10.0,,LCD,공공자전거 대여소 정보(25.12월 기준).xlsx
916,평생학습관 앞,은평구,서울특별시 은평구 역촌동 15-40 평생학습관 앞,37.60784912,126.92132568,"2016-09-02 11:00:00",13.0,,LCD,공공자전거 대여소 정보(25.12월 기준).xlsx
917,녹번역 3번출구,은평구,서울특별시 은평구 은평로 234-2 구두수선대,37.60078049,126.93521118,"2016-09-02 11:00:00",,10.0,QR,공공자전거 대여소 정보(25.12월 기준).xlsx
919,서울혁신파크,은평구,서울특별시 은평구 녹번동 15-2 서울혁신파크,37.60702515,126.93331146,"2016-09-02 11:00:00",10.0,,LCD,공공자전거 대여소 정보(25.12월 기준).xlsx
921,신도고등학교,은평구,서울특별시 은평구 진관동 242-14 신도고등학교,37.63001633,126.91902924,"2016-09-02 11:00:00",8.0,,LCD,공공자전거 대여소 정보(25.12월 기준).xlsx
922,연신내역 4번출구,은평구,서울특별시 은평구 대조동 227-2 연신내역 4번출구,37.61780167,126.92196655,"2016-09-02 11:00:00",10.0,,LCD,공공자전거 대여소 정보(25.12월 기준).xlsx
923,국민은행 연서지점,은평구,서울특별시 은평구 불광동 355 국민은행 연서지점,37.62094879,126.92563629,"2016-09-02 11:00:00",10.0,,LCD,공공자전거 대여소 정보(25.12월 기준).xlsx
925,불광역 2번출구,은평구,서울특별시 은평구 불광동 285-43 불광역 2번출구,37.60956573,126.93097687,"2016-09-02 11:00:00",8.0,,LCD,공공자전거 대여소 정보(25.12월 기준).xlsx
927,연신내역 3번출구 인근,은평구,서울특별시 은평구 불광동 304-5 연신내역 3번출구 인근,37.61785507,126.9225235,"2016-09-02 11:00:00",10.0,,LCD,공공자전거 대여소 정보(25.12월 기준).xlsx
928,은평역사한옥박물관,은평구,서울특별시 은평구 진관동 133-29 은평역사한옥박물관,37.64131546,126.93804169,"2016-09-02 11:00:00",15.0,,LCD,공공자전거 대여소 정보(25.12월 기준).xlsx
930,구 서부경찰서 건너편,은평구,서울특별시 은평구 역촌동 41-7 구 서부경찰서 건너편,37.60166168,126.92030334,"2016-09-02 11:00:00",7.0,,LCD,공공자전거 대여소 정보(25.12월 기준).xlsx
931,역촌파출소,은평구,서울특별시 은평구 역촌동 45-34 역촌파출소,37.60473633,126.91533661,"2016-09-02 11:00:00",19.0,,LCD,공공자전거 대여소 정보(25.12월 기준).xlsx
932,예일여중,은평구,서울특별시 은평구 연서로 117 예일여중,37.61000443,126.91639709,"2016-09-02 11:00:00",20.0,,LCD,공공자전거 대여소 정보(25.12월 기준).xlsx
933,역촌종합시장 버스정류장(예일여고 방면),은평구,서울특별시 은평구 서오릉로 163 LG서비스 역촌점,37.61248398,126.91487885,"2016-09-02 11:00:00",15.0,,LCD,공공자전거 대여소 정보(25.12월 기준).xlsx
937,상림마을 롯데캐슬2단지 옆,은평구,서울특별시 은평구 진관동 30-23 상림마을 롯데캐슬2단지 옆,37.64585114,126.92379761,"2017-11-01 16:00:00",10.0,,LCD,공공자전거 대여소 정보(25.12월 기준).xlsx
938,금암 문화공원,은평구,서울특별시 진관동 44-28 금암 문화공원,37.64468384,126.91845703,"2017-11-01 16:00:00",10.0,,LCD,공공자전거 대여소 정보(25.12월 기준).xlsx
939,은평구청 교차로,은평구,서울특별시 응암동 82-31 은평구청 교차로,37.60169983,126.92742157,"2017-11-01 16:00:00",15.0,,LCD,공공자전거 대여소 정보(25.12월 기준).xlsx
941,은평뉴타운 도서관,은평구,서울특별시 진관동 141-27 은평뉴타운 도서관,37.63722229,126.93330383,"2017-11-01 16:00:00",13.0,,LCD,공공자전거 대여소 정보(25.12월 기준).xlsx
942,상림마을 생태공원,은평구,서울특별시 진관동 16-4 상림마을 생태공원,37.64408112,126.92928314,"2017-11-01 16:00:00",9.0,,LCD,공공자전거 대여소 정보(25.12월 기준).xlsx
943,은평구청 보건소,은평구,서울특별시 녹번동 84 은평구청 보건소,37.60240173,126.9286499,"2017-11-01 16:00:00",10.0,,LCD,공공자전거 대여소 정보(25.12월 기준).xlsx
945,기자촌 사거리 A,은평구,서울특별시 은평구 진관동 149-17 기자촌 사거리,37.63414001,126.93234253,"2017-11-01 16:00:00",10.0,,LCD,공공자전거 대여소 정보(25.12월 기준).xlsx
946,독바위역,은평구,서울특별시 불광로 129 독바위역,37.61843872,126.93288422,"2018-05-30 00:00:00",,16.0,QR,공공자전거 대여소 정보(25.12월 기준).xlsx
947,연신내 선일하이츠빌 정류소,은평구,서울특별시 불광동 484-165 연신내 선일하이츠빌 정류소,37.62266922,126.91999054,"2017-11-01 16:00:00",10.0,,LCD,공공자전거 대여소 정보(25.12월 기준).xlsx
948,디지털미디어 시티역 4번출구(DMC역),은평구,서울특별시 증산동 239 디지털미디어 시티역 4번출구,37.57720184,126.90235138,"2017-11-01 16:00:00",10.0,,LCD,공공자전거 대여소 정보(25.12월 기준).xlsx
949,연신내역 1번 출구,은평구,서울특별시 불광동 487-2 연신내역 1번 출구,37.61978149,126.92080688,"2017-11-01 16:00:00",6.0,,LCD,공공자전거 대여소 정보(25.12월 기준).xlsx
950,구산역 2번 출구 예일여고 버스정류장,은평구,서울특별시 은평구 연서로 124,37.60980225,126.91679382,"2017-11-01 16:00:00",10.0,,LCD,공공자전거 대여소 정보(25.12월 기준).xlsx
952,서울연신중학교,은평구,서울특별시 불광동 400-4번지 서울연신중학교,37.62265015,126.92524719,"2017-11-01 16:00:00",10.0,,LCD,공공자전거 대여소 정보(25.12월 기준).xlsx
953,서울연신초등학교,은평구,서울특별시 불광동 73-1번지 서울연신초등학교,37.6257782,126.92881775,"2017-11-01 16:00:00",10.0,,LCD,공공자전거 대여소 정보(25.12월 기준).xlsx
954,은평뉴타운구파발9단지,은평구,서울특별시 은평구 진관3로 77 은평뉴타운구파발9단지,37.64260864,126.92147827,"2017-11-28 12:00:31",10.0,,LCD,공공자전거 대여소 정보(25.12월 기준).xlsx
956,응암시장교차로,은평구,서울특별시 은평구 응암로 247 외환은행,37.59441376,126.91801453,"2017-11-28 12:01:58",9.0,,LCD,공공자전거 대여소 정보(25.12월 기준).xlsx
958,본 서부병원 버스정류장(은평 세무서 방면),은평구,서울특별시 은평구 은평로 136 신한은행 응암동 지점 앞,37.60036087,126.92281342,"2018-10-16 00:00:00",13.0,,LCD,공공자전거 대여소 정보(25.12월 기준).xlsx
959,구파발10단지 인근,은평구,서울특별시 은평구 진관3로 73-17 구파발10단지 인근,37.6436615,126.91455841,"2018-10-18 00:00:00",10.0,,LCD,공공자전거 대여소 정보(25.12월 기준).xlsx
960,구파발역 환승센터,은평구,서울특별시 은평구 진관2로 지하 15-25 구파발역 환승센터,37.63825226,126.91945648,"2018-10-18 00:00:00",15.0,,LCD,공공자전거 대여소 정보(25.12월 기준).xlsx
962,은평뉴타운 힐데스하임,은평구,서울특별시 은평구 진관2로 15-46 은평구 진관2로 15-46,37.63925934,126.91890717,"2018-10-18 00:00:00",10.0,,LCD,공공자전거 대여소 정보(25.12월 기준).xlsx
963,대호프라자아파트,은평구,서울특별시 은평구 불광로 90 대호프라자아파트,37.61442947,126.93257904,"2018-10-16 00:00:00",13.0,,LCD,공공자전거 대여소 정보(25.12월 기준).xlsx
964,북한산힐스테이트 7차아파트,은평구,서울특별시 은평구 통일로 796 북한산 힐스테이트7차,37.61654282,126.92512512,"2018-10-16 00:00:00",10.0,,LCD,공공자전거 대여소 정보(25.12월 기준).xlsx
965,서울특별시 은평병원,은평구,서울특별시 은평구 백련산로 90 서울특별시 은평병원,37.59347916,126.92318726,"2018-10-16 00:00:00",10.0,,LCD,공공자전거 대여소 정보(25.12월 기준).xlsx
966,서울혁신파크1,은평구,서울특별시 은평구 통일로 684 서울혁신파크1,37.60903168,126.93467712,"2018-08-28 00:00:00",10.0,,LCD,공공자전거 대여소 정보(25.12월 기준).xlsx
967,서울혁신파크2,은평구,서울특별시 은평구 통일로 684 서울혁신파크2,37.60890961,126.93241882,"2018-08-29 00:00:00",13.0,,LCD,공공자전거 대여소 정보(25.12월 기준).xlsx
968,은평뉴타운 상림마을 13단지,은평구,서울특별시 은평구 진관4로 48-50 은평뉴타운 상림마을 13단지,37.64208984,126.92941284,"2018-10-18 00:00:00",7.0,,LCD,공공자전거 대여소 정보(25.12월 기준).xlsx
969,은평 지웰테라스,은평구,서울특별시 은평구 진관4로 78-38 은평지웰 테라스,37.64339447,126.93213654,"2018-12-14 00:00:00",9.0,,LCD,공공자전거 대여소 정보(25.12월 기준).xlsx
971,역촌 센트레빌 아파트,은평구,서울특별시 은평구 갈현로3나길 23 역촌 센트레빌 아파트 107동 인근,37.60232925,126.90654755,"2018-12-14 00:00:00",20.0,,LCD,공공자전거 대여소 정보(25.12월 기준).xlsx
973,제각말푸르지오 5-1단지 아파트,은평구,서울특별시 은평구 진관동 136-45,37.63734818,126.93584442,"2020-04-08 00:00:00",,10.0,QR,공공자전거 대여소 정보(25.12월 기준).xlsx
974,연신초등학교옆 마을마당,은평구,서울특별시 은평구 불광동 70-1,37.62672043,126.92901611,"2020-04-09 00:00:00",,10.0,QR,공공자전거 대여소 정보(25.12월 기준).xlsx
975,백련산 힐스테이트상가앞,은평구,서울특별시 은평구 백련산로 38 백련산 힐스테이트 2차,37.59036255,126.92301178,"2020-04-10 00:00:00",,10.0,QR,공공자전거 대여소 정보(25.12월 기준).xlsx
976,진관고등학교앞,은평구,서울특별시 은평구 진관4로 26 진관고등학교,37.64350891,126.92410278,"2020-04-09 00:00:00",,10.0,QR,공공자전거 대여소 정보(25.12월 기준).xlsx
977,신도중학교앞,은평구,서울특별시 은평구 진관동 148-31,37.63310242,126.9315033,"2020-04-08 00:00:00",,10.0,QR,공공자전거 대여소 정보(25.12월 기준).xlsx
978,녹번 힐스테이트상가앞,은평구,서울특별시 은평구 통일로 602-1 지하철3호선 녹번역,37.60100937,126.93592834,"2020-04-09 00:00:00",,10.0,QR,공공자전거 대여소 정보(25.12월 기준).xlsx
979,원풍빌라앞,은평구,서울특별시 은평구 신사동 178-9,37.59186172,126.90608215,"2020-04-10 00:00:00",,10.0,QR,공공자전거 대여소 정보(25.12월 기준).xlsx
982,녹번초등학교(서오릉로),은평구,서울특별시 은평구 녹번동 81-27,37.60412598,126.92508698,"2020-04-10 00:00:00",,10.0,QR,공공자전거 대여소 정보(25.12월 기준).xlsx
984,상신초등학교앞 버스정류장,은평구,서울특별시 은평구 가좌로 316 상신교회,37.59580994,126.91026306,"2020-04-10 00:00:00",,9.0,QR,공공자전거 대여소 정보(25.12월 기준).xlsx
985,은평세무서 버스정류장(은평구청 방면),은평구,서울특별시 은평구 은평로 170 상현빌딩,37.60119247,126.92638397,"2020-04-10 00:00:00",,10.0,QR,공공자전거 대여소 정보(25.12월 기준).xlsx
989,신응교(가좌로) 앞,은평구,서울특별시 은평구 가좌로 255,37.59181213,126.91483307,"2020-04-10 00:00:00",,10.0,QR,공공자전거 대여소 정보(25.12월 기준).xlsx
991,흥국사 정류장,은평구,서울특별시 은평구 진관동 298-2,37.6567688,126.94200897,"2020-04-06 00:00:00",,10.0,QR,공공자전거 대여소 정보(25.12월 기준).xlsx
992,북한산입구 정류장,은평구,서울특별시 은평구 진관동 289,37.65828705,126.94529724,"2020-04-06 00:00:00",,10.0,QR,공공자전거 대여소 정보(25.12월 기준).xlsx
993,은평뉴타운 은뜨락아파트앞,은평구,서울특별시 은평구 진관동 235-2,37.63028717,126.91956329,"2020-04-08 00:00:00",,15.0,QR,공공자전거 대여소 정보(25.12월 기준).xlsx
994,북한산생태공원입구(교통섬),은평구,서울특별시 은평구 불광동 2-1,37.61050797,126.9385376,"2020-04-09 00:00:00",,10.0,QR,공공자전거 대여소 정보(25.12월 기준).xlsx
995,은평다목적체육관,은평구,서울특별시 은평구 진관1로 52,37.63140869,126.92540741,"2020-04-08 00:00:00",,10.0,QR,공공자전거 대여소 정보(25.12월 기준).xlsx
996,응암역2번출구 국민은행 앞,은평구,서울특별시 은평구 연서로 9 센타폴리스,37.59996796,126.91572571,"2020-04-10 00:00:00",,10.0,QR,공공자전거 대여소 정보(25.12월 기준).xlsx
1001,광진교 남단 사거리(천호공원 방면),강동구,서울특별시 강동구 구천면로 171,37.54179382,127.12474823,"2017-04-19 10:11:51",15.0,,LCD,공공자전거 대여소 정보(25.12월 기준).xlsx
1002,해공공원(천호동),강동구,서울특별시 강동구 올림픽로 702,37.5452652,127.12593842,"2017-04-19 14:00:02",10.0,,LCD,공공자전거 대여소 정보(25.12월 기준).xlsx
1003,해공도서관앞,강동구,서울특별시 강동구 올림픽로 702,37.54395676,127.12548828,"2017-04-19 14:16:45",20.0,,LCD,공공자전거 대여소 정보(25.12월 기준).xlsx
1004,삼성광나루아파트 버스정류장,강동구,서울특별시 강동구 상암로3길 77,37.55332947,127.1288681,"2017-04-19 14:39:27",10.0,,LCD,공공자전거 대여소 정보(25.12월 기준).xlsx
1006,롯데캐슬 115동앞,강동구,서울특별시 강동구 양재대로 1665,37.55486679,127.14279938,"2017-04-19 14:43:13",10.0,,LCD,공공자전거 대여소 정보(25.12월 기준).xlsx
1007,암사동 선사유적지,강동구,서울특별시 강동구 올림픽로 875,37.55955887,127.13087463,"2017-04-19 14:43:55",14.0,,LCD,공공자전거 대여소 정보(25.12월 기준).xlsx
1008,암사역 3번출구(국민은행앞),강동구,서울특별시 강동구 올림픽로 지하 776,37.54935455,127.12708282,"2017-04-19 14:44:50",9.0,,LCD,공공자전거 대여소 정보(25.12월 기준).xlsx
1009,천호역4번출구(현대백화점),강동구,서울특별시 강동구 천호대로 지하 997,37.53866577,127.12424469,"2017-04-19 14:46:04",20.0,,LCD,공공자전거 대여소 정보(25.12월 기준).xlsx
1010,강동세무서,강동구,서울특별시 강동구 천호대로 1139,37.53450775,127.13840485,"2017-04-19 14:47:29",20.0,,LCD,공공자전거 대여소 정보(25.12월 기준).xlsx
1011,LIGA 아파트 앞,강동구,서울특별시 강동구 천호대로 1120,37.53474426,127.13528442,"2017-04-19 14:48:48",20.0,,LCD,공공자전거 대여소 정보(25.12월 기준).xlsx
1012,천호역효성해링턴타워 앞,강동구,서울특별시 강동구 올림픽로 610,37.53600693,127.12272644,"2017-04-19 14:50:15",15.0,,LCD,공공자전거 대여소 정보(25.12월 기준).xlsx
1013,강동구청역 1번 출입구,강동구,서울특별시 강동구 올림픽로 지하 550,37.53071594,127.12098694,"2017-04-19 14:50:15",15.0,,LCD,공공자전거 대여소 정보(25.12월 기준).xlsx
1015,샛마을 근린공원,강동구,서울특별시 강동구 구천면로 431-2,37.55003738,127.14691162,"2017-04-19 14:59:27",13.0,,LCD,공공자전거 대여소 정보(25.12월 기준).xlsx
1016,해뜨는 주유소옆 리엔파크 109동앞,강동구,서울특별시 강동구 상일로 152,37.55939865,127.17118073,"2017-04-19 15:00:48",10.0,,LCD,공공자전거 대여소 정보(25.12월 기준).xlsx
1017,둔촌고교입구 교차로(길동주민센터 방면),강동구,서울특별시 강동구 천호대로 1207,37.53544617,127.14518738,"2017-04-19 15:02:21",20.0,,LCD,공공자전거 대여소 정보(25.12월 기준).xlsx
1018,둔촌 주공 GS 맞은편,강동구,서울특별시 강동구 양재대로 1330,37.52458954,127.13542175,"2017-06-22 10:08:54",,15.0,QR,공공자전거 대여소 정보(25.12월 기준).xlsx
1019,다성이즈빌아파트(호원대 대각선 맞은편),강동구,서울특별시 강동구 성내로 91,37.52679443,127.13005829,"2017-04-19 15:03:35",10.0,,LCD,공공자전거 대여소 정보(25.12월 기준).xlsx
1020,강동경찰서,강동구,서울특별시 강동구 성내로 57,37.52825165,127.12680054,"2017-04-19 15:04:46",15.0,,LCD,공공자전거 대여소 정보(25.12월 기준).xlsx
1021,강일동 리슈빌 빌딩앞,강동구,서울특별시 강동구 아리수로 419,37.56427383,127.17397308,"2017-04-19 15:05:29",15.0,,LCD,공공자전거 대여소 정보(25.12월 기준).xlsx
1022,길동 사거리(초소앞),강동구,서울특별시 강동구 양재대로 1441,37.53377914,127.13799286,"2017-04-19 15:06:52",20.0,,LCD,공공자전거 대여소 정보(25.12월 기준).xlsx
1023,한국종합기술사옥 앞,강동구,서울특별시 강동구 상일동 504,37.54998398,127.17470551,"2017-11-01 16:00:00",22.0,,LCD,공공자전거 대여소 정보(25.12월 기준).xlsx
1024,강동구청 앞,강동구,서울특별시 성내동 546-3,37.52929688,127.12315369,"2017-11-01 16:00:00",10.0,,LCD,공공자전거 대여소 정보(25.12월 기준).xlsx
1025,상일초등학교,강동구,서울특별시  상일동 440-3,37.54684067,127.17251587,"2017-11-01 16:00:00",10.0,,LCD,공공자전거 대여소 정보(25.12월 기준).xlsx
1026,대명초교 입구 교차로,강동구,서울특별시 명일동 59,37.54653549,127.15583801,"2017-11-01 16:00:00",14.0,,LCD,공공자전거 대여소 정보(25.12월 기준).xlsx
1027,프라자 아파트 앞,강동구,서울특별시 길동 176-3,37.53596115,127.14781952,"2017-11-01 16:00:00",20.0,,LCD,공공자전거 대여소 정보(25.12월 기준).xlsx
1028,포레스 주상복합 빌딩,강동구,서울특별시 성내동 119-2,37.53310776,127.12277222,"2017-11-01 16:00:00",10.0,,LCD,공공자전거 대여소 정보(25.12월 기준).xlsx
1029,성내어울터,강동구,서울특별시 성내동  44-1,37.53655624,127.12553406,"2017-11-01 16:00:00",7.0,,LCD,공공자전거 대여소 정보(25.12월 기준).xlsx
1030,미호 플랜트 앞,강동구,서울특별시 성내동 478,37.52703094,127.12206268,"2017-11-01 16:00:00",15.0,,LCD,공공자전거 대여소 정보(25.12월 기준).xlsx
1031,올림픽로 836(아리수로),강동구,서울특별시 암사동 440-13,37.55582047,127.12991333,"2017-11-01 16:00:00",15.0,,LCD,공공자전거 대여소 정보(25.12월 기준).xlsx
1032,선사고등학교,강동구,서울특별시 암사동 445,37.55672836,127.13626099,"2017-11-01 16:00:00",20.0,,LCD,공공자전거 대여소 정보(25.12월 기준).xlsx
1033,고덕동 아남아파트,강동구,서울특별시 고덕동 673,37.55793381,127.14476776,"2017-11-01 16:00:00",,17.0,QR,공공자전거 대여소 정보(25.12월 기준).xlsx
1034,고덕동 래미안 힐스테이트,강동구,서울특별시 고덕동 603,37.5618782,127.15078735,"2017-11-01 16:00:00",10.0,,LCD,공공자전거 대여소 정보(25.12월 기준).xlsx
1035,고덕역 4번출구,강동구,서울특별시 명일동 46-5,37.55509567,127.15528107,"2017-11-01 16:00:00",25.0,,LCD,공공자전거 대여소 정보(25.12월 기준).xlsx
1036,고덕동 주양쇼핑,강동구,서울특별시 명일동 48-2,37.55199051,127.15331268,"2017-11-01 16:00:00",10.0,,LCD,공공자전거 대여소 정보(25.12월 기준).xlsx
1037,강일리버파크 6단지,강동구,서울특별시 강일동 448-2,37.56256485,127.1776123,"2017-11-01 16:00:00",10.0,,LCD,공공자전거 대여소 정보(25.12월 기준).xlsx
1038,강일 다솜 어린이 공원,강동구,서울특별시 강일동 333-2,37.56863785,127.17480469,"2017-11-01 16:00:00",10.0,,LCD,공공자전거 대여소 정보(25.12월 기준).xlsx
1039,고덕초등학교,강동구,서울특별시 고덕동 215,37.56129837,127.16784668,"2017-11-01 16:00:00",7.0,,LCD,공공자전거 대여소 정보(25.12월 기준).xlsx
1041,묘곡초등학교,강동구,서울특별시 고덕동 499-2,37.55916214,127.15332031,"2017-11-01 16:00:00",10.0,,LCD,공공자전거 대여소 정보(25.12월 기준).xlsx
1042,강일리버파크 2~5단지,강동구,서울특별시 강일동 63-20,37.5685463,127.17700958,"2017-11-01 16:00:00",10.0,,LCD,공공자전거 대여소 정보(25.12월 기준).xlsx
1044,굽은다리역,강동구,서울특별시  양재대로 1572,37.54540634,127.14267731,"2017-11-01 16:00:00",15.0,,LCD,공공자전거 대여소 정보(25.12월 기준).xlsx
1048,둔촌어린이공원,강동구,서울특별시 강동구 진황도로 172,37.53099442,127.14237213,"2018-01-16 14:04:23",13.0,,LCD,공공자전거 대여소 정보(25.12월 기준).xlsx
1049,강일리버파크 10단지,강동구,서울특별시 강동구 고덕로97길 20,37.561203,127.18026733,"2018-01-16 14:05:20",10.0,,LCD,공공자전거 대여소 정보(25.12월 기준).xlsx
1050,둔촌역 3번 출입구,강동구,서울특별시 강동구 양재대로 1355,37.52678299,127.13557434,"2018-02-26 12:03:41",15.0,,LCD,공공자전거 대여소 정보(25.12월 기준).xlsx
1051,"강일중,선사고 버스정류장(신암중학교 방면)",강동구,서울특별시 강동구 고덕로 109,37.55483627,127.13732147,"2018-02-26 12:05:01",15.0,,LCD,공공자전거 대여소 정보(25.12월 기준).xlsx
1053,동명근린공원 진입로 (아리수로),강동구,고덕동 230,37.56254578,127.16448212,"2018-09-03 00:00:00",8.0,3.0,"LCD,QR",공공자전거 대여소 정보(25.12월 기준).xlsx
1056,강일리버파크 7~11단지,강동구,강일동 435-2,37.56335449,127.17905426,"2018-09-07 00:00:00",10.0,,LCD,공공자전거 대여소 정보(25.12월 기준).xlsx
1057,능골근린공원,강동구,상일동 482,37.55580902,127.1737442,"2018-09-10 00:00:00",15.0,,LCD,공공자전거 대여소 정보(25.12월 기준).xlsx
1058,고덕숲 아이파크 1,강동구,상일동 133,37.55348206,127.16505432,"2018-09-10 00:00:00",12.0,,LCD,공공자전거 대여소 정보(25.12월 기준).xlsx
1059,래미안 강동팰리스(102동),강동구,강동구 천호동 166-56,37.53822708,127.13174438,"2018-10-25 00:00:00",15.0,,LCD,공공자전거 대여소 정보(25.12월 기준).xlsx
1060,천일초교 사거리,강동구,강동구 천호동 217-18,37.5446701,127.13267517,"2018-09-11 00:00:00",6.0,,LCD,공공자전거 대여소 정보(25.12월 기준).xlsx
1061,천호초교 입구 사거리(일주빌딩),강동구,강동구 천호동 234-2,37.54689789,127.13466644,"2018-09-10 00:00:00",8.0,,LCD,공공자전거 대여소 정보(25.12월 기준).xlsx
1063,강동롯데캐슬퍼스트 아파트(관리동),강동구,강동구 고덕로 131,37.55666351,127.14273834,"2020-01-13 00:00:00",,10.0,QR,공공자전거 대여소 정보(25.12월 기준).xlsx
1064,중앙보훈병원역 1번출구,강동구,둔촌동 산17-4,37.52779388,127.14764404,"2020-01-09 00:00:00",,10.0,QR,공공자전거 대여소 정보(25.12월 기준).xlsx
1065,보훈병원 후문옆(더 원커피),강동구,동남로 635,37.53120804,127.1492691,"2020-01-09 00:00:00",,10.0,QR,공공자전거 대여소 정보(25.12월 기준).xlsx
1066,생태공원앞 교차로(조명탑),강동구,강동구 둔촌동 564,37.5377655,127.15201569,"2020-01-09 00:00:00",,10.0,QR,공공자전거 대여소 정보(25.12월 기준).xlsx
1067,한영중고앞사거리,강동구,명일동 59,37.54903412,127.15605164,"2020-01-15 00:00:00",,10.0,QR,공공자전거 대여소 정보(25.12월 기준).xlsx
1068,명일파출소,강동구,동남로 895,37.5536499,127.15622711,"2020-01-14 00:00:00",,10.0,QR,공공자전거 대여소 정보(25.12월 기준).xlsx
1070,(시립)고덕평생학습관,강동구,고덕로 295,37.55570221,127.15792084,"2020-01-14 00:00:00",,10.0,QR,공공자전거 대여소 정보(25.12월 기준).xlsx
1072,고덕역 5번출구,강동구,강동구 명일동 46-5,37.55486298,127.15372467,"2020-01-13 00:00:00",,22.0,QR,공공자전거 대여소 정보(25.12월 기준).xlsx
1073,SSTS 몰 앞,강동구,양재대로 1517,37.54114532,127.14105225,"2020-01-10 00:00:00",,7.0,QR,공공자전거 대여소 정보(25.12월 기준).xlsx
1074,대명초교입구 사거리,강동구,명일동 59,37.54683685,127.14916229,"2020-01-10 00:00:00",,15.0,QR,공공자전거 대여소 정보(25.12월 기준).xlsx
1075,천동초교 삼거리,강동구,천호동 114-2 (정자 쉼터),37.54136276,127.13718414,"2020-01-10 00:00:00",,10.0,QR,공공자전거 대여소 정보(25.12월 기준).xlsx
1076,천동초교입구사거리 버스정류장(십자성마을 방면),강동구,양재대로 1504,37.5398941,127.14103699,"2020-01-10 00:00:00",,10.0,QR,공공자전거 대여소 정보(25.12월 기준).xlsx
1077,강동역 1번출구 앞,강동구,천호동 571-2,37.53627014,127.13246918,"2020-01-09 00:00:00",,15.0,QR,공공자전거 대여소 정보(25.12월 기준).xlsx
1078,둔촌사거리,강동구,성내동 449-22,37.52197647,127.13362122,"2020-01-14 00:00:00",,25.0,QR,공공자전거 대여소 정보(25.12월 기준).xlsx
1079,강일동입구교차로,강동구,강일동 607-7,37.56184387,127.17084503,"2020-01-13 00:00:00",,10.0,QR,공공자전거 대여소 정보(25.12월 기준).xlsx
1080,엘웨딩,강동구,천호대로 1052,37.5368309,127.12841797,"2020-01-09 00:00:00",,10.0,QR,공공자전거 대여소 정보(25.12월 기준).xlsx
1081,트레빌빌딩,강동구,천호동451-20,37.53699875,127.12953186,"2020-01-09 00:00:00",,20.0,QR,공공자전거 대여소 정보(25.12월 기준).xlsx
1083,광문고교사거리(아이파크),강동구,고덕동302,37.56036758,127.15659332,"2020-01-13 00:00:00",,15.0,QR,공공자전거 대여소 정보(25.12월 기준).xlsx
1084,윤선생빌딩(JYP사옥),강동구,강남대로207(윤선생빌딩),37.5239296,127.1291275,"2020-01-08 00:00:00",,20.0,QR,공공자전거 대여소 정보(25.12월 기준).xlsx
1085,래미안 솔베뉴(고덕로),강동구,양재대로1650,37.55456924,127.14587402,"2020-01-13 00:00:00",,20.0,QR,공공자전거 대여소 정보(25.12월 기준).xlsx
1086,래미안 솔베뉴(구천면로),강동구,양재대로1650,37.55059814,127.14545441,"2020-01-10 00:00:00",,10.0,QR,공공자전거 대여소 정보(25.12월 기준).xlsx
1088,풍납사거리(강동),강동구,성내동451-3,37.52812195,127.11952209,"2020-01-14 00:00:00",,12.0,QR,공공자전거 대여소 정보(25.12월 기준).xlsx
1089,고덕 래미안힐스테이트(201동),강동구,고덕동 675,37.56060028,127.146698,"2020-01-13 00:00:00",,10.0,QR,공공자전거 대여소 정보(25.12월 기준).xlsx
1090,상일동역 2번출구 앞,강동구,고덕로 333,37.5567894,127.16614532,"2020-01-13 00:00:00",,17.0,QR,공공자전거 대여소 정보(25.12월 기준).xlsx
1101,상사마을 버스정류장(아라대교방면),강서구,서울특별시 강서구 개화동로5길 3-8,37.58161163,126.79859924,"2017-04-24 09:24:49",10.0,,LCD,공공자전거 대여소 정보(25.12월 기준).xlsx
1102,방화사거리 마을버스 버스정류장,강서구,서울특별시 강서구 양천로17길 6,37.57364273,126.81180573,"2017-04-24 09:26:16",10.0,,LCD,공공자전거 대여소 정보(25.12월 기준).xlsx
1103,방화역 4번출구앞,강서구,서울특별시 강서구 금낭화로 135,37.57710648,126.81199646,"2017-06-22 10:10:15",,10.0,QR,공공자전거 대여소 정보(25.12월 기준).xlsx
1105,방화근린공원,강서구,서울특별시 강서구 금낭화로 176,37.58162308,126.81265259,"2017-04-24 09:32:54",10.0,,LCD,공공자전거 대여소 정보(25.12월 기준).xlsx
1106,신방화사거리,강서구,서울특별시 강서구 방화대로 342,37.57256317,126.81642151,"2017-06-20 10:00:10",,10.0,QR,공공자전거 대여소 정보(25.12월 기준).xlsx
1108,공항시장역 2번출구 뒤,강서구,서울특별시 강서구 방화동로 지하 30,37.56387329,126.81060791,"2017-04-24 09:34:00",8.0,,LCD,공공자전거 대여소 정보(25.12월 기준).xlsx
1109,공항시장역 4번출구,강서구,서울특별시 강서구 방화동로 지하 30,37.56334686,126.81048584,"2017-04-24 09:34:47",6.0,,LCD,공공자전거 대여소 정보(25.12월 기준).xlsx
1110,공항중학교앞,강서구,서울특별시 강서구 방화대로 241,37.56220245,126.81624603,"2017-06-20 10:22:12",,15.0,QR,공공자전거 대여소 정보(25.12월 기준).xlsx
1111,마곡엠밸리6_7단지 마곡중학교,강서구,서울특별시 강서구 마곡중앙5로 58,37.56698227,126.82180023,"2017-04-24 09:36:00",20.0,,LCD,공공자전거 대여소 정보(25.12월 기준).xlsx
1112,마곡엠밸리4단지 정문,강서구,서울특별시 강서구 마곡서로 175,37.56857681,126.8247757,"2017-04-24 09:36:50",,15.0,QR,공공자전거 대여소 정보(25.12월 기준).xlsx
1113,서남환경공원 버스정류장,강서구,서울특별시 강서구 양천로 201,37.57312393,126.8223877,"2017-04-24 09:38:30",,15.0,QR,공공자전거 대여소 정보(25.12월 기준).xlsx
1117,등촌5단지아파트 버스정류장,강서구,서울특별시 강서구 공항대로 329,37.55819702,126.84426117,"2017-06-22 10:14:01",10.0,,LCD,공공자전거 대여소 정보(25.12월 기준).xlsx
1118,증미역 3번출구뒤(등촌두산위브센티움오피스텔),강서구,서울특별시 강서구 양천로 지하 560,37.55746078,126.86145782,"2017-04-24 09:41:57",10.0,,LCD,공공자전거 대여소 정보(25.12월 기준).xlsx
1119,염창동 한마음아파트 앞,강서구,서울특별시 강서구 양천로 637,37.55425262,126.86756134,"2017-04-24 09:43:00",6.0,,LCD,공공자전거 대여소 정보(25.12월 기준).xlsx
1120,대림경동아파트앞,강서구,서울특별시 강서구 허준로 121,37.564785,126.85464478,"2017-04-24 09:43:42",25.0,,LCD,공공자전거 대여소 정보(25.12월 기준).xlsx
1121,가양레포츠센터 앞,강서구,서울특별시 강서구 양천로61길 101,37.55947876,126.86437988,"2017-04-24 09:45:11",15.0,,LCD,공공자전거 대여소 정보(25.12월 기준).xlsx
1124,발산역 6번 출구 뒤,강서구,서울특별시 강서구 공항대로 280,37.55817795,126.8384552,"2017-04-24 09:47:07",,6.0,QR,공공자전거 대여소 정보(25.12월 기준).xlsx
1126,우장산역 1번출구옆(우장산아이파크105동앞),강서구,서울특별시 강서구 강서로 지하 262,37.54890823,126.83656311,"2017-04-24 09:48:04",7.0,,LCD,공공자전거 대여소 정보(25.12월 기준).xlsx
1127,화곡역 버스정류장,강서구,서울특별시 강서구 화곡로 157,37.54098129,126.83854675,"2017-04-24 09:51:28",10.0,,LCD,공공자전거 대여소 정보(25.12월 기준).xlsx
1128,화곡역 6번출구,강서구,서울특별시 강서구 화곡로 지하 168,37.54141235,126.84022522,"2017-06-20 10:27:46",10.0,,LCD,공공자전거 대여소 정보(25.12월 기준).xlsx
1129,화곡역 1번 출구 앞,강서구,서울특별시 강서구 화곡로 지하 168,37.542099,126.84021759,"2017-04-24 09:52:19",7.0,,LCD,공공자전거 대여소 정보(25.12월 기준).xlsx
1130,화곡본동시장 버스정류장,강서구,서울특별시 강서구 화곡로 196,37.54275131,126.84262085,"2017-04-24 09:53:42",7.0,,LCD,공공자전거 대여소 정보(25.12월 기준).xlsx
1132,등촌역 7번출구,강서구,서울특별시 강서구 공항대로 지하 529,37.55110931,126.8637085,"2017-04-24 09:57:19",10.0,,LCD,공공자전거 대여소 정보(25.12월 기준).xlsx
1135,강서구의회,강서구,서울특별시 강서구 등촌로 185,37.54653168,126.86254883,"2017-04-24 09:59:11",16.0,,LCD,공공자전거 대여소 정보(25.12월 기준).xlsx
1136,등촌2파출소,강서구,서울특별시 강서구 등촌로 167,37.54478836,126.86199951,"2017-04-24 10:00:22",8.0,,LCD,공공자전거 대여소 정보(25.12월 기준).xlsx
1137,등촌2동주민센터,강서구,서울특별시 강서구 등촌로 143,37.54126358,126.8633728,"2017-04-24 10:01:10",10.0,,LCD,공공자전거 대여소 정보(25.12월 기준).xlsx
1139,용문사 버스정류장,강서구,서울특별시 강서구 등촌로 95,37.53852081,126.86343384,"2017-04-24 10:02:58",8.0,,LCD,공공자전거 대여소 정보(25.12월 기준).xlsx
1140,목동사거리 버스정류장,강서구,서울특별시 강서구 등촌로 19,37.53139877,126.86360931,"2017-04-24 10:04:31",17.0,,LCD,공공자전거 대여소 정보(25.12월 기준).xlsx
1141,곰달래 문화복지센터 A,강서구,서울특별시 강서구 강서로5길 50,37.52906036,126.84848022,"2017-04-24 10:05:45",10.0,10.0,"LCD,QR",공공자전거 대여소 정보(25.12월 기준).xlsx
1145,곰달래 문화복지센터 B,강서구,서울특별시 강서구 강서로5길 50,37.52891922,126.8480835,"2017-04-24 10:06:39",10.0,,LCD,공공자전거 대여소 정보(25.12월 기준).xlsx
1148,볏골공원,강서구,서울특별시 강서구 까치산로4길 22,37.54146957,126.84477997,"2017-04-24 10:08:40",10.0,,LCD,공공자전거 대여소 정보(25.12월 기준).xlsx
1149,신방화역환승주차장,강서구,서울특별시 강서구 마곡서1로 111-12,37.56728363,126.81827545,"2017-08-31 11:19:16",13.0,,LCD,공공자전거 대여소 정보(25.12월 기준).xlsx
1150,송정역 1번출구,강서구,서울특별시 강서구 공항대로3길 18,37.56153107,126.81069946,"2017-11-01 16:00:00",7.0,,LCD,공공자전거 대여소 정보(25.12월 기준).xlsx
1151,마곡역1번출구,강서구,서울특별시 강서구 마곡동 727-716,37.56020737,126.82414246,"2017-11-01 16:00:00",25.0,,LCD,공공자전거 대여소 정보(25.12월 기준).xlsx
1152,마곡역교차로,강서구,서울특별시 강서구 마곡동 728-168,37.55831146,126.82652283,"2017-11-01 16:00:00",,30.0,QR,공공자전거 대여소 정보(25.12월 기준).xlsx
1153,"발산역 1번, 9번 인근 대여소",강서구,서울특별시 강서구 공항대로 281,37.55894852,126.83717346,"2017-11-01 16:00:00",17.0,15.0,"LCD,QR",공공자전거 대여소 정보(25.12월 기준).xlsx
1155,기쁜우리복지관,강서구,서울특별시 강서구 가양동 1458-15,37.56925964,126.84841919,"2017-11-01 16:00:00",10.0,,LCD,공공자전거 대여소 정보(25.12월 기준).xlsx
1157,강서구청,강서구,서울특별시 강서구 화곡로 302,37.55065918,126.84976959,"2017-11-01 16:00:00",8.0,,LCD,공공자전거 대여소 정보(25.12월 기준).xlsx
1158,가양역 8번출구,강서구,서울특별시 강서구 양천로 지하 485,37.56103516,126.85481262,"2017-11-28 10:12:11",20.0,,LCD,공공자전거 대여소 정보(25.12월 기준).xlsx
1159,서서울모터리움 앞,강서구,서울특별시 강서구 양천로53길 30,37.56585312,126.84659576,"2017-11-28 10:12:53",20.0,,LCD,공공자전거 대여소 정보(25.12월 기준).xlsx
1160,양천향교역 7번출구앞,강서구,서울특별시 강서구 양천로 지하 341,37.56768036,126.84089661,"2017-11-28 10:13:34",,20.0,QR,공공자전거 대여소 정보(25.12월 기준).xlsx
1161,강서면허시험장 앞,강서구,서울특별시 강서구 남부순환로 171,37.54969406,126.819664,"2017-11-28 10:14:21",10.0,,LCD,공공자전거 대여소 정보(25.12월 기준).xlsx
1162,공항초등학교건너편,강서구,서울특별시 강서구 마곡서1로 68,37.56267929,126.82047272,"2017-11-28 10:15:23",10.0,,LCD,공공자전거 대여소 정보(25.12월 기준).xlsx
1163,방화동강서기동대앞,강서구,서울특별시 강서구 방화대로34길 65,37.57049942,126.82008362,"2017-11-28 10:16:05",10.0,,LCD,공공자전거 대여소 정보(25.12월 기준).xlsx
1165,마곡중학교 후문,강서구,서울특별시 강서구 마곡중앙5로 58,37.56844711,126.82164764,"2017-12-08 09:00:54",20.0,,LCD,공공자전거 대여소 정보(25.12월 기준).xlsx
1166,강서구립등빛도서관,강서구,서울특별시 강서구 강서로62길 48,37.56256866,126.84246063,"2017-12-22 14:33:16",10.0,,LCD,공공자전거 대여소 정보(25.12월 기준).xlsx
1167,마곡수명산파크3단지 교차로,강서구,서울특별시 강서구 수명로 72,37.55350876,126.8258667,"2017-12-22 14:34:09",15.0,,LCD,공공자전거 대여소 정보(25.12월 기준).xlsx
1168,마곡엠밸리10단지 앞,강서구,서울특별시 강서구 마곡중앙1로 72,37.56029129,126.8187561,"2018-02-26 11:41:29",,14.0,QR,공공자전거 대여소 정보(25.12월 기준).xlsx
1169,염창역 1번 출구,강서구,강서구 공항대로 625,37.54719925,126.87448883,"2018-10-04 00:00:00",8.0,,LCD,공공자전거 대여소 정보(25.12월 기준).xlsx
1170,강서구보건소,강서구,강서구 공항대로 571,37.54917908,126.8687973,"2018-10-04 00:00:00",11.0,,LCD,공공자전거 대여소 정보(25.12월 기준).xlsx
1171,염창동 새마을금고 건너편,강서구,강서구 양천로 696,37.55004883,126.87316132,"2018-10-04 00:00:00",8.0,,LCD,공공자전거 대여소 정보(25.12월 기준).xlsx
1172,가양3동 주민센터,강서구,강서구 허준로 202,37.56124878,126.86058044,"2018-10-04 00:00:00",8.0,,LCD,공공자전거 대여소 정보(25.12월 기준).xlsx
1173,강서구청사거리(SH타워),강서구,강서구 공항대로 411,37.55673599,126.85307312,"2018-10-04 00:00:00",15.0,,LCD,공공자전거 대여소 정보(25.12월 기준).xlsx
1174,강서구청사거리(부민병원),강서구,강서구 공항대로 395,37.55661392,126.85116577,"2018-10-04 00:00:00",9.0,,LCD,공공자전거 대여소 정보(25.12월 기준).xlsx
1175,대한항공 인력개발센터,강서구,강서구 공항대로 453,37.55437851,126.85753632,"2018-10-04 00:00:00",15.0,,LCD,공공자전거 대여소 정보(25.12월 기준).xlsx
1177,수명중?고교,강서구,"강서구 수명로1길 16, 401동 앞",37.55010986,126.82367706,"2018-10-04 00:00:00",15.0,,LCD,공공자전거 대여소 정보(25.12월 기준).xlsx
1178,개화산역 2번 출구,강서구,강서구 양천로 22,37.57247162,126.8061676,"2018-10-10 00:00:00",10.0,,LCD,공공자전거 대여소 정보(25.12월 기준).xlsx
1180,마곡엠밸리 15단지(1502동) 건너편,강서구,강서구 마곡중앙로 36,37.55746841,126.82971954,"2018-10-04 00:00:00",15.0,,LCD,공공자전거 대여소 정보(25.12월 기준).xlsx
1181,농수산식품공사 (강서지사),강서구,강서구 발산로 40,37.55104446,126.8184967,"2018-10-10 00:00:00",10.0,,LCD,공공자전거 대여소 정보(25.12월 기준).xlsx
1182,KBS 스포츠월드,강서구,강서구 공항대로 376,37.55687714,126.84880829,"2018-10-10 00:00:00",20.0,,LCD,공공자전거 대여소 정보(25.12월 기준).xlsx
1183,KC 대학교,강서구,강서구 까치산로 24길 47,37.54832077,126.85340118,"2018-10-30 00:00:00",10.0,,LCD,공공자전거 대여소 정보(25.12월 기준).xlsx
1184,마곡13단지,강서구,강서구 공항동 1343,37.55644989,126.815979,"2018-10-10 00:00:00",26.0,,LCD,공공자전거 대여소 정보(25.12월 기준).xlsx
1185,등촌9단지,강서구,강서구 화곡로 63가길 92 (등촌동 704),37.56290054,126.84947205,"2018-10-10 00:00:00",,20.0,QR,공공자전거 대여소 정보(25.12월 기준).xlsx
1186,송정중학교,강서구,강서구 공항동 1342,37.55472946,126.81609344,"2018-10-10 00:00:00",15.0,,LCD,공공자전거 대여소 정보(25.12월 기준).xlsx
1187,강서수산물도매시장,강서구,강서구 외발산동 424,37.55302048,126.818367,"2018-12-14 00:00:00",15.0,,LCD,공공자전거 대여소 정보(25.12월 기준).xlsx
1188,롯데중앙연구소,강서구,강서구 마곡동 301-3,37.57138062,126.82833862,"2018-11-20 00:00:00",8.0,,LCD,공공자전거 대여소 정보(25.12월 기준).xlsx
1190,마곡역 교차로(2번출구),강서구,강서구 마곡동 727-747,37.5605011,126.82665253,"2018-11-20 00:00:00",14.0,,LCD,공공자전거 대여소 정보(25.12월 기준).xlsx
1191,"마곡역 버스정류장(마곡나루역1번출구, 웰튼병원 방면)",강서구,강서구 마곡동 727-925,37.5602417,126.8271637,"2018-11-20 00:00:00",13.0,,LCD,공공자전거 대여소 정보(25.12월 기준).xlsx
1192,마곡수명산파크 209동 건너편,강서구,강서구 내발산동 741-8,37.55545044,126.82689667,"2018-11-26 00:00:00",,20.0,QR,공공자전거 대여소 정보(25.12월 기준).xlsx
1193,마곡센트럴타워 1차,강서구,강서구 마곡동 727-1136,37.55947113,126.83207703,"2018-11-20 00:00:00",15.0,36.0,"LCD,QR",공공자전거 대여소 정보(25.12월 기준).xlsx
1195,코오롱One&Only타워,강서구,강서구 마곡동 727-525,37.56412888,126.83431244,"2018-11-20 00:00:00",24.0,,LCD,공공자전거 대여소 정보(25.12월 기준).xlsx
1196,서울식물원(문화센터) 건너편,강서구,강서구 마곡동 727-286,37.56824112,126.83583069,"2018-11-20 00:00:00",,11.0,QR,공공자전거 대여소 정보(25.12월 기준).xlsx
1197,엠펠리체 호텔 건너편,강서구,강서구 마곡동 727-1187,37.5602417,126.8358078,"2018-11-20 00:00:00",20.0,,LCD,공공자전거 대여소 정보(25.12월 기준).xlsx
1198,LG 사이언스파크,강서구,강서구 마곡동 727-925,37.56254959,126.82743835,"2018-11-20 00:00:00",31.0,,LCD,공공자전거 대여소 정보(25.12월 기준).xlsx
1199,우장산역 3번출구,강서구,강서구 화곡동 1006-2,37.54782104,126.83612823,"2018-12-04 00:00:00",13.0,,LCD,공공자전거 대여소 정보(25.12월 기준).xlsx
1200,개화광역환승센터,강서구,강서구 개화동 492-22,37.57844925,126.79897308,"2018-12-14 00:00:00",10.0,,LCD,공공자전거 대여소 정보(25.12월 기준).xlsx
1201,가락시장역 3번 출구,송파구,서울특별시 송파구 송파대로 지하 257,37.49317932,127.11854553,"2017-06-22 10:19:02",15.0,,LCD,공공자전거 대여소 정보(25.12월 기준).xlsx
1203,밀리아나2빌딩 앞,송파구,서울특별시 송파구 송파대로28길 24,37.49372864,127.12062073,"2017-05-26 10:13:07",20.0,,LCD,공공자전거 대여소 정보(25.12월 기준).xlsx
1204,거여역 3번출구,송파구,서울특별시 송파구 오금로 지하 499,37.49334335,127.14472961,"2017-06-28 17:16:56",10.0,,LCD,공공자전거 대여소 정보(25.12월 기준).xlsx
1205,종합운동장역 4번출구,송파구,서울특별시 송파구 올림픽로 8,37.51042938,127.07137299,"2017-04-24 13:23:55",15.0,,LCD,공공자전거 대여소 정보(25.12월 기준).xlsx
1206,"9호선종합운동장역 9번출구",송파구,서울특별시 송파구 올림픽로 지하 23,37.51128006,127.07823944,"2017-04-24 13:24:43",20.0,,LCD,공공자전거 대여소 정보(25.12월 기준).xlsx
1207,마천중앙시장,송파구,서울특별시 송파구 성내천로 233,37.49975586,127.15250397,"2017-05-26 10:14:31",10.0,,LCD,공공자전거 대여소 정보(25.12월 기준).xlsx
1208,풍납현대아파트쉼터,송파구,서울특별시 송파구 풍성로14길 19,37.52974701,127.1199646,"2017-04-24 13:25:37",25.0,,LCD,공공자전거 대여소 정보(25.12월 기준).xlsx
1209,잠실나루역 (2번 출구 쪽),송파구,서울특별시 송파구 오금로 20,37.52045059,127.10420227,"2017-04-24 13:26:13",20.0,,LCD,공공자전거 대여소 정보(25.12월 기준).xlsx
1210,롯데월드타워(잠실역2번출구 쪽),송파구,서울특별시 송파구 올림픽로 293-19,37.51312637,127.10095978,"2017-06-27 13:33:29",30.0,,LCD,공공자전거 대여소 정보(25.12월 기준).xlsx
1212,송파역 2번 출구앞,송파구,서울특별시 송파구 송파대로 지하 354,37.49941254,127.11286926,"2017-06-22 10:19:53",10.0,,LCD,공공자전거 대여소 정보(25.12월 기준).xlsx
1213,백토공원 앞,송파구,서울특별시 송파구 양재대로72길 47-8,37.50831985,127.13321686,"2017-04-24 13:27:00",12.0,,LCD,공공자전거 대여소 정보(25.12월 기준).xlsx
1214,오금역 7번 출구 인근,송파구,서울특별시 송파구 오금로 지하 321,37.50259399,127.1276474,"2017-05-26 10:16:20",10.0,,LCD,공공자전거 대여소 정보(25.12월 기준).xlsx
1215,올림픽공원역 1번출구 앞,송파구,서울특별시 송파구 양재대로 지하 1233,37.51657104,127.13153839,"2017-04-24 13:27:40",15.0,,LCD,공공자전거 대여소 정보(25.12월 기준).xlsx
1217,송파파인타운 7단지,송파구,서울특별시 송파구 충민로4길 19,37.47930527,127.12979889,"2017-04-24 13:31:21",15.0,,LCD,공공자전거 대여소 정보(25.12월 기준).xlsx
1218,방이역 4번출구,송파구,서울특별시 송파구 양재대로 지하 1127,37.50896835,127.12583923,"2017-06-27 13:35:15",12.0,,LCD,공공자전거 대여소 정보(25.12월 기준).xlsx
1220,잠실근린공원,송파구,서울특별시 송파구 백제고분로15길 7,37.50569153,127.08403778,"2017-04-24 13:32:19",15.0,,LCD,공공자전거 대여소 정보(25.12월 기준).xlsx
1221,삼전역 4번출구,송파구,서울특별시 송파구 백제고분로 188,37.50419998,127.08753204,"2017-07-11 11:27:58",10.0,,LCD,공공자전거 대여소 정보(25.12월 기준).xlsx
1222,잠실새내역 5번 출구 뒤,송파구,서울특별시 송파구 백제고분로 95,37.51198196,127.08505249,"2017-04-24 13:32:53",23.0,,LCD,공공자전거 대여소 정보(25.12월 기준).xlsx
1224,아시아지하보도 2번 출구,송파구,서울특별시 송파구 올림픽로 74,37.51216888,127.07893372,"2017-04-24 13:35:22",15.0,,LCD,공공자전거 대여소 정보(25.12월 기준).xlsx
1226,잠실4동 주민센터 옆,송파구,서울특별시 송파구 올림픽로35길 16,37.52007675,127.11236572,"2017-06-27 13:38:58",10.0,,LCD,공공자전거 대여소 정보(25.12월 기준).xlsx
1227,거여역 8번출구 뒤,송파구,서울특별시 송파구 오금로 지하 499,37.49312592,127.14382172,"2017-06-27 13:41:47",10.0,,LCD,공공자전거 대여소 정보(25.12월 기준).xlsx
1228,마천사거리,송파구,서울특별시 송파구 거마로 51,37.49769974,127.14620209,"2017-06-27 13:43:49",10.0,,LCD,공공자전거 대여소 정보(25.12월 기준).xlsx
1229,송파체육문화회관 앞,송파구,서울특별시 송파구 양산로 15,37.49068832,127.14312744,"2017-04-24 13:36:06",15.0,,LCD,공공자전거 대여소 정보(25.12월 기준).xlsx
1230,송파중학교 정문,송파구,서울특별시 송파구 동남로 203,37.49567032,127.13059235,"2017-06-27 13:44:54",10.0,,LCD,공공자전거 대여소 정보(25.12월 기준).xlsx
1231,잠실역 6번출구,송파구,서울특별시 송파구 석촌호수로12길 3-5,37.51408768,127.09902954,"2017-06-22 10:20:39",,13.0,QR,공공자전거 대여소 정보(25.12월 기준).xlsx
1232,잠실주공 521동 건너편,송파구,서울특별시 송파구 석촌호수로12길 3-19,37.51184082,127.09568787,"2017-06-22 10:20:39",10.0,,LCD,공공자전거 대여소 정보(25.12월 기준).xlsx
1233,잠실3거리(갤러리아팰리스),송파구,서울특별시 송파구 석촌호수로12길 3-17,37.51050949,127.09336853,"2017-04-24 13:37:32",9.0,,LCD,공공자전거 대여소 정보(25.12월 기준).xlsx
1235,잠실트리지움310동 옆,송파구,서울특별시 송파구 잠실로 62,37.50887299,127.08716583,"2017-04-24 13:38:59",,14.0,QR,공공자전거 대여소 정보(25.12월 기준).xlsx
1239,문정 법조단지3,송파구,서울특별시 송파구 정의로 30,37.48084259,127.11801147,"2017-06-27 13:52:05",13.0,,LCD,공공자전거 대여소 정보(25.12월 기준).xlsx
1240,문정 법조단지4,송파구,서울특별시 송파구 새말로 62,37.48057556,127.11856842,"2017-06-27 13:53:02",10.0,,LCD,공공자전거 대여소 정보(25.12월 기준).xlsx
1241,문정 법조단지5,송파구,서울특별시 송파구 새말로 62,37.48123932,127.11979675,"2017-06-27 13:54:01",10.0,,LCD,공공자전거 대여소 정보(25.12월 기준).xlsx
1242,문정 법조단지6,송파구,서울특별시 송파구 법원로 101,37.48163223,127.11916351,"2017-06-27 13:54:56",10.0,,LCD,공공자전거 대여소 정보(25.12월 기준).xlsx
1243,문정 법조단지7,송파구,서울특별시 송파구 법원로 101,37.4845314,127.12016296,"2017-06-27 13:55:43",,29.0,QR,공공자전거 대여소 정보(25.12월 기준).xlsx
1244,문정 법조단지8,송파구,서울특별시 송파구 법원로 101,37.48153687,127.12212372,"2017-06-27 13:56:41",11.0,,LCD,공공자전거 대여소 정보(25.12월 기준).xlsx
1245,문정 법조단지9,송파구,서울특별시 송파구 법원로 101,37.47946548,127.12532806,"2017-06-27 13:57:34",10.0,,LCD,공공자전거 대여소 정보(25.12월 기준).xlsx
1246,문정 법조단지10,송파구,서울특별시 송파구 송파대로 지하 82,37.47750854,127.12632751,"2017-06-27 13:58:32",30.0,,LCD,공공자전거 대여소 정보(25.12월 기준).xlsx
1247,문정 법조단지11,송파구,서울특별시 송파구 법원로 101,37.4788208,127.12351227,"2017-06-27 14:00:07",,15.0,QR,공공자전거 대여소 정보(25.12월 기준).xlsx
1248,방이초등학교,송파구,서울특별시 송파구 위례성대로 114,37.51396179,127.12167358,"2017-06-27 14:01:18",25.0,,LCD,공공자전거 대여소 정보(25.12월 기준).xlsx
1250,문정2동 주민센터,송파구,서울특별시 송파구 중대로 16,37.48987198,127.11083984,"2017-10-18 11:18:57",10.0,,LCD,공공자전거 대여소 정보(25.12월 기준).xlsx
1251,석촌역 2번출구,송파구,서울특별시 송파구 송파동 68,37.50593185,127.10774994,"2017-11-01 16:00:00",10.0,,LCD,공공자전거 대여소 정보(25.12월 기준).xlsx
1253,오금역 3번 출구 뒤,송파구,서울특별시  송파구 가락동 10-15,37.50165176,127.12818146,"2017-11-01 16:00:00",10.0,,LCD,공공자전거 대여소 정보(25.12월 기준).xlsx
1256,문정현대아파트 교차로,송파구,서울특별시 송파구 문정동 3-2,37.49113083,127.12580872,"2017-11-01 16:00:00",8.0,,LCD,공공자전거 대여소 정보(25.12월 기준).xlsx
1258,가락미륭아파트 앞,송파구,서울특별시 서울 송파구 가락동 195-4,37.49319839,127.1289978,"2017-11-01 16:00:00",10.0,,LCD,공공자전거 대여소 정보(25.12월 기준).xlsx
1259,방이역 1번출구,송파구,서울특별시 송파구 오금동 17-20,37.50898361,127.12659454,"2017-11-01 16:00:00",20.0,,LCD,공공자전거 대여소 정보(25.12월 기준).xlsx
1260,방이동 한양3차아파트 옆,송파구,서울특별시 송파구 방이동 225-1,37.50630188,127.12139893,"2017-11-01 16:00:00",8.0,,LCD,공공자전거 대여소 정보(25.12월 기준).xlsx
1262,송파여성문화회관 앞,송파구,서울특별시 송파구 송파동 2-3,37.50580215,127.10971832,"2017-11-01 16:00:00",10.0,,LCD,공공자전거 대여소 정보(25.12월 기준).xlsx
1263,장지공영차고지,송파구,서울특별시 송파구 장지동 861-6,37.48054123,127.1370163,"2017-11-01 16:00:00",10.0,,LCD,공공자전거 대여소 정보(25.12월 기준).xlsx
1264,천호역 10번 출구 앞,송파구,서울특별시 송파구 풍납동 490-16,37.53858185,127.12280273,"2017-11-01 16:00:00",8.0,,LCD,공공자전거 대여소 정보(25.12월 기준).xlsx
1265,문정동 근린공원,송파구,서울특별시 송파구 문정동 38-3,37.48598862,127.12476349,"2017-11-01 16:00:00",10.0,,LCD,공공자전거 대여소 정보(25.12월 기준).xlsx
1266,문정동 글샘 공원,송파구,서울특별시 송파구 문정동 627,37.47880936,127.12000275,"2017-11-01 16:00:00",,10.0,QR,공공자전거 대여소 정보(25.12월 기준).xlsx
1267,올림픽공원 남2문 앞,송파구,서울특별시 송파구 올림픽로 424,37.51424026,127.12306976,"2017-11-01 16:00:00",,14.0,QR,공공자전거 대여소 정보(25.12월 기준).xlsx
1268,몽촌토성역 1번출구 옆,송파구,서울특별시 송파구 방이동 88-21,37.51728821,127.11419678,"2017-11-01 16:00:00",,15.0,QR,공공자전거 대여소 정보(25.12월 기준).xlsx
1269,리센츠아파트,송파구,서울특별시 송파구 올림픽로 135,37.51194382,127.09121704,"2017-11-01 16:00:00",10.0,,LCD,공공자전거 대여소 정보(25.12월 기준).xlsx
1271,송파도서관,송파구,서울특별시 송파구 동남로 263,37.49998474,127.13539124,"2017-11-01 16:00:00",,15.0,QR,공공자전거 대여소 정보(25.12월 기준).xlsx
1274,영파여고 앞,송파구,서울특별시 송파구 올림픽로 565,37.53284836,127.12104797,"2017-11-01 16:00:00",20.0,,LCD,공공자전거 대여소 정보(25.12월 기준).xlsx
1275,거여초등학교 옆,송파구,서울특별시 송파구 마천로25길 18,37.50458908,127.13936615,"2017-12-22 14:47:47",15.0,,LCD,공공자전거 대여소 정보(25.12월 기준).xlsx
1277,성내7교,송파구,서울특별시 송파구 마천로 164,37.50562668,127.1364212,"2018-02-26 11:48:42",15.0,,LCD,공공자전거 대여소 정보(25.12월 기준).xlsx
1278,송파구청 교차로,송파구,서울특별시 송파구 올림픽로 336,37.51579666,127.10681915,"2018-02-26 11:50:05",,16.0,QR,공공자전거 대여소 정보(25.12월 기준).xlsx
1279,마천금호어울림 1차아파트 건너편,송파구,서울특별시 송파구 성내천로39길 4,37.49751663,127.15467834,"2018-02-26 11:53:31",10.0,,LCD,공공자전거 대여소 정보(25.12월 기준).xlsx
1280,송파파크데일 2단지입구 앞 주차장,송파구,서울특별시 송파구 성내천로47길 23,37.49565887,127.15717316,"2018-02-26 11:54:13",13.0,,LCD,공공자전거 대여소 정보(25.12월 기준).xlsx
1282,송파소방서 맞은편(성내4교),송파구,서울특별시 송파구 오금로51길 56,37.49987411,127.14147949,"2018-02-26 11:56:17",10.0,,LCD,공공자전거 대여소 정보(25.12월 기준).xlsx
1283,오금공원 사거리,송파구,서울특별시 송파구 오금로 363,37.50541306,127.13169098,"2018-02-26 11:56:54",8.0,,LCD,공공자전거 대여소 정보(25.12월 기준).xlsx
1285,위례별 유치원 뒤,송파구,서울특별시 송파구 위례광장로 136,37.4774704,127.14459229,"2018-02-26 11:59:40",10.0,,LCD,공공자전거 대여소 정보(25.12월 기준).xlsx
1286,위례중앙푸르지오 1단지 앞,송파구,서울특별시 송파구 위례광장로 120,37.47437668,127.14067078,"2018-02-26 12:00:19",10.0,,LCD,공공자전거 대여소 정보(25.12월 기준).xlsx
1287,위례아이파크 101동 맞은편,송파구,서울특별시 송파구 위례순환로 419,37.47746658,127.14151001,"2018-02-26 12:00:57",8.0,,LCD,공공자전거 대여소 정보(25.12월 기준).xlsx
1288,문정중교 사거리,송파구,서울특별시 송파구 송이로 238,37.48799896,127.13108826,"2018-02-26 12:02:00",15.0,,LCD,공공자전거 대여소 정보(25.12월 기준).xlsx
1289,풍납토성 서성벽터B,송파구,서울특별시 송파구 토성로 2,37.53147125,127.11109161,"2018-02-26 12:05:47",10.0,,LCD,공공자전거 대여소 정보(25.12월 기준).xlsx
1290,위례송파꿈에그린아파트24단지 앞 성벽 다리 밑,송파구,송파구 위례광장로 121,37.47458267,127.13754272,"2018-09-14 00:00:00",10.0,,LCD,공공자전거 대여소 정보(25.12월 기준).xlsx
1291,서울체육고등학교 앞,송파구,송파구 강동대로 232,37.52193832,127.13186646,"2018-09-07 00:00:00",10.0,,LCD,공공자전거 대여소 정보(25.12월 기준).xlsx
1293,석촌호수 서호 사거리,송파구,송파구 삼전동 152,37.50656128,127.09655762,"2018-09-12 00:00:00",14.0,,LCD,공공자전거 대여소 정보(25.12월 기준).xlsx
1295,잠실역 8번출구,송파구,송파구 신천동 8,37.51396179,127.10030365,"2018-09-07 00:00:00",25.0,,LCD,공공자전거 대여소 정보(25.12월 기준).xlsx
1296,석촌호수교차로 (송파나루근린공원 앞),송파구,송파구 잠실동 48,37.50867844,127.1034317,"2018-11-05 00:00:00",10.0,,LCD,공공자전거 대여소 정보(25.12월 기준).xlsx
1297,석촌호수교차로(동호 팔각정 앞),송파구,송파구 잠실동 48,37.50920105,127.10411835,"2018-09-07 00:00:00",15.0,,LCD,공공자전거 대여소 정보(25.12월 기준).xlsx
1299,송파소방서 (방이119안전센터),송파구,송파구 방이동 89-29,37.51987839,127.13671112,"2018-09-11 00:00:00",15.0,,LCD,공공자전거 대여소 정보(25.12월 기준).xlsx
1300,오륜사거리,송파구,송파구 방이동 452-17,37.50693893,127.13922119,"2018-10-25 00:00:00",15.0,,LCD,공공자전거 대여소 정보(25.12월 기준).xlsx
1302,한성대입구역6번출구 뒤,성북구,서울특별시 성북구 동소문로 1 한성대입구역6번출구 뒤,37.58876419,127.00630951,"2017-06-20 10:06:59",5.0,,LCD,공공자전거 대여소 정보(25.12월 기준).xlsx
1303,돈암초교 입구,성북구,서울특별시 성북구 동소문로13길 38 돈암초교,37.59169388,127.01249695,"2017-06-30 10:39:15",10.0,,LCD,공공자전거 대여소 정보(25.12월 기준).xlsx
1304,만해공원,성북구,서울특별시 성북구 성북로 132-1 만해공원,37.59440231,126.99230957,"2017-06-20 10:09:36",10.0,,LCD,공공자전거 대여소 정보(25.12월 기준).xlsx
1305,성북구청,성북구,서울특별시 성북구 보문로 168 성북구청,37.58932877,127.01643372,"2017-08-03 15:10:47",15.0,,LCD,공공자전거 대여소 정보(25.12월 기준).xlsx
1306,한성대입구역2번출구,성북구,서울특별시 성북구 동소문로 2 성북구 동소문동2가 2-3,37.58844757,127.00670624,"2017-06-22 10:24:21",,10.0,QR,공공자전거 대여소 정보(25.12월 기준).xlsx
1308,안암로터리 버스정류장 앞,성북구,서울특별시 성북구 안암로 69 안암로터리 버스정류장,37.58259201,127.02897644,"2017-06-20 10:15:23",16.0,,LCD,공공자전거 대여소 정보(25.12월 기준).xlsx
1314,정릉꿈에그린1단지 201동 앞,성북구,서울특별시 성북구 아리랑로19길 20 성북구 정릉동 966-62,37.60243988,127.01168823,"2017-04-26 14:50:24",8.0,,LCD,공공자전거 대여소 정보(25.12월 기준).xlsx
1315,고려사대부속중고 정문,성북구,서울특별시 성북구 보국문로29길 23 성북구 정릉동 966-1,37.60776138,127.00328064,"2017-04-26 14:51:19",10.0,,LCD,공공자전거 대여소 정보(25.12월 기준).xlsx
1316,고려사대부속중고 건너편,성북구,서울특별시 성북구 보국문로29길 23 성북구 정릉동 966-1,37.60726166,127.00283813,"2017-04-26 14:52:03",10.0,,LCD,공공자전거 대여소 정보(25.12월 기준).xlsx
1318,길음역 3번출구 뒤,성북구,서울특별시 성북구 동소문로 248 동소문로248,37.60308456,127.0247879,"2017-04-26 14:52:43",14.0,,LCD,공공자전거 대여소 정보(25.12월 기준).xlsx
1319,종암사거리 분수대,성북구,서울특별시 성북구 종암로 147 성북구 하월곡동 104-134,37.6030426,127.03327179,"2017-04-26 14:54:32",,10.0,QR,공공자전거 대여소 정보(25.12월 기준).xlsx
1321,국민은행 종암동지점 앞,성북구,서울특별시 성북구 종암로3길 37-2 성북구 종암동 12-33,37.59328842,127.03666687,"2017-05-11 10:52:55",14.0,,LCD,공공자전거 대여소 정보(25.12월 기준).xlsx
1322,래미안라센트아파트 103동 앞,성북구,서울특별시 성북구 종암로3길 37-2 성북구 종암동 12-33,37.59806824,127.03927612,"2017-04-26 14:55:02",10.0,,LCD,공공자전거 대여소 정보(25.12월 기준).xlsx
1325,상월곡역 4번출구,성북구,서울특별시 성북구 화랑로 148 성북구 상월곡동 산7-1,37.60580826,127.04773712,"2017-04-26 14:58:56",10.0,,LCD,공공자전거 대여소 정보(25.12월 기준).xlsx
1326,상월곡역 1번출구,성북구,서울특별시 성북구 화랑로 지하 157 성북구 상월곡동 35-9,37.60606766,127.0473175,"2017-04-26 14:59:38",10.0,,LCD,공공자전거 대여소 정보(25.12월 기준).xlsx
1327,상월곡역 3번출구,성북구,서울특별시 성북구 화랑로 지하 157 성북구 상월곡동 26-1,37.60734177,127.05068207,"2017-04-26 15:00:18",10.0,,LCD,공공자전거 대여소 정보(25.12월 기준).xlsx
1328,월곡역 3번출구,성북구,서울특별시 성북구 월곡로 지하 107 성북구 하월곡동 37-4,37.6026268,127.04163361,"2017-06-27 15:08:09",10.0,,LCD,공공자전거 대여소 정보(25.12월 기준).xlsx
1332,석계역 5번출구 건너편,성북구,서울특별시 노원구 화랑로 지하 347-1 성북구 석관동 134-4,37.61355591,127.06609344,"2017-04-26 15:01:46",10.0,,LCD,공공자전거 대여소 정보(25.12월 기준).xlsx
1333,석관초등학교 앞,성북구,서울특별시 성북구 돌곶이로22길 21 성북구 석관동 202-3,37.61052322,127.05979919,"2017-04-26 15:02:37",20.0,,LCD,공공자전거 대여소 정보(25.12월 기준).xlsx
1334,석관동주민센터 앞,성북구,서울특별시 성북구 화랑로 296 성북구 석관동 384-2,37.61299896,127.06130981,"2017-04-26 15:03:20",10.0,,LCD,공공자전거 대여소 정보(25.12월 기준).xlsx
1336,성북3교 위,성북구,서울특별시 성북구 보문로 192 성북3교 위,37.59125137,127.01400757,"2017-11-13 09:14:22",30.0,,LCD,공공자전거 대여소 정보(25.12월 기준).xlsx
1337,돈암성당 옆,성북구,서울특별시 성북구 인촌로7길 120 돈암성당 옆,37.59038162,127.01713562,"2017-11-13 09:18:18",13.0,,LCD,공공자전거 대여소 정보(25.12월 기준).xlsx
1338,용문2교 옆,성북구,서울특별시 성북구 인촌로7길 24 용문2교 옆,37.5868988,127.02075195,"2017-11-13 09:19:14",15.0,,LCD,공공자전거 대여소 정보(25.12월 기준).xlsx
1339,삼성전자서비스 성북센터,성북구,서울특별시 성북구 월계로 28 삼성전자서비스 성북센터,37.610569,127.0335083,"2017-11-13 09:20:27",9.0,,LCD,공공자전거 대여소 정보(25.12월 기준).xlsx
1340,광운초등학교 앞,성북구,서울특별시 성북구 장위동 134-27,37.61784363,127.05500031,"2017-11-13 09:21:06",11.0,,LCD,공공자전거 대여소 정보(25.12월 기준).xlsx
1342,성북쉼터 앞,성북구,서울특별시 성북구 성북로21길 32 성북쉼터 앞,37.59261703,126.99793243,"2017-11-13 09:23:25",10.0,,LCD,공공자전거 대여소 정보(25.12월 기준).xlsx
1343,한성대7번출구 앞,성북구,서울특별시 성북구 동소문로 11 한성대7번출구 앞,37.58924866,127.00737762,"2017-11-13 09:24:03",8.0,,LCD,공공자전거 대여소 정보(25.12월 기준).xlsx
1344,아리랑시네센터 앞,성북구,서울특별시 성북구 아리랑로 82 아리랑시네센터 앞,37.60028839,127.01370239,"2017-11-13 09:24:44",10.0,,LCD,공공자전거 대여소 정보(25.12월 기준).xlsx
1346,길음8골어린이공원 옆,성북구,서울특별시 성북구 길음로13길 22 길음8골어린이공원 옆,37.60897827,127.02024841,"2017-11-13 09:26:22",15.0,,LCD,공공자전거 대여소 정보(25.12월 기준).xlsx
1347,길음래미안아파트817동 상가 앞,성북구,서울특별시 성북구 길음로 33 길음래미안아파트817동 상가 앞,37.60710526,127.02149963,"2017-11-13 09:27:13",10.0,,LCD,공공자전거 대여소 정보(25.12월 기준).xlsx
1348,성북제일새마을금고 본점 앞,성북구,서울특별시 성북구 길음로 20 성북제일새마을금고 본점 앞,37.60475159,127.02275848,"2017-11-13 09:27:56",12.0,,LCD,공공자전거 대여소 정보(25.12월 기준).xlsx
1349,월계2교 버스정류장 앞,성북구,서울특별시 성북구 한천로101길 18 월계2교 버스정유장 앞,37.62382889,127.05020142,"2017-11-13 09:28:37",10.0,,LCD,공공자전거 대여소 정보(25.12월 기준).xlsx
1351,안암2교 옆,성북구,서울특별시 성북구 안암로 17 SK제삼주유소 앞,37.5794487,127.02419281,"2017-11-13 09:30:03",8.0,,LCD,공공자전거 대여소 정보(25.12월 기준).xlsx
1352,e 편한세상 보문아파트 내,성북구,서울특별시 성북구 낙산길 255 e 편한세상 보문아파트 내,37.58388138,127.01709747,"2017-11-13 09:31:04",8.0,,LCD,공공자전거 대여소 정보(25.12월 기준).xlsx
1353,금호어울림센터힐 내,성북구,서울특별시 성북구 동소문로34길 73 금호어울림센터힐 내,37.60083008,127.02355194,"2017-11-13 09:31:42",8.0,,LCD,공공자전거 대여소 정보(25.12월 기준).xlsx
1354,고려대학교 2번출구,성북구,서울특별시 성북구 종암로 지하 1 고려대학교 2번출구,37.5907135,127.03619385,"2017-11-28 11:51:23",22.0,,LCD,공공자전거 대여소 정보(25.12월 기준).xlsx
1357,북한산보국문역,성북구,서울특별시 성북구 보국문로 91 북한산보국문역,37.61207199,127.00813293,"2018-02-26 11:09:35",10.0,,LCD,공공자전거 대여소 정보(25.12월 기준).xlsx
1358,정릉도서관 앞,성북구,서울특별시 성북구 보국문로 7-10 정릉도서관 앞,37.60478973,127.01058197,"2018-02-26 11:10:48",7.0,,LCD,공공자전거 대여소 정보(25.12월 기준).xlsx
1360,정릉역,성북구,서울특별시 성북구 정릉로 272 정릉역,37.60309601,127.01350403,"2018-02-26 11:13:55",10.0,,LCD,공공자전거 대여소 정보(25.12월 기준).xlsx
1361,홍익중고 입구,성북구,서울특별시 성북구 성북동 142-1,37.59296799,127.00223541,"2018-02-26 12:07:29",20.0,,LCD,공공자전거 대여소 정보(25.12월 기준).xlsx
1362,보문역6번출구 앞,성북구,서울특별시 성북구 보문로 112-2,37.58519745,127.01966858,"2018-11-02 00:00:00",,12.0,QR,공공자전거 대여소 정보(25.12월 기준).xlsx
1363,보문4교 인근,성북구,서울특별시 성북구 보문로22길 28 보문4교 인근,37.58375168,127.02194977,"2018-11-04 00:00:00",25.0,,LCD,공공자전거 대여소 정보(25.12월 기준).xlsx
1364,성북동 치안센터 앞,성북구,서울특별시 성북구 성북로 25 성북동 치안센터 앞,37.59017181,127.00408936,"2018-11-02 00:00:00",10.0,,LCD,공공자전거 대여소 정보(25.12월 기준).xlsx
1365,선잠단지 앞,성북구,서울특별시 성북구 성북로 102-10 선잠단지 앞,37.5933609,126.9990921,"2018-10-27 00:00:00",10.0,,LCD,공공자전거 대여소 정보(25.12월 기준).xlsx
1366,일신초등학교 옆,성북구,서울특별시 성북구 월곡로 74 일신초등학교 옆,37.59972,127.04038239,"2018-10-26 00:00:00",10.0,,LCD,공공자전거 대여소 정보(25.12월 기준).xlsx
1367,길음문화복합미디어센터,성북구,서울특별시 성북구 길음로7길 6 길음뉴타운9단지래미안 상가,37.60429764,127.02261353,"2018-11-02 00:00:00",10.0,,LCD,공공자전거 대여소 정보(25.12월 기준).xlsx
1368,성신여대입구 교차로,성북구,서울특별시 성북구 보문로34길 87 성신여대입구 교차로,37.59139633,127.02015686,"2018-11-02 00:00:00",10.0,,LCD,공공자전거 대여소 정보(25.12월 기준).xlsx
1370,복자사랑 피정의 집,성북구,서울특별시 성북구 성북로 132-4 복자사랑 피정의 집,37.59453964,126.99520874,"2018-10-27 00:00:00",10.0,,LCD,공공자전거 대여소 정보(25.12월 기준).xlsx
1372,KEB은행 고대점,성북구,서울특별시 성북구 인촌로 113 KEB은행 고대점,37.58644485,127.03160095,"2018-10-24 00:00:00",,20.0,QR,공공자전거 대여소 정보(25.12월 기준).xlsx
1373,성북구보건소 건너편,성북구,서울특별시 성북구 화랑로 63 성북구보건소 건너편,37.60235596,127.03907776,"2018-10-26 00:00:00",,8.0,QR,공공자전거 대여소 정보(25.12월 기준).xlsx
1375,생명의 전화 종합복지관 앞 교차로,성북구,서울특별시 성북구 오패산로 21 생명의 전화 종합복지관 앞 교차로,37.60390854,127.0373764,"2018-12-27 00:00:00",20.0,,LCD,공공자전거 대여소 정보(25.12월 기준).xlsx
1376,한국과학기술연구원 중문,성북구,서울특별시 성북구 화랑로14길 5 한국과학기술연구원 정문,37.59730911,127.0437851,"2019-05-21 00:00:00",,7.0,QR,공공자전거 대여소 정보(25.12월 기준).xlsx
1377,한국과학기술연구원 북문,성북구,서울특별시 성북구 화랑로14길 5 한국과학기술연구원 후문,37.60418701,127.04549408,"2019-05-21 00:00:00",10.0,,LCD,공공자전거 대여소 정보(25.12월 기준).xlsx
1379,길음뉴타운푸르지오아파트 3단지,성북구,서울특별시 성북구 길음로13길 39 길음뉴타운,37.60929489,127.01847839,"2020-03-26 00:00:00",,10.0,QR,공공자전거 대여소 정보(25.12월 기준).xlsx
1380,월곡역 5번출구 앞,성북구,서울특별시 성북구 하월곡동 96-248,37.60108566,127.04123688,"2020-03-30 00:00:00",,10.0,QR,공공자전거 대여소 정보(25.12월 기준).xlsx
1381,석계역 4번출구 뒤,성북구,서울특별시 성북구 석관동 375-97,37.61478424,127.06700134,"2020-03-25 00:00:00",,18.0,QR,공공자전거 대여소 정보(25.12월 기준).xlsx
1382,래미안월곡아파트 입구,성북구,서울특별시 성북구 하월곡동 225-5,37.60866547,127.03627014,"2020-03-26 00:00:00",,10.0,QR,공공자전거 대여소 정보(25.12월 기준).xlsx
1384,성신여대입구역 5번출구,성북구,서울특별시 성북구 동소문동6가 140-5,37.59282684,127.01628876,"2020-03-28 00:00:00",,13.0,QR,공공자전거 대여소 정보(25.12월 기준).xlsx
1385,성신여대입구역 3번출구 앞,성북구,서울특별시 성북구 동소문로 98 제일은행,37.59236526,127.01628876,"2020-06-17 00:00:00",,10.0,QR,공공자전거 대여소 정보(25.12월 기준).xlsx
1386,동선고가차도 초입,성북구,서울특별시 성북구 동소문로 130,37.59415817,127.01896667,"2020-03-28 00:00:00",,10.0,QR,공공자전거 대여소 정보(25.12월 기준).xlsx
1388,돈암초교입구 버스정류장(한성대입구역 방면),성북구,서울특별시 성북구 동소문동3가 66-1,37.59088135,127.01170349,"2020-03-28 00:00:00",,10.0,QR,공공자전거 대여소 정보(25.12월 기준).xlsx
1390,석관래미안아트리치,성북구,서울특별시 성북구 석관동 323-2,37.60646057,127.06162262,"2020-05-05 00:00:00",,10.0,QR,공공자전거 대여소 정보(25.12월 기준).xlsx
1391,성북청소년센터,성북구,서울특별시 성북구 장위동 322-8,37.61688232,127.05606842,"2020-03-24 00:00:00",,10.0,QR,공공자전거 대여소 정보(25.12월 기준).xlsx
1392,돈암삼성풍림아파트,성북구,서울특별시 성북구 돈암동 632-6,37.5970993,127.02262878,"2020-03-27 00:00:00",,10.0,QR,공공자전거 대여소 정보(25.12월 기준).xlsx
1393,돈암육교 하단,성북구,서울특별시 성북구 돈암동 51-10,37.59818268,127.0211792,"2020-05-05 00:00:00",,10.0,QR,공공자전거 대여소 정보(25.12월 기준).xlsx
1394,길음뉴타운 래미안9단지,성북구,서울특별시 성북구 정릉로 243,37.60242462,127.01998138,"2020-03-27 00:00:00",,10.0,QR,공공자전거 대여소 정보(25.12월 기준).xlsx
1395,래미안장위포레카운티(102동),성북구,서울특별시 성북구 장위동 143-12,37.61817932,127.05183411,"2020-03-25 00:00:00",,20.0,QR,공공자전거 대여소 정보(25.12월 기준).xlsx
1396,래미안장위퍼스트하이(513동),성북구,서울특별시 성북구 장위동 201-6,37.61844254,127.05145264,"2020-03-25 00:00:00",,30.0,QR,공공자전거 대여소 정보(25.12월 기준).xlsx
1401,극동늘푸른아파트,중랑구,서울특별시 중랑구 동일로 941 중랑구 묵동 189-2,37.61473846,127.07636261,"2017-04-26 14:48:36",15.0,,LCD,공공자전거 대여소 정보(25.12월 기준).xlsx
1402,금란주차장 앞,중랑구,서울특별시 중랑구 망우로 448 금란주차장 앞,37.60007095,127.10233307,"2017-04-26 14:51:58",10.0,,LCD,공공자전거 대여소 정보(25.12월 기준).xlsx
1403,중화빌딩 앞 (동부시장),중랑구,서울특별시 중랑구 망우로 211 중화빌딩,37.59424973,127.07657623,"2017-04-26 14:55:07",15.0,,LCD,공공자전거 대여소 정보(25.12월 기준).xlsx
1404,동일로 지하차도,중랑구,서울특별시 중랑구 망우로 233 중랑구 중화동 211-3,37.59529877,127.08003235,"2017-05-02 13:35:27",10.0,,LCD,공공자전거 대여소 정보(25.12월 기준).xlsx
1405,망우역 1번출구,중랑구,서울특별시 중랑구 망우로55길 11-10 망우역 1번출구,37.59909821,127.09294891,"2017-04-26 14:56:29",10.0,,LCD,공공자전거 대여소 정보(25.12월 기준).xlsx
1407,먹골역 1번출구 뒤,중랑구,서울특별시 중랑구 공릉로 12 중랑구 묵동 189-4,37.61151123,127.07788849,"2017-06-22 10:29:33",10.0,,LCD,공공자전거 대여소 정보(25.12월 기준).xlsx
1408,먹골역 6번출구 앞,중랑구,서울특별시 중랑구 동일로 지하 901 먹골역 6번출구 앞,37.61072159,127.0774765,"2017-04-26 14:58:38",10.0,,LCD,공공자전거 대여소 정보(25.12월 기준).xlsx
1410,면목 대원칸타빌아파트,중랑구,서울특별시 중랑구 용마산로 285 581 번지,37.57778168,127.09018707,"2017-04-26 14:59:49",10.0,,LCD,공공자전거 대여소 정보(25.12월 기준).xlsx
1411,상봉시장앞 교차로 한성빌딩 앞,중랑구,서울특별시 중랑구 면목로 456 중랑구 면목동 282-4,37.59254074,127.08673859,"2017-06-27 15:12:03",10.0,,LCD,공공자전거 대여소 정보(25.12월 기준).xlsx
1414,사가정역 2번출구,중랑구,서울특별시 중랑구 면목로 325,37.58098984,127.08824158,"2017-06-22 10:31:25",,10.0,QR,공공자전거 대여소 정보(25.12월 기준).xlsx
1416,상봉역 3번출구,중랑구,서울특별시 중랑구 면목로 480 중랑구 상봉동 160-22,37.59521866,127.08599854,"2017-06-22 10:32:31",8.0,,LCD,공공자전거 대여소 정보(25.12월 기준).xlsx
1418,새솔초등학교,중랑구,서울특별시 중랑구 신내역로1길 164 새솔초등학교,37.61743927,127.10901642,"2017-04-26 15:04:25",10.0,,LCD,공공자전거 대여소 정보(25.12월 기준).xlsx
1420,신내어울공원 앞,중랑구,서울특별시 중랑구 신내로16길 33 신내동 의료안심주택,37.61394501,127.09770203,"2017-04-26 15:06:33",15.0,,LCD,공공자전거 대여소 정보(25.12월 기준).xlsx
1421,신내역 4번출구,중랑구,서울특별시 중랑구 신내로 지하 232 신내역 4번출구,37.61246109,127.1033783,"2017-04-26 15:07:19",13.0,,LCD,공공자전거 대여소 정보(25.12월 기준).xlsx
1422,신내우디안아파트 1단지,중랑구,서울특별시 중랑구 신내역로 213 신내우디안아파트 1단지,37.62009811,127.10646057,"2017-04-26 15:08:05",10.0,,LCD,공공자전거 대여소 정보(25.12월 기준).xlsx
1424,양원역 2번출구,중랑구,서울특별시 중랑구 송림길 147 양원역 2번출구,37.6063118,127.10774231,"2017-04-26 15:08:50",10.0,,LCD,공공자전거 대여소 정보(25.12월 기준).xlsx
1425,신성미소지움아파트,중랑구,서울특별시 중랑구 용마산로86길 9-27 용마문화복지센터,37.58745956,127.09597015,"2017-04-26 15:09:43",10.0,,LCD,공공자전거 대여소 정보(25.12월 기준).xlsx
1426,면목도시개발아파트 1동 앞,중랑구,서울특별시 중랑구 용마산로 지하 227 면목도시개발아파트 1동 앞,37.57358932,127.08682251,"2017-04-26 15:10:32",10.0,,LCD,공공자전거 대여소 정보(25.12월 기준).xlsx
1427,용마산역 1번출구,중랑구,서울특별시 중랑구 용마산로 지하 227 중랑구 면목동 1381,37.57429886,127.08691406,"2017-06-22 10:34:51",10.0,,LCD,공공자전거 대여소 정보(25.12월 기준).xlsx
1428,원묵고등학교,중랑구,서울특별시 중랑구 숙선옹주로 66 중랑구 묵동 20-3,37.61602402,127.08596802,"2017-06-22 10:35:31",10.0,,LCD,공공자전거 대여소 정보(25.12월 기준).xlsx
1429,장안중학교,중랑구,서울특별시 중랑구 동일로 778 동일로 778,37.59995651,127.08000183,"2017-06-22 10:36:07",15.0,,LCD,공공자전거 대여소 정보(25.12월 기준).xlsx
1430,중랑구청,중랑구,서울특별시 중랑구 봉화산로 179 중랑구 신내동 662-1,37.60615158,127.09259796,"2017-06-22 10:37:12",20.0,,LCD,공공자전거 대여소 정보(25.12월 기준).xlsx
1431,중랑구청 사거리,중랑구,서울특별시 중랑구 봉화산로 194 중랑구 신내동 561,37.60649872,127.09545135,"2017-06-22 10:38:13",10.0,,LCD,공공자전거 대여소 정보(25.12월 기준).xlsx
1433,중화역 2번출구,중랑구,서울특별시 중랑구 동일로 지하 797 중랑구 중화동 50-3,37.60207748,127.07958221,"2017-06-22 10:38:51",10.0,,LCD,공공자전거 대여소 정보(25.12월 기준).xlsx
1435,능산삼거리,중랑구,서울특별시 중랑구 용마산로 644 능산삼거리,37.60868073,127.10079193,"2017-04-26 15:13:41",10.0,,LCD,공공자전거 대여소 정보(25.12월 기준).xlsx
1436,동원베네스트 건물 앞,중랑구,서울특별시 중랑구 용마산로 640,37.60810089,127.10118103,"2017-04-26 15:15:01",15.0,,LCD,공공자전거 대여소 정보(25.12월 기준).xlsx
1437,늘푸른공원 앞,중랑구,서울특별시 중랑구 동일로 594 늘푸른공원 앞,37.5834198,127.07992554,"2017-04-26 15:16:04",15.0,,LCD,공공자전거 대여소 정보(25.12월 기준).xlsx
1438,홈플러스 신내점 앞,중랑구,서울특별시 중랑구 신내로 지하 232 홈플러스 신내점 앞,37.61616898,127.09348297,"2017-04-26 15:16:45",15.0,,LCD,공공자전거 대여소 정보(25.12월 기준).xlsx
1440,면목2동 사거리,중랑구,서울특별시 중랑구 동일로 628 하나은행,37.58637238,127.0800705,"2017-08-01 16:42:26",10.0,,LCD,공공자전거 대여소 정보(25.12월 기준).xlsx
1441,신내능말공원,중랑구,서울특별시 중랑구 신내역로 165 신내 데시앙포레,37.61670685,127.11026001,"2017-04-26 15:05:17",10.0,,LCD,공공자전거 대여소 정보(25.12월 기준).xlsx
1442,중랑구 중소기업 창업센터,중랑구,서울특별시 중화동 50-8 (구)신한은행 중랑교지점,37.59859085,127.07981873,"2017-11-01 16:00:00",8.0,,LCD,공공자전거 대여소 정보(25.12월 기준).xlsx
1444,면목4치안센터,중랑구,서울특별시 면목동 646-4 면목4치안센터,37.57402802,127.08054352,"2017-11-01 16:00:00",10.0,,LCD,공공자전거 대여소 정보(25.12월 기준).xlsx
1445,용마지구대 A,중랑구,서울특별시 면목동 197-5 용마지구대,37.5799408,127.07939911,"2017-11-01 16:00:00",10.0,,LCD,공공자전거 대여소 정보(25.12월 기준).xlsx
1446,중랑전화국 교차로,중랑구,서울특별시 중랑구 면목동 282-8 중랑전화국 교차로,37.59130096,127.0803299,"2017-11-01 16:00:00",10.0,,LCD,공공자전거 대여소 정보(25.12월 기준).xlsx
1447,면목역 3번출구,중랑구,서울특별시 면목동 120-2 면목역 3번출구,37.58890152,127.08728027,"2017-11-01 16:00:00",15.0,,LCD,공공자전거 대여소 정보(25.12월 기준).xlsx
1448,코스트코 상봉점,중랑구,서울특별시 상봉동 160-3 코스트코 상봉점,37.59732056,127.08979797,"2017-11-01 16:00:00",15.0,,LCD,공공자전거 대여소 정보(25.12월 기준).xlsx
1449,상봉역 1번출구,중랑구,서울특별시 중랑구 망우로 297 상봉역 1번출구,37.59655762,127.08583832,"2017-11-28 12:02:52",15.0,,LCD,공공자전거 대여소 정보(25.12월 기준).xlsx
1450,화랑대역 7번출구,중랑구,서울특별시 중랑구 묵동 6-3,37.61963654,127.08504486,"2017-11-28 12:03:41",10.0,,LCD,공공자전거 대여소 정보(25.12월 기준).xlsx
1451,중랑세무서,중랑구,서울특별시 중랑구 망우로 176 중랑세무서,37.59275818,127.07266998,"2017-11-28 12:04:31",10.0,,LCD,공공자전거 대여소 정보(25.12월 기준).xlsx
1452,겸재교 진입부,중랑구,서울특별시 중랑구 겸재로 68 겸재교진입부,37.58565521,127.07505035,"2017-11-29 12:04:30.995000",20.0,5.0,"LCD,QR",공공자전거 대여소 정보(25.12월 기준).xlsx
1453,중랑캠핑숲,중랑구,서울특별시 중랑구 송림길 172 중랑캠핑숲,37.60460281,127.10925293,"2017-12-22 14:23:42",9.0,,LCD,공공자전거 대여소 정보(25.12월 기준).xlsx
1454,한국전력공사(동대문 중랑지사),중랑구,서울특별시 중랑구 동일로 862 한국전력공사(동대문 중랑지사),37.6073494,127.07859039,"2017-12-22 14:24:48",10.0,,LCD,공공자전거 대여소 정보(25.12월 기준).xlsx
1455,상봉역 2번 출구,중랑구,서울특별시 중랑구 망우로 297 상봉역 2번 출구,37.59632874,127.08589935,"2018-02-13 13:41:20",10.0,,LCD,공공자전거 대여소 정보(25.12월 기준).xlsx
1456,상아빌딩(우림시장 교차로),중랑구,서울특별시 중랑구 용마산로 494 상아빌딩(우림시장 교차로),37.59511185,127.10032654,"2018-02-26 11:05:33",10.0,,LCD,공공자전거 대여소 정보(25.12월 기준).xlsx
1457,동원사거리,중랑구,서울특별시 중랑구 겸재로 229 동원사거리,37.58975983,127.09323883,"2018-02-26 11:06:51",10.0,,LCD,공공자전거 대여소 정보(25.12월 기준).xlsx
1458,상봉터미널2,중랑구,서울특별시 중랑구 용마산로115길 127 용마산로115길 127,37.59733963,127.09308624,"2018-11-02 00:00:00",,9.0,QR,공공자전거 대여소 정보(25.12월 기준).xlsx
1459,용마한신아파트사거리,중랑구,서울특별시 중랑구 용마산로 313 용마한신아파트사거리,37.58034897,127.09265137,"2018-10-29 00:00:00",10.0,,LCD,공공자전거 대여소 정보(25.12월 기준).xlsx
1461,동양엔파트 앞,중랑구,서울특별시 중랑구 망우로 203 중화동주상복합,37.593853,127.07507324,"2020-04-21 00:00:00",,12.0,QR,공공자전거 대여소 정보(25.12월 기준).xlsx
1462,동부시장 북문 앞,중랑구,서울특별시 중랑구 망우로 214 우도빌딩,37.59386826,127.07652283,"2020-05-05 00:00:00",,9.0,QR,공공자전거 대여소 정보(25.12월 기준).xlsx
1463,중랑구민회관,중랑구,서울특별시 중랑구 면목로 238 중랑구민회관,37.57407761,127.08500671,"2020-04-30 00:00:00",,10.0,QR,공공자전거 대여소 정보(25.12월 기준).xlsx
1464,중화역 4번출구,중랑구,서울특별시 중랑구 동일로 815,37.60305405,127.07900238,"2020-04-21 00:00:00",,15.0,QR,공공자전거 대여소 정보(25.12월 기준).xlsx
1466,두산대림아파트 삼거리,중랑구,서울특별시 중랑구 신내로23길 9 묵동근생빌딩,37.61882401,127.08757019,"2020-04-14 00:00:00",,10.0,QR,공공자전거 대여소 정보(25.12월 기준).xlsx
1467,sk신내 주유소앞(용마산로),중랑구,서울특별시 중랑구 신내동 353-2,37.61362076,127.10115051,"2020-04-14 00:00:00",,10.0,QR,공공자전거 대여소 정보(25.12월 기준).xlsx
1468,먹골역 7번 출구,중랑구,서울특별시 중랑구 동일로 901 먹골역,37.6114769,127.07739258,"2020-04-21 00:00:00",,6.0,QR,공공자전거 대여소 정보(25.12월 기준).xlsx
1469,먹골역 4번출구,중랑구,서울특별시 중랑구 동일로 890,37.60982132,127.07813263,"2020-04-21 00:00:00",,20.0,QR,공공자전거 대여소 정보(25.12월 기준).xlsx
1470,중화동 우리은행 앞,중랑구,서울특별시 중랑구 동일로 837 우리은행,37.60520172,127.07858276,"2020-04-20 00:00:00",,20.0,QR,공공자전거 대여소 정보(25.12월 기준).xlsx
1471,동양쇼핑 정류소 앞,중랑구,서울특별시 중랑구 묵동 190-2,37.61535263,127.07849121,"2020-06-18 00:00:00",,10.0,QR,공공자전거 대여소 정보(25.12월 기준).xlsx
1472,영성빌딩(PAT),중랑구,서울특별시 중랑구 동일로 824 신성빌딩,37.60408401,127.07923126,"2020-04-20 00:00:00",,8.0,QR,공공자전거 대여소 정보(25.12월 기준).xlsx
1473,중랑역 1번 출구(중화문화복지센터),중랑구,서울특별시 중랑구 중화동 321-129,37.59489059,127.07495117,"2020-04-21 00:00:00",,10.0,QR,공공자전거 대여소 정보(25.12월 기준).xlsx
1474,서울중랑우체국,중랑구,서울특별시 중랑구 망우로 271 서울중랑우체국,37.59581375,127.08283997,"2020-05-05 00:00:00",,10.0,QR,공공자전거 대여소 정보(25.12월 기준).xlsx
1477,면목삼익아파트 앞,중랑구,서울특별시 중랑구 동일로 501 면목삼익아파트,37.57598495,127.0796051,"2020-04-14 00:00:00",,10.0,QR,공공자전거 대여소 정보(25.12월 기준).xlsx
1478,홈플러스 상봉점 앞,중랑구,서울특별시 중랑구 상봉동 500-1,37.59832764,127.0922699,"2020-04-21 00:00:00",,15.0,QR,공공자전거 대여소 정보(25.12월 기준).xlsx
1479,면목 홈플러스 2,중랑구,서울특별시 중랑구 사가정로 326 중랑구 실향민협의회,37.58105469,127.08209229,"2020-04-14 00:00:00",,10.0,QR,공공자전거 대여소 정보(25.12월 기준).xlsx
1480,용마지구대 B,중랑구,서울특별시 중랑구 동일로 566 중랑경찰서용마지구대,37.58111191,127.08010101,"2020-04-16 00:00:00",,15.0,QR,공공자전거 대여소 정보(25.12월 기준).xlsx
1501,"미아역 3번,4번 출구 사이",강북구,"서울특별시 강북구 도봉로 196 미아역 3,4번 출구 사이",37.62607956,127.02648163,"2017-08-03 15:47:39",9.0,,LCD,공공자전거 대여소 정보(25.12월 기준).xlsx
1503,강북구청사거리(수유역 8번출구),강북구,서울특별시 강북구 도봉로 355,37.63926315,127.02672577,"2017-05-11 09:22:20",14.0,,LCD,공공자전거 대여소 정보(25.12월 기준).xlsx
1504,삼양시장오거리,강북구,서울특별시 강북구 삼양로 234 다이소 삼양시장점,37.62415695,127.01862335,"2017-05-11 09:24:36",10.0,,LCD,공공자전거 대여소 정보(25.12월 기준).xlsx
1506,강북문화예술회관,강북구,서울특별시 강북구 삼각산로 85 강북문화예술회관,37.64032745,127.01335907,"2017-05-11 09:26:00",15.0,,LCD,공공자전거 대여소 정보(25.12월 기준).xlsx
1509,서울북부수도사업소,강북구,서울특별시 강북구 한천로 935 번동 386-17,37.63437653,127.03575134,"2017-06-22 10:41:21",10.0,,LCD,공공자전거 대여소 정보(25.12월 기준).xlsx
1510,번동주공5단지 관리사무소 앞,강북구,서울특별시 강북구 오현로25마길 27 번동 230,37.63371658,127.03551483,"2017-06-22 13:16:00",10.0,,LCD,공공자전거 대여소 정보(25.12월 기준).xlsx
1512,강북중학교 앞,강북구,서울특별시 강북구 한천로150길 67 수유동 694-2,37.64473724,127.02656555,"2017-06-22 13:17:30",20.0,,LCD,공공자전거 대여소 정보(25.12월 기준).xlsx
1514,강북구청 사거리 버스정류소 앞,강북구,서울특별시 강북구 한천로 1009 강북구청 사거리 버스정류소,37.63880539,127.02835846,"2017-05-11 09:29:29",10.0,,LCD,공공자전거 대여소 정보(25.12월 기준).xlsx
1515,송천동 주민센터,강북구,서울특별시 강북구 솔샘로 284 송천동 주민센터,37.61828613,127.02404785,"2017-05-11 09:31:00",10.0,,LCD,공공자전거 대여소 정보(25.12월 기준).xlsx
1516,우이초등학교 후문 옆,강북구,서울특별시 강북구 수유동 409-131,37.63858795,127.01590729,"2017-05-11 09:35:11",10.0,,LCD,공공자전거 대여소 정보(25.12월 기준).xlsx
1518,수유2동은행빌딩 앞,강북구,서울특별시 강북구 삼양로 439 SK telecom(수유직영점),37.64308548,127.01616669,"2017-05-11 09:37:52",10.0,,LCD,공공자전거 대여소 정보(25.12월 기준).xlsx
1519,장미원시장 건너편,강북구,서울특별시 강북구 삼양로 474 수유동 317-3,37.64545059,127.01561737,"2017-05-11 09:33:54",10.0,,LCD,공공자전거 대여소 정보(25.12월 기준).xlsx
1520,수유중앙시장,강북구,서울특별시 강북구 노해로 50 수유동 140,37.63986206,127.022789,"2017-05-11 09:32:10",,7.0,QR,공공자전거 대여소 정보(25.12월 기준).xlsx
1525,미아동 복합청사,강북구,서울특별시 강북구 솔매로49길 14 미아동 195-1,37.62714005,127.02669525,"2017-05-11 09:30:09",10.0,,LCD,공공자전거 대여소 정보(25.12월 기준).xlsx
1526,강북종합시장 앞,강북구,서울특별시 강북구 수유동 140 수유동 채선당앞,37.64173889,127.02462769,"2017-11-01 16:00:00",8.0,,LCD,공공자전거 대여소 정보(25.12월 기준).xlsx
1527,미아역 1번 출구 뒤,강북구,서울특별시 강북구 미아동 194-1 미아역 1번 출구 뒤,37.62733459,127.02605438,"2017-11-01 16:00:00",10.0,,LCD,공공자전거 대여소 정보(25.12월 기준).xlsx
1528,삼각산동 주민센터,강북구,서울특별시 미아동 813-8 삼각산동 주민센터,37.61503601,127.02069855,"2017-11-01 16:00:00",10.0,,LCD,공공자전거 대여소 정보(25.12월 기준).xlsx
1529,미아동 한국전력공사,강북구,서울특별시 미아동 194-1 미아동 한국전력공사,37.63018036,127.02490997,"2017-11-01 16:00:00",15.0,,LCD,공공자전거 대여소 정보(25.12월 기준).xlsx
1530,광산사거리,강북구,서울특별시 강북구 노해로 87 광산사거리,37.64355087,127.0223465,"2017-11-01 16:00:00",13.0,,LCD,공공자전거 대여소 정보(25.12월 기준).xlsx
1531,미아사거리 1번 출구,강북구,서울특별시 강북구 미아동 66-1 미아사거리 1번 출구,37.61395645,127.03025055,"2017-11-01 16:00:00",10.0,,LCD,공공자전거 대여소 정보(25.12월 기준).xlsx
1532,번3동 주민센터 교차로,강북구,서울특별시 강북구 번동 2-2 번3동 주민센터 교차로,37.62635422,127.0474472,"2017-11-01 16:00:00",10.0,,LCD,공공자전거 대여소 정보(25.12월 기준).xlsx
1533,"번동 주공3, 4단지 교차로",강북구,"서울특별시 강북구 번동 254 번동 주공3, 4단지 교차로",37.62991714,127.04091644,"2017-11-01 16:00:00",10.0,,LCD,공공자전거 대여소 정보(25.12월 기준).xlsx
1535,효성인텔리안 앞,강북구,서울특별시 수유동 230-7 효성인텔리안 앞,37.6362915,127.02337646,"2017-11-01 16:00:00",10.0,,LCD,공공자전거 대여소 정보(25.12월 기준).xlsx
1536,번동 두산위브 101동 옆,강북구,서울특별시 번동 386-17 번동 두산위브 101동 옆,37.63626099,127.03217316,"2017-11-01 16:00:00",20.0,,LCD,공공자전거 대여소 정보(25.12월 기준).xlsx
1537,북한산 우이역,강북구,서울특별시 강북구 삼양로 670 북한산 우이역,37.66366577,127.01242828,"2018-02-26 11:20:17",10.0,,LCD,공공자전거 대여소 정보(25.12월 기준).xlsx
1538,솔밭공원역,강북구,서울특별시 강북구 삼양로 595 솔밭공원역,37.65615845,127.01313782,"2018-02-26 11:21:23",8.0,,LCD,공공자전거 대여소 정보(25.12월 기준).xlsx
1539,"4.19민주묘지역",강북구,서울특별시 강북구 삼양로 519 4.19민주묘지역,37.64967346,127.01345062,"2018-02-26 11:22:45",10.0,,LCD,공공자전거 대여소 정보(25.12월 기준).xlsx
1540,가오리역,강북구,서울특별시 강북구 삼양로 426 가오리역,37.64167023,127.01688385,"2018-02-26 11:23:39",8.0,,LCD,공공자전거 대여소 정보(25.12월 기준).xlsx
1541,삼양역,강북구,서울특별시 강북구 삼양로 263 삼양역,37.62652969,127.01805878,"2018-02-26 11:26:36",10.0,,LCD,공공자전거 대여소 정보(25.12월 기준).xlsx
1542,삼양사거리역,강북구,서울특별시 강북구 삼양로 197 삼양사거리역,37.62155151,127.02037048,"2018-02-26 11:27:49",10.0,,LCD,공공자전거 대여소 정보(25.12월 기준).xlsx
1543,수유1동 주민센터,강북구,서울특별시 강북구 삼양로 299 수유1동 주민센터,37.63018799,127.01773834,"2018-02-26 12:06:18",10.0,,LCD,공공자전거 대여소 정보(25.12월 기준).xlsx
1546,송천동우체국,강북구,서울특별시 강북구 도봉로 71 송천동우체국,37.61545944,127.02970123,"2018-10-25 00:00:00",10.0,,LCD,공공자전거 대여소 정보(25.12월 기준).xlsx
1547,꿈의숲 롯데캐슬,강북구,서울특별시 강북구 오현로 56 꿈의숲 롯데캐슬 111동 인근,37.61775208,127.03570557,"2018-12-14 00:00:00",10.0,,LCD,공공자전거 대여소 정보(25.12월 기준).xlsx
1548,북서울 꿈의숲 서문,강북구,서울특별시 강북구 월계로 173 북서울 꿈의숲 서문,37.62268829,127.03781128,"2018-12-14 00:00:00",15.0,,LCD,공공자전거 대여소 정보(25.12월 기준).xlsx
1550,삼각산아이원아파트(105동 옆),강북구,서울특별시 강북구 삼양로19길 113 삼각산아이원아파트,37.61522293,127.01850891,"2020-07-21 00:00:00",,10.0,QR,공공자전거 대여소 정보(25.12월 기준).xlsx
1551,"4.19탑 앞",강북구,서울특별시 강북구 수유동 567-55,37.64686203,127.00881195,"2020-03-25 00:00:00",,8.0,QR,공공자전거 대여소 정보(25.12월 기준).xlsx
1552,강북구청사거리,강북구,서울특별시 강북구 도봉로 358 코스타타워,37.63920212,127.02723694,"2020-03-25 00:00:00",,8.0,QR,공공자전거 대여소 정보(25.12월 기준).xlsx
1553,서울북부고용노동지청,강북구,서울특별시 강북구 덕릉로 176 예수그리스도 후기성도교회,37.63520432,127.03396606,"2020-03-26 00:00:00",,15.0,QR,공공자전거 대여소 정보(25.12월 기준).xlsx
1554,번동사거리,강북구,서울특별시 강북구 번동 430-76,37.63539124,127.03455353,"2020-03-25 00:00:00",,10.0,QR,공공자전거 대여소 정보(25.12월 기준).xlsx
1557,신창교,강북구,서울특별시 강북구 번동 612-3,37.63238144,127.03930664,"2020-03-27 00:00:00",,10.0,QR,공공자전거 대여소 정보(25.12월 기준).xlsx
1558,강북문화정보도서관,강북구,서울특별시 강북구 번동 139-5,37.62552643,127.037323,"2020-03-26 00:00:00",,10.0,QR,공공자전거 대여소 정보(25.12월 기준).xlsx
1560,도봉세무서 앞,강북구,서울특별시 강북구 도봉로 117 도봉세무서,37.6198082,127.02852631,"2020-03-27 00:00:00",,10.0,QR,공공자전거 대여소 정보(25.12월 기준).xlsx
1564,"4.19민주묘지역 1번출구",강북구,서울특별시 강북구 삼양로 522,37.64959717,127.01384735,"2020-03-25 00:00:00",,7.0,QR,공공자전거 대여소 정보(25.12월 기준).xlsx
1565,수유사거리,강북구,서울특별시 강북구 수유동 45-33,37.63561249,127.022995,"2020-03-25 00:00:00",,15.0,QR,공공자전거 대여소 정보(25.12월 기준).xlsx
1568,"4.19민주묘지 입구사거리",강북구,서울특별시 강북구 삼양로 504 광리빌딩,37.64793396,127.01457214,"2020-03-25 00:00:00",,10.0,QR,공공자전거 대여소 정보(25.12월 기준).xlsx
1569,수유역2번출구,강북구,서울특별시 강북구 도봉로 342,37.63796997,127.02590179,"2020-03-28 00:00:00",,10.0,QR,공공자전거 대여소 정보(25.12월 기준).xlsx
1571,북서울 꿈의 숲 입구,강북구,서울특별시 강북구 오현로20길 46,37.62673187,127.03877258,"2020-05-08 00:00:00",,10.0,QR,공공자전거 대여소 정보(25.12월 기준).xlsx
1572,우이동 먹거리마을,강북구,서울특별시 강북구 우이동 207-14,37.66446304,127.01184082,"2020-05-08 00:00:00",,10.0,QR,공공자전거 대여소 정보(25.12월 기준).xlsx
1573,현대성우아파트 옆,강북구,서울특별시 강북구 삼양로24길 19 현대성우아파트,37.61666489,127.02210999,"2020-05-05 00:00:00",,10.0,QR,공공자전거 대여소 정보(25.12월 기준).xlsx
1574,송중초등학교 옆,강북구,서울특별시 강북구 미아동 98-5,37.61669922,127.03049469,"2020-05-05 00:00:00",,8.0,QR,공공자전거 대여소 정보(25.12월 기준).xlsx
1601,석계역 문화광장 내 자전거 보관소,노원구,서울특별시 노원구 화랑로 331,37.61518097,127.06464386,"2021-06-17 00:00:00",,10.0,QR,공공자전거 대여소 정보(25.12월 기준).xlsx
1602,광운대역 앞,노원구,서울특별시 노원구 석계로 98-2 노원구 월계동 412-1,37.62266159,127.06189728,"2017-06-27 15:13:06",13.0,,LCD,공공자전거 대여소 정보(25.12월 기준).xlsx
1605,헬스케어,노원구,서울특별시 노원구 월계로 378 노원구 월계동 321-4,37.63162231,127.06161499,"2017-06-22 13:21:59",10.0,,LCD,공공자전거 대여소 정보(25.12월 기준).xlsx
1606,태릉입구역 3번출구,노원구,서울특별시 노원구 동일로 지하 992-1 노원구 공릉동 616-4,37.61917114,127.07492828,"2017-05-08 14:05:58",10.0,,LCD,공공자전거 대여소 정보(25.12월 기준).xlsx
1608,공릉역 1번 출구 앞,노원구,서울특별시 노원구 동일로 지하 1074 노원구 공릉동 385-4,37.62661362,127.07275391,"2017-05-26 10:09:36",10.0,,LCD,공공자전거 대여소 정보(25.12월 기준).xlsx
1610,화랑대역 2번출구 앞,노원구,서울특별시 노원구 화랑로 지하 510 노원구 공릉동 280-12,37.62036896,127.08364105,"2017-05-08 14:06:53",20.0,,LCD,공공자전거 대여소 정보(25.12월 기준).xlsx
1611,과기대 입구(우),노원구,서울특별시 노원구 공릉로 232 노원구 공릉동 436-4,37.62994003,127.07655334,"2017-05-08 14:07:35",20.0,,LCD,공공자전거 대여소 정보(25.12월 기준).xlsx
1616,하계2동 공항버스정류장 옆,노원구,서울특별시 노원구 동일로 지하 1196 노원구 하계동 273-5,37.63510895,127.06832886,"2017-05-08 14:08:14",10.0,,LCD,공공자전거 대여소 정보(25.12월 기준).xlsx
1617,하계동 중평어린이공원 앞,노원구,서울특별시 노원구 섬밭로 241 하계동 271-1,37.63714981,127.06327057,"2017-05-08 14:09:34",20.0,,LCD,공공자전거 대여소 정보(25.12월 기준).xlsx
1619,중계동 하나프라자빌딩 앞(중1-1),노원구,서울특별시 노원구 한글비석로 235 노원구 중계동 391,37.64902115,127.07640839,"2017-05-26 10:11:16",10.0,,LCD,공공자전거 대여소 정보(25.12월 기준).xlsx
1620,중계동 노원구민체육센터 옆(중1-2),노원구,서울특별시 노원구 노원로22길 1 노원구 중계1동 360-18,37.64820862,127.07022095,"2017-06-22 13:24:33",10.0,,LCD,공공자전거 대여소 정보(25.12월 기준).xlsx
1625,상계역 3번출구,노원구,서울특별시 노원구 상계로 182 노원구 상계동 173-19,37.65999985,127.07296753,"2017-06-27 15:13:56",20.0,,LCD,공공자전거 대여소 정보(25.12월 기준).xlsx
1627,수락산역 4번출구,노원구,서울특별시 노원구 동일로 지하 1662 노원구 상계동 1263,37.67694092,127.05509949,"2017-06-27 15:14:45",,12.0,QR,공공자전거 대여소 정보(25.12월 기준).xlsx
1628,노일초등학교 앞,노원구,서울특별시 노원구 동일로 1652 노원구 상계동 1118-9,37.67361832,127.05525208,"2017-06-22 13:25:26",5.0,,LCD,공공자전거 대여소 정보(25.12월 기준).xlsx
1630,수연빌딩 앞,노원구,서울특별시 노원구 동일로 지하 1662 노원구 상계동 1132-9,37.67625046,127.05550385,"2017-06-21 00:00:00",,10.0,QR,공공자전거 대여소 정보(25.12월 기준).xlsx
1634,당고개공원 대여소,노원구,서울특별시 노원구 상계동 1355-2,37.66846085,127.07714844,"2017-05-08 14:12:07",15.0,,LCD,공공자전거 대여소 정보(25.12월 기준).xlsx
1635,상계3.4동 주민센터 대여소,노원구,서울특별시 노원구 덕릉로131길 8 노원구 상계동 37-7,37.67271042,127.0831604,"2017-05-08 14:12:48",6.0,,LCD,공공자전거 대여소 정보(25.12월 기준).xlsx
1636,상계주공2단지 버스정류장 옆,노원구,서울특별시 노원구 동일로 1351 노원구 상계동 747,37.64921188,127.06176758,"2017-05-08 14:14:09",10.0,,LCD,공공자전거 대여소 정보(25.12월 기준).xlsx
1637,KT 전화국 버스정류장 옆,노원구,서울특별시 노원구 노해로 489 노원구 상계동 719-1,37.65470123,127.06340027,"2017-05-08 14:15:15",9.0,,LCD,공공자전거 대여소 정보(25.12월 기준).xlsx
1639,희성오피앙,노원구,서울특별시 노원구 동일로 1701 노원구 상계동 1263,37.68031311,127.05506897,"2017-05-08 14:32:09",10.0,,LCD,공공자전거 대여소 정보(25.12월 기준).xlsx
1640,한내근린공원 북측,노원구,서울특별시 노원구 마들로 86 한내근린공원 북측,37.62386322,127.06848907,"2017-08-30 12:59:22",,9.0,QR,공공자전거 대여소 정보(25.12월 기준).xlsx
1641,한내근린공원 남측,노원구,서울특별시 노원구 마들로 86 한내근린공원 남측,37.62155533,127.06951141,"2017-08-30 12:48:18",15.0,,LCD,공공자전거 대여소 정보(25.12월 기준).xlsx
1642,서울여대 남문,노원구,서울특별시 노원구 화랑로 621 서울여자대학교 서울여대 후문,37.62531662,127.08813477,"2017-08-23 13:47:08",7.0,,LCD,공공자전거 대여소 정보(25.12월 기준).xlsx
1643,태릉입구역 8번출구,노원구,서울특별시 노원구 공릉동 687-6 태릉입구역 8번출구,37.61736679,127.07521057,"2017-11-01 16:00:00",10.0,,LCD,공공자전거 대여소 정보(25.12월 기준).xlsx
1646,삼육대 입구,노원구,서울특별시 노원구 공릉동 26-43 삼육대 입구,37.63848877,127.10790253,"2017-11-01 16:00:00",10.0,,LCD,공공자전거 대여소 정보(25.12월 기준).xlsx
1650,중계근린공원내,노원구,서울특별시 노원구 중계동 506-3 중계근린공원내,37.63957977,127.06510162,"2017-11-01 16:00:00",,25.0,QR,공공자전거 대여소 정보(25.12월 기준).xlsx
1651,상계동 우방유쉘아파트 앞,노원구,서울특별시 노원구 상계동 1118-9 맥도날드 상계점 앞,37.67237473,127.05599213,"2017-11-01 16:00:00",20.0,,LCD,공공자전거 대여소 정보(25.12월 기준).xlsx
1652,파르코 앞,노원구,서울특별시 노원구 상계동 1263 파르코 앞,37.68000031,127.05558014,"2017-11-01 16:00:00",10.0,,LCD,공공자전거 대여소 정보(25.12월 기준).xlsx
1653,노원역1번출구,노원구,서울특별시 노원구 상계동 335-4 노원역1번출구,37.65620041,127.06362152,"2017-11-01 16:00:00",10.0,,LCD,공공자전거 대여소 정보(25.12월 기준).xlsx
1654,당고개입구 오거리,노원구,서울특별시 노원구 상계동 172-2 보훈회관 대여소,37.66379166,127.07544708,"2017-11-01 16:00:00",15.0,,LCD,공공자전거 대여소 정보(25.12월 기준).xlsx
1655,공릉1단지아파트,노원구,서울특별시 동일로 1127 공릉1단지아파트,37.63111115,127.07015991,"2017-11-01 16:00:00",15.0,,LCD,공공자전거 대여소 정보(25.12월 기준).xlsx
1656,중앙하이츠 아파트 입구,노원구,서울특별시 노원구 노원로 434 상계2차중앙하이츠아파트,37.65501785,127.06750488,"2017-11-01 16:00:00",12.0,,LCD,공공자전거 대여소 정보(25.12월 기준).xlsx
1657,노원구청,노원구,서울특별시 노원구 노해로 437 노원구청,37.65404892,127.05732727,"2017-11-01 16:00:00",20.0,,LCD,공공자전거 대여소 정보(25.12월 기준).xlsx
1659,중계동 을지중학교,노원구,서울특별시 노원구 중계동 370 중계동 을지중학교,37.65032959,127.07160187,"2017-11-01 16:00:00",10.0,,LCD,공공자전거 대여소 정보(25.12월 기준).xlsx
1660,서울시립과학관,노원구,서울특별시 노원구 하계동 266 서울시립과학관,37.64207077,127.07662201,"2017-11-01 16:00:00",8.0,,LCD,공공자전거 대여소 정보(25.12월 기준).xlsx
1661,당현천근린공원,노원구,서울특별시 노원구 동일로 1342 당현천근린공원,37.64963913,127.06560516,"2017-11-28 10:45:22",10.0,,LCD,공공자전거 대여소 정보(25.12월 기준).xlsx
1662,노원역7번출구,노원구,서울특별시 노원구 노해로 459 메가빌딩,37.65421677,127.05921173,"2017-11-28 10:46:34",20.0,,LCD,공공자전거 대여소 정보(25.12월 기준).xlsx
1663,동해문화예술관앞,노원구,서울특별시 노원구 화랑로 429 동해문화예술관앞,37.61938095,127.0578537,"2017-11-28 10:47:07",25.0,,LCD,공공자전거 대여소 정보(25.12월 기준).xlsx
1664,노해근린공원내,노원구,서울특별시 노원구 노원로22길 1 노해근린공원내,37.64936066,127.0704422,"2017-11-28 10:47:44",10.0,,LCD,공공자전거 대여소 정보(25.12월 기준).xlsx
1665,양지근린공원앞,노원구,서울특별시 노원구 한글비석로 227 양지근린공원앞,37.64699554,127.07640076,"2017-11-28 10:48:50",10.0,,LCD,공공자전거 대여소 정보(25.12월 기준).xlsx
1666,노원소방서인근,노원구,서울특별시 노원구 노원로26길 111 노원소방서인근,37.65578079,127.07177734,"2017-11-28 10:49:40",10.0,,LCD,공공자전거 대여소 정보(25.12월 기준).xlsx
1667,중계중학교,노원구,서울특별시 노원구 덕릉로76길 23 중계중학교,37.65449905,127.0743866,"2017-11-28 11:18:58",10.0,,LCD,공공자전거 대여소 정보(25.12월 기준).xlsx
1668,중계역 6번출구,노원구,서울특별시 노원구 동일로 지하 1308-1 중계역 6번출구,37.64556503,127.06334686,"2017-11-28 11:19:32",10.0,,LCD,공공자전거 대여소 정보(25.12월 기준).xlsx
1669,중계역 3번출구,노원구,서울특별시 노원구 동일로 지하 1308-1 중계역 3번출구,37.64352798,127.06522369,"2017-11-28 11:20:04",9.0,,LCD,공공자전거 대여소 정보(25.12월 기준).xlsx
1670,노원경찰서교차로,노원구,서울특별시 노원구 노원로 283 노원경찰서교차로,37.64340973,127.07183838,"2017-11-28 11:22:31",20.0,,LCD,공공자전거 대여소 정보(25.12월 기준).xlsx
1671,인덕대학교,노원구,서울특별시 노원구 초안산로 12 인덕대학교,37.62934875,127.05482483,"2017-11-28 11:23:08",15.0,,LCD,공공자전거 대여소 정보(25.12월 기준).xlsx
1672,상계동수락리버시티,노원구,서울특별시 노원구 누원로 18 상계동수락리버시티,37.68859863,127.05340576,"2017-11-28 11:24:03",15.0,,LCD,공공자전거 대여소 정보(25.12월 기준).xlsx
1674,서울북부고용센터앞,노원구,서울특별시 노원구 노해로 450 서울북부고용센터앞,37.65354919,127.05808258,"2017-11-28 11:29:42",15.0,,LCD,공공자전거 대여소 정보(25.12월 기준).xlsx
1675,월계문화체육센터,노원구,서울특별시 노원구 월계로 280 월계문화체육센터,37.62694168,127.05513,"2017-12-22 14:28:21",9.0,,LCD,공공자전거 대여소 정보(25.12월 기준).xlsx
1677,육군사관학교 앞,노원구,서울특별시 노원구 화랑로 570 육군사관학교 앞,37.62316513,127.09049988,"2017-12-22 14:30:34",15.0,,LCD,공공자전거 대여소 정보(25.12월 기준).xlsx
1679,삼육대 도서관,노원구,서울특별시 노원구 화랑로 815 삼육대 도서관,37.6428299,127.10666656,"2018-02-26 11:32:31",10.0,,LCD,공공자전거 대여소 정보(25.12월 기준).xlsx
1680,삼육대 제3과학관,노원구,서울특별시 노원구 화랑로 653 삼육대 후문 삼거리,37.64265442,127.10838318,"2018-02-26 11:33:10",7.0,,LCD,공공자전거 대여소 정보(25.12월 기준).xlsx
1681,현대6차 아파트,노원구,서울특별시 노원구 중계로8길 20 현대6차 아파트,37.64580154,127.08226013,"2018-03-15 14:21:03",12.0,,LCD,공공자전거 대여소 정보(25.12월 기준).xlsx
1682,중계종합사회복지관 교차로,노원구,서울특별시 노원구 덕릉로 662 중계3단지주공영구임대아파트,37.65745544,127.07554626,"2018-03-15 14:22:50",,13.0,QR,공공자전거 대여소 정보(25.12월 기준).xlsx
1683,노원문화예술회관,노원구,서울특별시 노원구 중계로 181 노원문화예술회관,37.65045929,127.08088684,"2018-10-27 00:00:00",5.0,,LCD,공공자전거 대여소 정보(25.12월 기준).xlsx
1684,태릉입구역 5번출구,노원구,서울특별시 노원구 동일로 986 태릉입구역 5번출구와 6번출구 사이,37.61832047,127.07563019,"2018-10-27 00:00:00",20.0,,LCD,공공자전거 대여소 정보(25.12월 기준).xlsx
1685,불암고등학교 앞 횡단보도,노원구,서울특별시 노원구 중계로 155 불암고등학교 앞 횡단보도,37.64818954,127.08048248,"2018-10-27 00:00:00",8.0,,LCD,공공자전거 대여소 정보(25.12월 기준).xlsx
1686,상계주공10단지 종합상가 앞,노원구,서울특별시 노원구 동일로227길 85 온수골사거리(스타벅스앞),37.66114044,127.05805206,"2018-11-02 00:00:00",15.0,,LCD,공공자전거 대여소 정보(25.12월 기준).xlsx
1688,마들역 7번출구,노원구,서울특별시 노원구 동일로 지하 1530-1 마들역 7번출구,37.66566086,127.05729675,"2018-11-02 00:00:00",,9.0,QR,공공자전거 대여소 정보(25.12월 기준).xlsx
1689,마들역 3번출구,노원구,서울특별시 노원구 동일로 지하 1530-1 마들역 3번출구,37.66524887,127.05789185,"2018-11-02 00:00:00",,10.0,QR,공공자전거 대여소 정보(25.12월 기준).xlsx
1690,도봉운전면허시험장 버스정류장 옆,노원구,서울특별시 노원구 동일로 1449 도봉운전면허시험장,37.6577301,127.05931091,"2018-11-02 00:00:00",10.0,,LCD,공공자전거 대여소 정보(25.12월 기준).xlsx
1691,노원정보도서관,노원구,서울특별시 노원구 노원로34길 43 노원정보도서관,37.66070938,127.06533051,"2018-11-02 00:00:00",10.0,,LCD,공공자전거 대여소 정보(25.12월 기준).xlsx
1692,온곡초교 교차로,노원구,서울특별시 노원구 한글비석로 471 온곡초교 교차로,37.66418839,127.06600952,"2018-12-14 00:00:00",10.0,,LCD,공공자전거 대여소 정보(25.12월 기준).xlsx
1693,원자력 병원,노원구,서울특별시 노원구 노원로 75 원자력병원 국가방사선 비상진료센터,37.62818909,127.08210754,"2019-03-29 00:00:00",10.0,,LCD,공공자전거 대여소 정보(25.12월 기준).xlsx
1696,수락리버시티4단지,노원구,서울특별시 노원구 누원로 18 수락리버시티4단지,37.68645096,127.05283356,"2020-03-21 00:00:00",,10.0,QR,공공자전거 대여소 정보(25.12월 기준).xlsx
1697,상계주공2단지 219동,노원구,서울특별시 노원구 동일로215길 81 새상계교회,37.65024948,127.05715179,"2020-03-23 00:00:00",,10.0,QR,공공자전거 대여소 정보(25.12월 기준).xlsx
1702,녹천역 1번출구 앞,도봉구,서울특별시 도봉구 창동 426-6,37.64582062,127.05042267,"2017-05-08 15:32:00",10.0,,LCD,공공자전거 대여소 정보(25.12월 기준).xlsx
1703,도봉산광역환승센터앞,도봉구,서울특별시 도봉구 도봉로 955 도봉동 637-1,37.68972015,127.04519653,"2017-05-11 11:04:08",10.0,,LCD,공공자전거 대여소 정보(25.12월 기준).xlsx
1705,도봉구청 정문앞,도봉구,서울특별시 도봉구 마들로 656 방학동 720,37.66922379,127.04651642,"2017-05-08 15:32:44",8.0,,LCD,공공자전거 대여소 정보(25.12월 기준).xlsx
1706,방학동우체국 건너편,도봉구,서울특별시 도봉구 도봉로 683 방학동 726-92,37.66566467,127.0426712,"2017-06-27 15:16:11",10.0,,LCD,공공자전거 대여소 정보(25.12월 기준).xlsx
1707,도봉구민회관,도봉구,서울특별시 도봉구 도봉로 552 창동 723-11,37.65446091,127.03851318,"2017-05-08 15:33:38",20.0,,LCD,공공자전거 대여소 정보(25.12월 기준).xlsx
1708,도봉보건소사거리,도봉구,서울특별시 도봉구 해등로 150 창동 723-10,37.65682983,127.03984833,"2017-05-11 11:05:47",7.0,,LCD,공공자전거 대여소 정보(25.12월 기준).xlsx
1709,쌍문역4번출구 주변,도봉구,서울특별시 도봉구 도봉로 지하 486-1 쌍문동 83-5,37.65012741,127.03534698,"2017-05-08 15:34:25",17.0,,LCD,공공자전거 대여소 정보(25.12월 기준).xlsx
1713,쌍문동 이안아파트 앞,도봉구,서울특별시 도봉구 쌍문동 315-488,37.65165329,127.02848816,"2019-07-01 00:00:00",10.0,,LCD,공공자전거 대여소 정보(25.12월 기준).xlsx
1714,도봉문화정보도서관 삼거리,도봉구,서울특별시 도봉구 덕릉로 315 도봉문화정보도서관 삼거리,37.64463043,127.04460907,"2017-11-01 16:00:00",10.0,,LCD,공공자전거 대여소 정보(25.12월 기준).xlsx
1715,서울특별시교육청도봉도서관,도봉구,서울특별시 도봉구 삼양로556 서울특별시교육청도봉도서관,37.65317917,127.01278687,"2017-11-01 16:00:00",20.0,,LCD,공공자전거 대여소 정보(25.12월 기준).xlsx
1716,창동역 1번출구 건너편,도봉구,서울특별시 도봉구 마들로11길 20 하나로마트 창동점,37.65420151,127.05072784,"2017-11-01 16:00:00",10.0,,LCD,공공자전거 대여소 정보(25.12월 기준).xlsx
1719,신도봉사거리 버스정류장,도봉구,서울특별시 도봉구 도봉로 771 신도봉사거리 버스정류장,37.67328262,127.04399109,"2017-11-01 16:00:00",10.0,,LCD,공공자전거 대여소 정보(25.12월 기준).xlsx
1720,도봉구청 옆(중랑천변),도봉구,서울특별시 도봉구 마들로 656 도봉구청 옆(중랑천변),37.66867065,127.04798126,"2017-11-01 16:00:00",27.0,,LCD,공공자전거 대여소 정보(25.12월 기준).xlsx
1722,창동청소년수련관,도봉구,서울특별시 도봉구 노해로69길 132 창동청소년수련관,37.65779877,127.05004883,"2017-11-28 11:30:39",15.0,,LCD,공공자전거 대여소 정보(25.12월 기준).xlsx
1723,방학동학마을도서관,도봉구,서울특별시 도봉구 시루봉로 128 방학동학마을도서관,37.66207886,127.02771759,"2017-11-28 11:31:14",10.0,,LCD,공공자전거 대여소 정보(25.12월 기준).xlsx
1725,창1동주민센터,도봉구,서울특별시 도봉구 해등로 46 창1동주민센터,37.6475029,127.04331207,"2017-11-28 11:32:55",10.0,,LCD,공공자전거 대여소 정보(25.12월 기준).xlsx
1726,삼익세라믹아파트교차로,도봉구,서울특별시 도봉구 해등로 189 삼익세라믹아파트,37.65858841,127.03520966,"2017-11-28 11:34:26",8.0,,LCD,공공자전거 대여소 정보(25.12월 기준).xlsx
1727,서울도봉초등학교인근,도봉구,서울특별시 도봉구 도봉로173길 96 서울도봉초등학교인근,37.67867661,127.04076385,"2017-11-28 11:35:24",15.0,,LCD,공공자전거 대여소 정보(25.12월 기준).xlsx
1728,서울북부지방법원,도봉구,서울특별시 도봉구 마들로 749 서울북부지방법원,37.67771912,127.04681396,"2018-07-02 00:00:00",10.0,,LCD,공공자전거 대여소 정보(25.12월 기준).xlsx
1729,도봉한신아파트 버스정류장,도봉구,서울특별시 도봉구 도봉로 891 파리바게트앞,37.68400955,127.04579163,"2018-10-27 00:00:00",10.0,,LCD,공공자전거 대여소 정보(25.12월 기준).xlsx
1730,도봉산역 교차로 앞,도봉구,서울특별시 도봉구 도봉산길 10 도봉산역 교차로 앞,37.68759155,127.04550171,"2018-10-27 00:00:00",8.0,,LCD,공공자전거 대여소 정보(25.12월 기준).xlsx
1731,도봉고등학교 맞은편,도봉구,서울특별시 도봉구 도봉동 282-16,37.6876297,127.04221344,"2018-11-02 00:00:00",10.0,,LCD,공공자전거 대여소 정보(25.12월 기준).xlsx
1732,방학역사거리,도봉구,서울특별시 도봉구 도봉로 707 우리은행 앞,37.66759872,127.04299927,"2018-10-27 00:00:00",10.0,,LCD,공공자전거 대여소 정보(25.12월 기준).xlsx
1733,방학사거리 (봄마당 앞),도봉구,서울특별시 도봉구 방학로 102 방학사거리 (봄마당 앞),37.66297913,127.04193878,"2018-10-27 00:00:00",12.0,,LCD,공공자전거 대여소 정보(25.12월 기준).xlsx
1734,쌍문현대1차아파트 108동 앞,도봉구,서울특별시 도봉구 해등로 218 쌍문현대1차아파트 108동 앞,37.65814972,127.03266907,"2018-10-27 00:00:00",10.0,,LCD,공공자전거 대여소 정보(25.12월 기준).xlsx
1735,"도봉역 1,2번 출구사이 건너편",도봉구,"서울특별시 도봉구 도봉로170길 2 도봉역 1,2번 출구사이 건너편",37.67911911,127.04498291,"2018-10-27 00:00:00",13.0,,LCD,공공자전거 대여소 정보(25.12월 기준).xlsx
1736,버스정류장 앞,도봉구,서울특별시 도봉구 도봉로 528 버스정류장 앞,37.65224075,127.0370636,"2018-10-27 00:00:00",12.0,,LCD,공공자전거 대여소 정보(25.12월 기준).xlsx
1737,신창시장,도봉구,서울특별시 도봉구 덕릉로 249 하나은행 (창동점),37.63970184,127.03883362,"2018-10-27 00:00:00",10.0,,LCD,공공자전거 대여소 정보(25.12월 기준).xlsx
1738,창동주공17단지 상가앞,도봉구,서울특별시 도봉구 덕릉로 404 창동주공17단지 상가앞,37.6463089,127.052742,"2018-12-14 00:00:00",10.0,,LCD,공공자전거 대여소 정보(25.12월 기준).xlsx
1741,제일강산수산입구,도봉구,서울특별시 도봉구 도봉로 444 제일강산수산입구,37.64519882,127.03298187,"2018-10-27 00:00:00",20.0,,LCD,공공자전거 대여소 정보(25.12월 기준).xlsx
1742,북한산 코오롱 하늘채,도봉구,서울특별시 도봉구 우이천로 367 북한산 코오롱 하늘채,37.64889145,127.02301788,"2018-12-14 00:00:00",10.0,,LCD,공공자전거 대여소 정보(25.12월 기준).xlsx
1743,창동19단지아파트 관리사무소앞,도봉구,서울특별시 도봉구 노해로70길 37 주공19단지아파트,37.65039062,127.05219269,"2020-03-17 00:00:00",,10.0,QR,공공자전거 대여소 정보(25.12월 기준).xlsx
1744,도봉소방서 옆,도봉구,서울특별시 도봉구 도봉로 678 홈플러스데스코㈜방학점,37.66480255,127.04302979,"2020-03-21 00:00:00",,15.0,QR,공공자전거 대여소 정보(25.12월 기준).xlsx
1749,ESA아파트 상가 앞,도봉구,서울특별시 도봉구 도봉로150길 43 ESA 아파트,37.66627121,127.04598999,"2020-03-21 00:00:00",,10.0,QR,공공자전거 대여소 정보(25.12월 기준).xlsx
1750,창포원 남쪽 입구,도봉구,서울특별시 도봉구 마들로 916 방문자센터,37.68826675,127.04889679,"2020-03-23 00:00:00",,12.0,QR,공공자전거 대여소 정보(25.12월 기준).xlsx
1751,창원초등학교 교차로,도봉구,서울특별시 도봉구 해등로12길 44 주공2단지아파트,37.6521225,127.04170227,"2020-03-23 00:00:00",,15.0,QR,공공자전거 대여소 정보(25.12월 기준).xlsx
1752,창동 주공 4단지 입구 옆,도봉구,서울특별시 도봉구 덕릉로 357 주공4단지아파트,37.64548111,127.04857635,"2020-03-17 00:00:00",,6.0,QR,공공자전거 대여소 정보(25.12월 기준).xlsx
1754,창동시장입구 사거리,도봉구,서울특별시 도봉구 도봉로 461 우림빌딩,37.64689636,127.03343201,"2020-03-17 00:00:00",,11.0,QR,공공자전거 대여소 정보(25.12월 기준).xlsx
1756,서울북부광역등기국,도봉구,서울특별시 도봉구 노해로 327,37.65148544,127.04431915,"2020-03-17 00:00:00",,10.0,QR,공공자전거 대여소 정보(25.12월 기준).xlsx
1757,솔밭공원역 1번출구 앞,도봉구,서울특별시 도봉구 삼양로 590,37.65568542,127.01338196,"2020-03-25 00:00:00",,10.0,QR,공공자전거 대여소 정보(25.12월 기준).xlsx
1758,솔밭공원역 1번출구 주변,도봉구,서울특별시 도봉구 삼양로 610 산수디앤씨,37.65727997,127.0137558,"2020-03-25 00:00:00",,10.0,QR,공공자전거 대여소 정보(25.12월 기준).xlsx
1759,서울북부지방법원 앞,도봉구,서울특별시 도봉구 마들로 749 서울북부지방법원,37.67721939,127.04863739,"2020-03-18 00:00:00",,10.0,QR,공공자전거 대여소 정보(25.12월 기준).xlsx
1761,방학중학교 앞,도봉구,서울특별시 도봉구 시루봉로 188 방학중학교,37.66562271,127.03108978,"2020-03-21 00:00:00",,10.0,QR,공공자전거 대여소 정보(25.12월 기준).xlsx
1762,북한산 한신휴플러스APT앞,도봉구,서울특별시 도봉구 도봉로136가길 73 북한산한신휴플러스아파트,37.65533829,127.04241943,"2020-03-18 00:00:00",,25.0,QR,공공자전거 대여소 정보(25.12월 기준).xlsx
1765,쌍문역 1번출구 주변,도봉구,서울특별시 도봉구 도봉로 496,37.64966965,127.03561401,"2020-03-18 00:00:00",,13.0,QR,공공자전거 대여소 정보(25.12월 기준).xlsx
1767,방학초등학교 앞,도봉구,서울특별시 도봉구 방학동 726-127,37.66250992,127.03327942,"2020-03-21 00:00:00",,10.0,QR,공공자전거 대여소 정보(25.12월 기준).xlsx
1768,신동아타워 버스정류소,도봉구,서울특별시 도봉구 방학로 217-1,37.66208267,127.02874756,"2020-03-21 00:00:00",,8.0,QR,공공자전거 대여소 정보(25.12월 기준).xlsx
1770,도봉한신아파트 주변,도봉구,서울특별시 도봉구 도봉동 646-1,37.68473816,127.0500412,"2020-07-30 00:00:00",,15.0,QR,공공자전거 대여소 정보(25.12월 기준).xlsx
1771,성원APT버스정류소,도봉구,서울특별시 도봉구 해등로 242-18 현대아파트,37.65796661,127.03009033,"2020-03-18 00:00:00",,15.0,QR,공공자전거 대여소 정보(25.12월 기준).xlsx
1772,시립도봉노인복지관 버스정류소,도봉구,서울특별시 도봉구 쌍문동 45-13,37.65805054,127.03575897,"2020-03-23 00:00:00",,10.0,QR,공공자전거 대여소 정보(25.12월 기준).xlsx
1774,정의여중고 버스정류소,도봉구,서울특별시 도봉구 쌍문동 83-2,37.65134811,127.034729,"2020-03-17 00:00:00",,8.0,QR,공공자전거 대여소 정보(25.12월 기준).xlsx
1775,신원리베르텔 앞,도봉구,서울특별시 도봉구 창동 339,37.65128708,127.04554749,"2020-03-17 00:00:00",,15.0,QR,공공자전거 대여소 정보(25.12월 기준).xlsx
1804,독산역 2번출구 자전거주차장,금천구,서울특별시 금천구 벚꽃로 115,37.46652985,126.88871765,"2017-05-08 15:42:48",10.0,,LCD,공공자전거 대여소 정보(25.12월 기준).xlsx
1805,서울디지털운동장 앞,금천구,서울특별시 금천구 가산디지털2로 151,37.48228836,126.87776947,"2017-05-08 15:43:23",10.0,,LCD,공공자전거 대여소 정보(25.12월 기준).xlsx
1806,에이스하이엔드타워9차 앞,금천구,서울특별시 금천구 가산디지털1로 233,37.48621368,126.87863922,"2017-05-08 15:44:19",10.0,,LCD,공공자전거 대여소 정보(25.12월 기준).xlsx
1808,에이스하이엔드타워8차 앞,금천구,서울특별시 금천구 가산디지털1로 84,37.47320938,126.8849411,"2017-05-08 15:45:06",20.0,,LCD,공공자전거 대여소 정보(25.12월 기준).xlsx
1809,LG전자 별관동(호서대 벤처타워 맞은편),금천구,서울특별시 금천구 가산디지털1로 63,37.47077942,126.88515472,"2017-05-08 15:45:58",10.0,,LCD,공공자전거 대여소 정보(25.12월 기준).xlsx
1812,갑을그레이트밸리 앞,금천구,서울특별시 금천구 디지털로9길 32,37.47903061,126.88729858,"2017-05-08 15:47:02",10.0,,LCD,공공자전거 대여소 정보(25.12월 기준).xlsx
1814,두산위브아파트 옆 상가건물 앞,금천구,서울특별시 금천구 가산로 99,37.47422028,126.89412689,"2017-05-08 15:49:19",8.0,,LCD,공공자전거 대여소 정보(25.12월 기준).xlsx
1819,금천구청 앞 자전거거치대,금천구,서울특별시 금천구 시흥대로73길 70,37.45647812,126.89592743,"2017-05-10 14:25:35",10.0,,LCD,공공자전거 대여소 정보(25.12월 기준).xlsx
1820,신한은행 시흥대로금융센터지점,금천구,서울특별시 금천구 시흥대로 446,37.4433403,126.90335846,"2017-05-08 15:52:59",10.0,,LCD,공공자전거 대여소 정보(25.12월 기준).xlsx
1821,홈플러스 시흥점 맞은편 다비치안경 앞,금천구,서울특별시 금천구 시흥대로 198,37.45145798,126.90211487,"2017-05-08 15:54:58",10.0,,LCD,공공자전거 대여소 정보(25.12월 기준).xlsx
1823,상신정비공업 앞,금천구,서울특별시 금천구 시흥대로 287,37.4589119,126.89859009,"2017-05-08 15:57:24",10.0,,LCD,공공자전거 대여소 정보(25.12월 기준).xlsx
1824,독산근린공원 입구,금천구,서울특별시 금천구 독산동,37.46455002,126.88372803,"2017-05-08 15:58:43",25.0,,LCD,공공자전거 대여소 정보(25.12월 기준).xlsx
1825,한신아파트 앞 육교 아래,금천구,서울특별시 금천구 금하로1길 70,37.45470047,126.89105225,"2017-05-08 16:00:54",,10.0,QR,공공자전거 대여소 정보(25.12월 기준).xlsx
1826,한신코아 앞,금천구,서울특별시 금천구 한내로 62,37.45684052,126.88834381,"2017-05-08 16:03:23",10.0,,LCD,공공자전거 대여소 정보(25.12월 기준).xlsx
1827,독산보도육교 앞 자전거 보관소,금천구,서울특별시 금천구 서부샛길 70,37.45672607,126.89306641,"2017-05-11 11:09:24",,20.0,QR,공공자전거 대여소 정보(25.12월 기준).xlsx
1828,한양수자인아파트 앞,금천구,서울특별시 금천구 시흥대로150길 6,37.47531891,126.89888763,"2017-05-08 16:04:16",10.0,,LCD,공공자전거 대여소 정보(25.12월 기준).xlsx
1829,홈플러스 금천점 앞,금천구,서울특별시 금천구 시흥대로 391,37.4691391,126.89720154,"2017-05-08 16:05:35",10.0,,LCD,공공자전거 대여소 정보(25.12월 기준).xlsx
1830,빅마켓 금천점 앞,금천구,서울특별시 금천구 두산로 71,37.4702301,126.89507294,"2017-05-08 16:06:45",19.0,,LCD,공공자전거 대여소 정보(25.12월 기준).xlsx
1831,메이퀸웨딩컨벤션 앞,금천구,서울특별시 금천구 시흥대로 435,37.47249985,126.89795685,"2017-05-08 16:08:34",10.0,,LCD,공공자전거 대여소 정보(25.12월 기준).xlsx
1833,독산역 1번출구 A,금천구,서울특별시 금천구 벚꽃로 115,37.46654129,126.89028168,"2017-05-08 16:09:18",10.0,,LCD,공공자전거 대여소 정보(25.12월 기준).xlsx
1834,월드메르디앙 벤처센터 2차,금천구,서울특별시 금천구 가산디지털2로 123,37.47908401,126.87904358,"2017-05-08 16:11:16",10.0,,LCD,공공자전거 대여소 정보(25.12월 기준).xlsx
1835,STX V타워,금천구,서울특별시 금천구 가산디지털1로 128,37.47706985,126.88442993,"2017-05-08 16:11:53",10.0,,LCD,공공자전거 대여소 정보(25.12월 기준).xlsx
1836,금천구립 독산도서관,금천구,서울특별시 금천구 독산로54길 114,37.46740341,126.90814209,"2017-05-11 11:10:25",7.0,,LCD,공공자전거 대여소 정보(25.12월 기준).xlsx
1839,수출의 다리 아래,금천구,서울특별시 가산동 60-35,37.47743607,126.88615417,"2017-11-01 16:00:00",20.0,,LCD,공공자전거 대여소 정보(25.12월 기준).xlsx
1840,솔브레인이엔지 뒤편,금천구,서울특별시 가산동 219-18,37.47555161,126.88845825,"2017-11-01 16:00:00",20.0,,LCD,공공자전거 대여소 정보(25.12월 기준).xlsx
1841,가산동 주민센터,금천구,서울특별시 가산동 144-3,37.4769516,126.89186859,"2017-11-01 16:00:00",12.0,,LCD,공공자전거 대여소 정보(25.12월 기준).xlsx
1842,한울중학교,금천구,서울특별시 시흥동 1000-3,37.46257401,126.90686035,"2017-11-01 16:00:00",12.0,,LCD,공공자전거 대여소 정보(25.12월 기준).xlsx
1843,독산고등학교,금천구,서울특별시 독산동 906-42,37.47709656,126.91113281,"2017-11-01 16:00:00",10.0,,LCD,공공자전거 대여소 정보(25.12월 기준).xlsx
1845,롯데캐슬골드파크1차 서문,금천구,서울특별시 금천구 벚꽃로40,37.460289,126.89218903,"2017-11-01 16:00:00",15.0,,LCD,공공자전거 대여소 정보(25.12월 기준).xlsx
1846,롯데캐슬골드파크1차 동문,금천구,서울특별시 금천구 독산동 441-19,37.46017075,126.89604187,"2017-11-01 16:00:00",15.0,,LCD,공공자전거 대여소 정보(25.12월 기준).xlsx
1847,독산주공 14단지 버스정류소,금천구,서울특별시 금천구 안양천로,37.46093369,126.88716888,"2017-11-01 16:00:00",10.0,,LCD,공공자전거 대여소 정보(25.12월 기준).xlsx
1848,벽산 디지털밸리 5차,금천구,서울특별시 금천구 가산동 60-73,37.4762764,126.88539124,"2017-11-01 16:00:00",,9.0,QR,공공자전거 대여소 정보(25.12월 기준).xlsx
1849,대륭포스트타워5차,금천구,서울특별시 금천구 디지털로9길 68,37.48135376,126.88694,"2017-11-28 10:43:01",10.0,,LCD,공공자전거 대여소 정보(25.12월 기준).xlsx
1850,코오롱테크노밸리,금천구,서울특별시 금천구 디지털로9길 56,37.48015976,126.8863678,"2017-11-28 10:44:10",10.0,,LCD,공공자전거 대여소 정보(25.12월 기준).xlsx
1851,가산디지털단지 9번출구 인근,금천구,서울특별시 금천구 벚꽃로 309,37.48123169,126.88148499,"2018-02-26 11:42:20",10.0,,LCD,공공자전거 대여소 정보(25.12월 기준).xlsx
1853,서울디자인직업전문학교 앞,금천구,금천구 가산로70(가산동),37.47248077,126.89586639,"2018-10-15 00:00:00",10.0,,LCD,공공자전거 대여소 정보(25.12월 기준).xlsx
1854,가산아네스트 오피스텔 앞,금천구,금천구 남부순환로1314(가산동),37.47817993,126.89740753,"2018-10-01 00:00:00",10.0,,LCD,공공자전거 대여소 정보(25.12월 기준).xlsx
1855,성지아파트 옆 도로변,금천구,금천구 시흥대로51길55,37.45132065,126.89762115,"2018-10-01 00:00:00",10.0,,LCD,공공자전거 대여소 정보(25.12월 기준).xlsx
1856,모두의학교,금천구,금천구 남부순환로 128길 42,37.47840881,126.90737152,"2018-09-13 00:00:00",10.0,,LCD,공공자전거 대여소 정보(25.12월 기준).xlsx
1857,주공14단지,금천구,금천구 한내로 69-54,37.46055984,126.88709259,"2018-09-13 00:00:00",,10.0,QR,공공자전거 대여소 정보(25.12월 기준).xlsx
1858,"500번·507번 버스 종점 앞",금천구,금천구 시흥동 1001-34,37.43727112,126.90268707,"2018-10-15 00:00:00",10.0,,LCD,공공자전거 대여소 정보(25.12월 기준).xlsx
1859,대륭테크노타운 18차,금천구,금천구 가산동 668,37.4679985,126.88684082,"2019-03-12 00:00:00",13.0,,LCD,공공자전거 대여소 정보(25.12월 기준).xlsx
1861,IBK기업은행 석수역 지점 앞,금천구,시흥대로46 IBK기업은행 석수역 지점,37.4369812,126.90329742,"2020-02-24 00:00:00",,10.0,QR,공공자전거 대여소 정보(25.12월 기준).xlsx
1862,스타즈호텔독산 빌딩 앞,금천구,시흥대로 315,37.46134567,126.89758301,"2020-02-24 00:00:00",,20.0,QR,공공자전거 대여소 정보(25.12월 기준).xlsx
1863,위너스 스포츠클럽 골프연습장옆,금천구,시흥대로 302 옆,37.46053696,126.89860535,"2020-02-24 00:00:00",,9.0,QR,공공자전거 대여소 정보(25.12월 기준).xlsx
1864,산호시티빌 옆,금천구,시흥대로 251 옆,37.45652008,126.89955139,"2020-02-26 00:00:00",,15.0,QR,공공자전거 대여소 정보(25.12월 기준).xlsx
1865,금천구청앞(M빌딩),금천구,시흥대로67 옆,37.45633316,126.89645386,"2020-02-24 00:00:00",,10.0,QR,공공자전거 대여소 정보(25.12월 기준).xlsx
1866,서울안천초등학교 옆,금천구,한내로 69-16,37.45777893,126.88942719,"2020-02-26 00:00:00",,10.0,QR,공공자전거 대여소 정보(25.12월 기준).xlsx
1867,대륭포스트타워6차 앞,금천구,벚꽃로 298,37.48088837,126.88380432,"2020-02-26 00:00:00",,30.0,QR,공공자전거 대여소 정보(25.12월 기준).xlsx
1868,우리은행 시흥남자동화점 앞,금천구,시흥대로155,37.44785309,126.90288544,"2020-02-24 00:00:00",,10.0,QR,공공자전거 대여소 정보(25.12월 기준).xlsx
1869,롯데캐슬골드파크3차 301동 앞,금천구,"시흥대로291, 롯데캐슬3차 301동 앞",37.45901871,126.89671326,"2020-02-26 00:00:00",,15.0,QR,공공자전거 대여소 정보(25.12월 기준).xlsx
1870,독산3동주민센터 앞,금천구,독산로 317,37.47507095,126.90335846,"2020-02-26 00:00:00",,8.0,QR,공공자전거 대여소 정보(25.12월 기준).xlsx
1901,신도림동주민센터 앞,구로구,서울특별시 구로구 신도림로 40,37.50733185,126.87973022,"2017-05-11 11:14:52",10.0,,LCD,공공자전거 대여소 정보(25.12월 기준).xlsx
1904,도림천역 1번 출구 앞,구로구,서울특별시 구로구 경인로67길 160,37.51424026,126.88287354,"2017-05-11 11:15:30",10.0,,LCD,공공자전거 대여소 정보(25.12월 기준).xlsx
1906,신도림역 1번 출구 앞,구로구,서울특별시 구로구 경인로 688,37.50971985,126.89009857,"2017-05-11 11:16:25",20.0,,LCD,공공자전거 대여소 정보(25.12월 기준).xlsx
1907,구일우성(아) 육교 밑,구로구,서울특별시 구로구 구일로2길 59,37.48963165,126.87625885,"2017-05-11 11:17:38",12.0,,LCD,공공자전거 대여소 정보(25.12월 기준).xlsx
1908,해원리바파크 육교 밑,구로구,서울특별시 구로구 구일로 110,37.49528503,126.87216187,"2017-05-11 11:18:43",12.0,,LCD,공공자전거 대여소 정보(25.12월 기준).xlsx
1910,낙원교회 맞은편,구로구,서울특별시 구로구 구로동로42길 43,37.49750519,126.88437653,"2017-05-11 11:19:39",5.0,,LCD,공공자전거 대여소 정보(25.12월 기준).xlsx
1911,구로디지털단지역 앞,구로구,서울특별시 구로구 시흥대로 577-2,37.48493958,126.90132141,"2017-05-11 11:20:22",18.0,,LCD,공공자전거 대여소 정보(25.12월 기준).xlsx
1912,한신휴아파트 앞,구로구,서울특별시 구로구 디지털로31길 120,37.48880005,126.89066315,"2017-05-11 11:21:27",13.0,,LCD,공공자전거 대여소 정보(25.12월 기준).xlsx
1914,대림역4번출구,구로구,서울특별시 구로구 도림천로 351,37.49440384,126.89444733,"2017-06-27 15:18:02",10.0,,LCD,공공자전거 대여소 정보(25.12월 기준).xlsx
1916,구로중학교앞,구로구,서울특별시 구로구 구로중앙로 48,37.49414062,126.88998413,"2017-05-11 11:23:07",10.0,,LCD,공공자전거 대여소 정보(25.12월 기준).xlsx
1920,서울미래초등학교 사거리,구로구,서울특별시 구로구 새말로 73,37.50437927,126.88829803,"2017-05-11 11:24:44",14.0,,LCD,공공자전거 대여소 정보(25.12월 기준).xlsx
1924,삼부르네상스파크빌,구로구,서울특별시 구로구 남부순환로 1299,37.47874069,126.89509583,"2017-05-11 11:25:33",10.0,,LCD,공공자전거 대여소 정보(25.12월 기준).xlsx
1925,동양미래대학교 정문 옆,구로구,서울특별시 구로구 경인로 445,37.49988937,126.86769867,"2017-06-27 15:19:15",20.0,,LCD,공공자전거 대여소 정보(25.12월 기준).xlsx
1928,고척스카이돔구장 광장,구로구,서울특별시 구로구 경인로 430,37.49946976,126.86840057,"2017-05-11 11:27:08",10.0,,LCD,공공자전거 대여소 정보(25.12월 기준).xlsx
1929,고척근린공원 고척도서관 앞,구로구,서울특별시 구로구 고척로45길 31,37.5038147,126.85195923,"2017-05-11 11:27:51",,10.0,QR,공공자전거 대여소 정보(25.12월 기준).xlsx
1930,개봉지구대 개봉치안센터,구로구,서울특별시 구로구 경인로 293,37.49768448,126.85372925,"2017-05-11 11:28:34",7.0,,LCD,공공자전거 대여소 정보(25.12월 기준).xlsx
1931,개봉역2번출구 A,구로구,서울특별시 구로구 경인로40길 47,37.49499512,126.85825348,"2017-06-27 15:20:00",10.0,,LCD,공공자전거 대여소 정보(25.12월 기준).xlsx
1933,개봉푸르지오아파트 상가,구로구,서울특별시 구로구 남부순환로 775,37.50170517,126.84728241,"2017-05-11 11:29:24",16.0,,LCD,공공자전거 대여소 정보(25.12월 기준).xlsx
1936,개봉역 1번 출구 자전거보관서쪽,구로구,서울특별시 구로구 경인로40길 47,37.49428177,126.85921478,"2017-06-22 13:30:49",10.0,,LCD,공공자전거 대여소 정보(25.12월 기준).xlsx
1937,한진아파트 입구,구로구,서울특별시 구로구 개봉로3길 87,37.4860611,126.85201263,"2017-05-11 11:30:11",15.0,,LCD,공공자전거 대여소 정보(25.12월 기준).xlsx
1941,오류동역 2번출구,구로구,서울특별시 구로구 서해안로 2340-10,37.49367142,126.84370422,"2017-06-22 13:34:53",10.0,,LCD,공공자전거 대여소 정보(25.12월 기준).xlsx
1943,온수역 북측,구로구,서울특별시 구로구 경인로3길 지하 64,37.49279022,126.82452393,"2017-06-22 13:35:50",10.0,,LCD,공공자전거 대여소 정보(25.12월 기준).xlsx
1946,구로역 광장,구로구,서울특별시 구로구 구로중앙로 174,37.50311661,126.88038635,"2017-06-22 13:39:16",10.0,,LCD,공공자전거 대여소 정보(25.12월 기준).xlsx
1951,천왕이펜하우스 4단지 후문,구로구,서울특별시 구로구 천왕로 9,37.48070526,126.83895874,"2017-06-22 13:40:22",15.0,,LCD,공공자전거 대여소 정보(25.12월 기준).xlsx
1952,천왕연지타운2단지 앞,구로구,서울특별시 구로구 오리로 1102-10,37.48210526,126.84572601,"2017-06-22 13:41:32",20.0,,LCD,공공자전거 대여소 정보(25.12월 기준).xlsx
1953,천왕역 4번출구 뒤,구로구,서울특별시 구로구 오리로 지하 1154,37.48638535,126.83921051,"2017-06-22 13:42:12",20.0,,LCD,공공자전거 대여소 정보(25.12월 기준).xlsx
1955,디지털입구 교차로,구로구,서울특별시 구로구 시흥대로 551,37.48288345,126.90103912,"2017-07-27 17:00:29",10.0,,LCD,공공자전거 대여소 정보(25.12월 기준).xlsx
1956,동아1차APT105동 버스정류장(신도림중학교 방면),구로구,서울특별시 구로구 신도림로 67,37.51000977,126.88204956,"2017-11-13 09:33:13",15.0,,LCD,공공자전거 대여소 정보(25.12월 기준).xlsx
1957,구일고등학교 정문,구로구,서울특별시 구로구 구일로 90-51,37.49340057,126.87432861,"2017-11-13 09:34:08",15.0,,LCD,공공자전거 대여소 정보(25.12월 기준).xlsx
1958,강서수도사업소민원센터,구로구,서울특별시 구로구 가마산로 272,37.49578094,126.89012146,"2017-11-13 09:34:47",15.0,,LCD,공공자전거 대여소 정보(25.12월 기준).xlsx
1959,구로구의회 앞,구로구,서울특별시 구로구 가마산로25길 9-24,37.49651337,126.88957214,"2017-11-13 09:34:47",,9.0,QR,공공자전거 대여소 정보(25.12월 기준).xlsx
1960,구로거리공원 동측(신도림역 방면),구로구,서울특별시 구로구 공원로 68,37.50284958,126.88948059,"2017-11-13 09:36:00",10.0,,LCD,공공자전거 대여소 정보(25.12월 기준).xlsx
1962,가리봉동주민센터,구로구,서울특별시 구로구 디지털로26길 5,37.48160172,126.89279938,"2017-11-13 09:38:03",15.0,,LCD,공공자전거 대여소 정보(25.12월 기준).xlsx
1964,원메디타운 앞,구로구,서울특별시 구로구 경인로 403,37.49789047,126.86450195,"2017-11-13 09:39:51",10.0,,LCD,공공자전거 대여소 정보(25.12월 기준).xlsx
1965,삼환로즈빌아파트 105동 옆,구로구,서울특별시 구로구 경인로 343,37.49724197,126.85912323,"2017-11-13 09:41:27",15.0,,LCD,공공자전거 대여소 정보(25.12월 기준).xlsx
1966,한마을아파트 정문상가,구로구,서울특별시 구로구 경인로 382,37.49649811,126.86309814,"2017-11-13 09:44:06",10.0,,LCD,공공자전거 대여소 정보(25.12월 기준).xlsx
1967,참새공원(백곡경노당),구로구,서울특별시 구로구 고척로21길 85,37.5051384,126.84433746,"2017-11-13 09:45:09",10.0,,LCD,공공자전거 대여소 정보(25.12월 기준).xlsx
1969,궁동생태공원,구로구,서울특별시 구로구 오리로 1352,37.50190353,126.82896423,"2017-11-13 09:47:57",10.0,,LCD,공공자전거 대여소 정보(25.12월 기준).xlsx
1971,오정초교 앞 보도육교,구로구,서울특별시 구로구 경인로2길 10,37.49072266,126.82639313,"2017-11-13 09:49:51",10.0,,LCD,공공자전거 대여소 정보(25.12월 기준).xlsx
1973,오리로와 서해안도로 교차로 앞,구로구,서울특별시 구로구 오리로 1181,37.48859787,126.83649445,"2017-11-13 09:51:41",10.0,,LCD,공공자전거 대여소 정보(25.12월 기준).xlsx
1974,신도림2차e편한세상아파트 203동 앞,구로구,서울특별시 구로구 신도림로 16,37.50518036,126.88253784,"2017-11-13 09:52:30",10.0,,LCD,공공자전거 대여소 정보(25.12월 기준).xlsx
1975,대림역 1번 출입구 밑,구로구,서울특별시 구로구 도림천로 351,37.49256516,126.8947525,"2017-11-13 09:53:43",10.0,,LCD,공공자전거 대여소 정보(25.12월 기준).xlsx
1976,남구로역 5번 출입구 앞,구로구,서울특별시 구로구 도림로 지하 7,37.48567963,126.88670349,"2017-11-13 09:54:55",10.0,,LCD,공공자전거 대여소 정보(25.12월 기준).xlsx
1977,천왕역 1번 출입구 앞,구로구,서울특별시 구로구 오리로 지하 1154,37.48620987,126.83882141,"2017-11-13 09:56:02",15.0,,LCD,공공자전거 대여소 정보(25.12월 기준).xlsx
1979,구로1동우체국 앞,구로구,서울특별시 구로구 구일로 64,37.4920311,126.87377167,"2017-11-13 09:57:10",10.0,,LCD,공공자전거 대여소 정보(25.12월 기준).xlsx
1981,천왕지구삼거리 앞,구로구,서울특별시 구로구 천왕로 10,37.47943115,126.84269714,"2017-11-13 09:58:38",10.0,,LCD,공공자전거 대여소 정보(25.12월 기준).xlsx
1983,구로동롯데아파트,구로구,서울특별시 구로구 새말로 31,37.50254822,126.88388062,"2017-11-28 10:40:57",10.0,,LCD,공공자전거 대여소 정보(25.12월 기준).xlsx
1985,구로도서관,구로구,서울특별시 구로구 공원로 15,37.49851608,126.89199066,"2017-11-28 10:42:24",20.0,,LCD,공공자전거 대여소 정보(25.12월 기준).xlsx
1986,태평양물산빌딩,구로구,구로구 구로동 197-21,37.48485947,126.89518738,"2018-09-28 00:00:00",15.0,,LCD,공공자전거 대여소 정보(25.12월 기준).xlsx
1987,개봉아이파크아파트 앞,구로구,구로구 개봉동 489-1,37.49034119,126.8609314,"2018-10-15 00:00:00",15.0,,LCD,공공자전거 대여소 정보(25.12월 기준).xlsx
1988,고척LIGA아파트 앞,구로구,구로구 고척동 185-10,37.50605011,126.86078644,"2018-09-19 00:00:00",20.0,,LCD,공공자전거 대여소 정보(25.12월 기준).xlsx
1991,오류동역 맞은편,구로구,구로구 오류동 6-2,37.49676132,126.84496307,"2018-09-19 00:00:00",13.0,,LCD,공공자전거 대여소 정보(25.12월 기준).xlsx
1992,구로구배드민턴실내체육관 앞,구로구,구로구 오류동 326-1,37.4917984,126.83242035,"2018-11-30 00:00:00",12.0,,LCD,공공자전거 대여소 정보(25.12월 기준).xlsx
1993,금강수목원아파트 앞,구로구,구로구 오류동 255-5,37.48937988,126.834198,"2018-09-19 00:00:00",10.0,,LCD,공공자전거 대여소 정보(25.12월 기준).xlsx
1994,삼성전자 물류센터 앞,구로구,서울시 구로구 구일로126,37.49699783,126.8717804,"2018-09-19 00:00:00",10.0,,LCD,공공자전거 대여소 정보(25.12월 기준).xlsx
1996,구일역 1번 출입구 앞,구로구,구로구 구로동 642-77,37.49539948,126.87100983,"2018-10-31 00:00:00",20.0,,LCD,공공자전거 대여소 정보(25.12월 기준).xlsx
1998,고척교 교차로,구로구,구로구 구로동 621-12,37.49856949,126.871521,"2018-11-26 00:00:00",23.0,,LCD,공공자전거 대여소 정보(25.12월 기준).xlsx
1999,수궁동 성당 주변,구로구,구로구 궁동 252-17,37.49525833,126.83065796,"2019-03-12 00:00:00",10.0,,LCD,공공자전거 대여소 정보(25.12월 기준).xlsx
2000,신도림4차 e편한세상 아파트 1109동 앞,구로구,구로구 신도림동 312-16,37.5123291,126.88683319,"2019-03-12 00:00:00",15.0,,LCD,공공자전거 대여소 정보(25.12월 기준).xlsx
2002,노들역 1번출구,동작구,서울특별시 동작구 노량진로 지하 238,37.51284409,126.95246887,"2017-05-12 10:56:26",17.0,,LCD,공공자전거 대여소 정보(25.12월 기준).xlsx
2003,사육신공원앞,동작구,서울특별시 동작구 노량진로 191,37.51335907,126.94805908,"2017-06-22 13:47:30",10.0,,LCD,공공자전거 대여소 정보(25.12월 기준).xlsx
2007,유한양행앞,동작구,서울특별시 동작구 노량진로 74,37.51293945,126.93424225,"2017-05-12 10:58:12",20.0,,LCD,공공자전거 대여소 정보(25.12월 기준).xlsx
2008,노량진근린공원 대방공원,동작구,서울특별시 동작구 여의대방로44길 20,37.5093689,126.92807007,"2017-05-12 10:59:17",10.0,,LCD,공공자전거 대여소 정보(25.12월 기준).xlsx
2009,보라매역 8번출구,동작구,서울특별시 동작구 상도로 지하 2,37.50007629,126.92108154,"2017-05-26 09:59:00",10.0,,LCD,공공자전거 대여소 정보(25.12월 기준).xlsx
2012,대림사거리(동작상떼빌아파트),동작구,서울특별시 동작구 시흥대로 634,37.48836136,126.90622711,"2017-05-26 09:59:54",10.0,,LCD,공공자전거 대여소 정보(25.12월 기준).xlsx
2013,장승배기역 5번출구,동작구,서울특별시 동작구 상도로 지하 188,37.50585175,126.93936157,"2017-05-12 11:00:03",30.0,,LCD,공공자전거 대여소 정보(25.12월 기준).xlsx
2015,신대방삼거리역 6번출구쪽,동작구,서울특별시 동작구 상도로 지하 76,37.49985504,126.92956543,"2017-05-26 10:01:42",20.0,,LCD,공공자전거 대여소 정보(25.12월 기준).xlsx
2016,신대방삼거리역 3번출구쪽,동작구,서울특별시 동작구 상도로 지하 76,37.49964523,126.92709351,"2017-05-12 11:00:44",10.0,,LCD,공공자전거 대여소 정보(25.12월 기준).xlsx
2020,장승배기역2번출구뒷편쪽,동작구,서울특별시 동작구 상도로 지하 188,37.50449753,126.93898773,"2017-05-12 11:02:05",10.0,,LCD,공공자전거 대여소 정보(25.12월 기준).xlsx
2024,상도역 1번출구,동작구,서울특별시 동작구 상도로 지하 272,37.50217819,126.94820404,"2017-05-12 11:02:42",10.0,,LCD,공공자전거 대여소 정보(25.12월 기준).xlsx
2025,흑석역 1번출구,동작구,서울특별시 동작구 현충로 지하 90,37.50938034,126.96361542,"2017-05-12 11:03:18",20.0,,LCD,공공자전거 대여소 정보(25.12월 기준).xlsx
2026,흑석역 4번출구,동작구,서울특별시 동작구 현충로 지하 90,37.50858688,126.96349335,"2017-07-05 11:51:20",10.0,,LCD,공공자전거 대여소 정보(25.12월 기준).xlsx
2027,중앙대학교 정문 1,동작구,서울특별시 동작구 흑석로 47,37.50704193,126.95915222,"2017-05-12 11:04:13",15.0,,LCD,공공자전거 대여소 정보(25.12월 기준).xlsx
2032,이수역 11번출구쪽,동작구,서울특별시 동작구 사당로 지하 310,37.48550797,126.98162079,"2017-06-27 15:22:53",10.0,,LCD,공공자전거 대여소 정보(25.12월 기준).xlsx
2033,사당동 아르테스 웨딩앞,동작구,서울특별시 동작구 동작대로 지하 3,37.48149109,126.98158264,"2017-05-26 10:02:22",10.0,,LCD,공공자전거 대여소 정보(25.12월 기준).xlsx
2034,사당역 7번출구쪽,동작구,서울특별시 동작구 동작대로 지하 3,37.47689056,126.98057556,"2017-06-27 15:23:41",20.0,,LCD,공공자전거 대여소 정보(25.12월 기준).xlsx
2036,정금마을 마을버스정류장,동작구,서울특별시 동작구 동작대로 66-29,37.49466324,126.98244476,"2017-05-12 11:06:30",12.0,,LCD,공공자전거 대여소 정보(25.12월 기준).xlsx
2037,동작역 5번출구 동작주차공원,동작구,서울특별시 동작구 현충로 지하 220,37.50318909,126.97714996,"2017-05-12 11:07:14",20.0,,LCD,공공자전거 대여소 정보(25.12월 기준).xlsx
2038,동작역 7번출구,동작구,서울특별시 동작구 현충로 지하 220,37.50318146,126.97608948,"2017-05-12 11:08:14",10.0,,LCD,공공자전거 대여소 정보(25.12월 기준).xlsx
2040,비계 버스정류소,동작구,서울특별시 동작구 현충로 151,37.5063591,126.96907806,"2017-05-12 11:09:30",10.0,,LCD,공공자전거 대여소 정보(25.12월 기준).xlsx
2041,사당중학교 버스정류소,동작구,서울특별시 동작구 사당로 169,37.48683548,126.9680481,"2017-05-26 10:04:43",7.0,,LCD,공공자전거 대여소 정보(25.12월 기준).xlsx
2048,삼일초등학교 인근,동작구,서울특별시 동작구 사당로23나길 27,37.48907852,126.97356415,"2017-05-26 10:05:43",10.0,,LCD,공공자전거 대여소 정보(25.12월 기준).xlsx
2050,노량진역 5번출구,동작구,서울특별시 동작구 노량진로 지하 130,37.51324844,126.93997192,"2017-05-12 11:13:27",15.0,,LCD,공공자전거 대여소 정보(25.12월 기준).xlsx
2054,삼익아파트,동작구,서울특별시 동작구 만양로 84,37.51054764,126.94484711,"2017-05-12 11:23:35",10.0,,LCD,공공자전거 대여소 정보(25.12월 기준).xlsx
2056,동작구민 체육센터,동작구,서울특별시 동작구 여의대방로16길 53,37.49449921,126.91652679,"2017-05-26 10:06:23",10.0,,LCD,공공자전거 대여소 정보(25.12월 기준).xlsx
2057,상도 아이파크 아파트,동작구,서울특별시 동작구 장승배기로 26,37.5008812,126.94174957,"2017-05-12 11:24:14",10.0,,LCD,공공자전거 대여소 정보(25.12월 기준).xlsx
2058,동작경찰서,동작구,서울특별시 동작구 노량진동 113-7,37.5135231,126.94352722,"2017-11-01 16:00:00",14.0,,LCD,공공자전거 대여소 정보(25.12월 기준).xlsx
2059,보라매공원 정문,동작구,서울특별시 동작구 신대방동 395,37.49707794,126.91779327,"2017-11-01 16:00:00",10.0,,LCD,공공자전거 대여소 정보(25.12월 기준).xlsx
2060,남성역3번출구 뒤,동작구,서울특별시 동작구 사당동 1131,37.48463058,126.97154999,"2017-11-01 16:00:00",10.0,,LCD,공공자전거 대여소 정보(25.12월 기준).xlsx
2062,사당새마을금고,동작구,서울특별시 사당동 211-2,37.48665237,126.9678421,"2017-11-01 16:00:00",10.0,,LCD,공공자전거 대여소 정보(25.12월 기준).xlsx
2064,흑석한강푸르지오 106동앞,동작구,서울특별시 동작구 흑석한강로 27,37.50535583,126.96617889,"2017-12-22 14:37:44",10.0,,LCD,공공자전거 대여소 정보(25.12월 기준).xlsx
2065,서울시여성가족재단,동작구,서울특별시 동작구 여의대방로54길 18,37.51198959,126.92708588,"2017-12-22 14:38:37",10.0,,LCD,공공자전거 대여소 정보(25.12월 기준).xlsx
2066,양문교회 앞,동작구,동작구 신대방동 607-8,37.48939896,126.90711212,"2018-10-02 00:00:00",10.0,,LCD,공공자전거 대여소 정보(25.12월 기준).xlsx
2067,보라매역?동작세무서 버스정류장(강남중학교방면),동작구,서울특별시 동작구 여의대방로122,37.49766922,126.91986847,"2018-10-11 00:00:00",10.0,,LCD,공공자전거 대여소 정보(25.12월 기준).xlsx
2068,총신대 앞(육교),동작구,동작구  사당동 1112,37.48815918,126.96647644,"2018-10-11 00:00:00",8.0,,LCD,공공자전거 대여소 정보(25.12월 기준).xlsx
2069,숭실대 입구역3번 출구 앞,동작구,동작구  상도동 514,37.4966011,126.95368195,"2018-10-30 00:00:00",7.0,,LCD,공공자전거 대여소 정보(25.12월 기준).xlsx
2070,노량진역 2번 출구 앞,동작구,동작구  노량진동 67-3,37.51391983,126.94306946,"2018-10-12 00:00:00",18.0,,LCD,공공자전거 대여소 정보(25.12월 기준).xlsx
2071,대림아파트 후문 상가 옆,동작구,동작구 사당로23길 137,37.48886871,126.97190857,"2019-03-26 00:00:00",10.0,,LCD,공공자전거 대여소 정보(25.12월 기준).xlsx
2077,노들역 3번출구,동작구,동작구 노량진로 250-1,37.51193619,126.9541626,"2020-04-23 00:00:00",,10.0,QR,공공자전거 대여소 정보(25.12월 기준).xlsx
2078,흑석 아크로리버하임(103동),동작구,동작구 흑석동 143-57,37.51083755,126.96163177,"2020-04-22 00:00:00",,13.0,QR,공공자전거 대여소 정보(25.12월 기준).xlsx
2079,중앙대학교 중앙광장,동작구,동작구 흑석동 221-1,37.50667191,126.95777893,"2020-04-22 00:00:00",,25.0,QR,공공자전거 대여소 정보(25.12월 기준).xlsx
2080,대방지하보도(대방동경남아너스빌아파트),동작구,동작구 대방동 341-15,37.51213455,126.92543793,"2020-04-23 00:00:00",,15.0,QR,공공자전거 대여소 정보(25.12월 기준).xlsx
2082,"7호선 이수역7번출구",동작구,동작구 동작대로 89,37.4846077,126.98179626,"2020-04-26 00:00:00",,10.0,QR,공공자전거 대여소 정보(25.12월 기준).xlsx
2083,흑석롯데캐슬에듀포레(107동),동작구,동작구 흑석동 86-212,37.50470352,126.96073151,"2020-04-22 00:00:00",,10.0,QR,공공자전거 대여소 정보(25.12월 기준).xlsx
2084,e편한세상 상도노빌리티 앞,동작구,동작구 상도동 26-77,37.50456238,126.94678497,"2020-04-24 00:00:00",,15.0,QR,공공자전거 대여소 정보(25.12월 기준).xlsx
2085,강남중학교 앞,동작구,동작구 대방동 466-45,37.50274277,126.92157745,"2020-04-23 00:00:00",,20.0,QR,공공자전거 대여소 정보(25.12월 기준).xlsx
2086,삼일수영장 앞,동작구,동작구 사당로27길 103,37.48712158,126.9743576,"2020-04-26 00:00:00",,22.0,QR,공공자전거 대여소 정보(25.12월 기준).xlsx
2088,상도중앙하이츠빌 입구,동작구,동작구 상도동 159-186,37.50024796,126.94972992,"2020-04-24 00:00:00",,10.0,QR,공공자전거 대여소 정보(25.12월 기준).xlsx
2089,사당역10번출구(금강빌딩),동작구,동작구 동작대로 29,37.4791069,126.98150635,"2020-04-26 00:00:00",,10.0,QR,공공자전거 대여소 정보(25.12월 기준).xlsx
2090,기아자동차 사당점 앞,동작구,동작구 사당로 272,37.48377991,126.97792053,"2020-04-26 00:00:00",,15.0,QR,공공자전거 대여소 정보(25.12월 기준).xlsx
2091,이수역9번출구,동작구,동작구 사당동 147-141,37.48470306,126.98059082,"2020-04-26 00:00:00",,15.0,QR,공공자전거 대여소 정보(25.12월 기준).xlsx
2092,흑석한강푸르지오(110동),동작구,동작구 흑석동 336-7,37.50311279,126.96471405,"2020-04-24 00:00:00",,10.0,QR,공공자전거 대여소 정보(25.12월 기준).xlsx
2093,상도SH빌아파트 입구,동작구,동작구 상도로53길 70,37.50321198,126.95459747,"2020-05-12 00:00:00",,8.0,QR,공공자전거 대여소 정보(25.12월 기준).xlsx
2094,숭실대학교(중문),동작구,동작구 상도동 512-10,37.49550629,126.95637512,"2020-04-24 00:00:00",,20.0,QR,공공자전거 대여소 정보(25.12월 기준).xlsx
2095,경문고등학교 앞,동작구,동작구 동작동 산1-13,37.49150085,126.98240662,"2020-04-24 00:00:00",,10.0,QR,공공자전거 대여소 정보(25.12월 기준).xlsx
2096,서울특별시 동작관악교육지원청,동작구,동작구 상도2동175-1,37.50251389,126.94065094,"2020-04-30 00:00:00",,8.0,QR,공공자전거 대여소 정보(25.12월 기준).xlsx
2102,봉림교 교통섬,관악구,서울특별시 관악구 관천로 52,37.48408508,126.92688751,"2017-05-12 11:50:36",13.0,,LCD,공공자전거 대여소 정보(25.12월 기준).xlsx
2103,신림동 우방아파트,관악구,서울특별시 관악구 관천로27길 2,37.4891777,126.91927338,"2017-05-12 11:51:13",10.0,,LCD,공공자전거 대여소 정보(25.12월 기준).xlsx
2104,사당역 5번출구,관악구,서울특별시 관악구 남현동 1060-12,37.47608948,126.98133087,"2017-05-26 09:43:16",13.0,,LCD,공공자전거 대여소 정보(25.12월 기준).xlsx
2105,미성동 신림체육센터,관악구,서울특별시 관악구 난곡로 295,37.48025131,126.91460419,"2017-05-12 11:52:13",12.0,,LCD,공공자전거 대여소 정보(25.12월 기준).xlsx
2106,세이브마트,관악구,서울특별시 관악구 난곡로 210,37.47372818,126.91840363,"2017-05-12 11:53:01",12.0,,LCD,공공자전거 대여소 정보(25.12월 기준).xlsx
2108,은천치안센터,관악구,서울특별시 관악구 봉천로 375,37.48334122,126.94319916,"2017-05-26 09:45:53",,20.0,QR,공공자전거 대여소 정보(25.12월 기준).xlsx
2109,은천로입구 가로공원,관악구,서울특별시관악구 봉천동 962,37.48620224,126.9358139,"2017-06-22 13:59:06",22.0,,LCD,공공자전거 대여소 정보(25.12월 기준).xlsx
2110,조원동 미성아파트,관악구,서울특별시 관악구 시흥대로 560,37.48319244,126.90203094,"2017-08-21 10:40:28",9.0,,LCD,공공자전거 대여소 정보(25.12월 기준).xlsx
2111,서울대입구역 1번출구,관악구,서울특별시 관악구 남부순환로 1830,37.48086929,126.95331573,"2017-08-24 17:50:00",,10.0,QR,공공자전거 대여소 정보(25.12월 기준).xlsx
2112,서울대입구역 마에스트로,관악구,서울특별시 관악구 남부순환로 지하 1822,37.4813385,126.95064545,"2017-05-26 09:46:35",15.0,,LCD,공공자전거 대여소 정보(25.12월 기준).xlsx
2113,관악동작견인차량보관소,관악구,서울특별시 관악구 신사로 7,37.4846611,126.90390015,"2017-07-11 13:31:18",20.0,,LCD,공공자전거 대여소 정보(25.12월 기준).xlsx
2115,관악구시설관리공단,관악구,서울특별시 관악구 남부순환로 1369,37.47991562,126.90283966,"2017-06-22 14:00:29",20.0,,LCD,공공자전거 대여소 정보(25.12월 기준).xlsx
2116,에이스에이존빌딩,관악구,서울특별시 관악구 남부순환로 지하 1822,37.48170471,126.95082855,"2017-05-26 09:48:09",9.0,,LCD,공공자전거 대여소 정보(25.12월 기준).xlsx
2119,중앙동 동진빌딩,관악구,서울특별시 관악구 관악로 217,37.48425674,126.95469666,"2017-06-22 14:01:57",,10.0,QR,공공자전거 대여소 정보(25.12월 기준).xlsx
2122,낙성대로 입구,관악구,서울특별시 관악구 남부순환로 1889,37.47805786,126.960495,"2017-05-26 09:51:00",20.0,,LCD,공공자전거 대여소 정보(25.12월 기준).xlsx
2127,난곡종점,관악구,서울특별시 관악구 난곡로 99,37.46488571,126.91947937,"2017-05-12 11:54:53",10.0,,LCD,공공자전거 대여소 정보(25.12월 기준).xlsx
2128,관악구청교차로,관악구,서울특별시 관악구 관악로 153,37.47916412,126.95258331,"2017-05-26 09:52:14",,12.0,QR,공공자전거 대여소 정보(25.12월 기준).xlsx
2129,낙성대 과학전시관,관악구,서울특별시 관악구 낙성대로 101,37.46905518,126.95814514,"2017-05-26 09:52:59",10.0,,LCD,공공자전거 대여소 정보(25.12월 기준).xlsx
2130,영어마을 관악캠프,관악구,서울특별시 관악구 낙성대로 70,37.47198868,126.95842743,"2017-05-26 09:53:44",10.0,,LCD,공공자전거 대여소 정보(25.12월 기준).xlsx
2135,신림역 5번출구,관악구,서울특별시 관악구 남부순환로 지하 1614,37.48440933,126.9289093,"2017-05-12 11:55:34",9.0,,LCD,공공자전거 대여소 정보(25.12월 기준).xlsx
2136,신림역 8번출구,관악구,서울특별시 관악구 신림로 340,37.48450851,126.93006897,"2017-09-01 14:04:24",8.0,,LCD,공공자전거 대여소 정보(25.12월 기준).xlsx
2137,KT&G 관악지점,관악구,서울특별시 관악구 남부순환로 1675,37.48490143,126.93653107,"2017-05-26 09:54:47",10.0,,LCD,공공자전거 대여소 정보(25.12월 기준).xlsx
2139,서울신성초등학교,관악구,서울특별시 관악구 신림로 114,37.4711647,126.93701935,"2017-08-21 13:17:52",10.0,,LCD,공공자전거 대여소 정보(25.12월 기준).xlsx
2140,신림1교 교차로,관악구,서울특별시 관악구 신림로 270,37.47842789,126.93186188,"2017-05-26 09:55:57",,20.0,QR,공공자전거 대여소 정보(25.12월 기준).xlsx
2143,서울산업정보학교,관악구,서울특별시 관악구 신림로 67,37.4706955,126.94219971,"2017-06-22 14:05:01",10.0,,LCD,공공자전거 대여소 정보(25.12월 기준).xlsx
2144,난우길입구,관악구,서울특별시 관악구 문성로 115,37.47777557,126.91675568,"2017-05-12 11:56:31",15.0,,LCD,공공자전거 대여소 정보(25.12월 기준).xlsx
2145,은천초등학교 육교,관악구,서울특별시 관악구 은천로 69,37.48635864,126.9429245,"2017-05-26 09:56:45",12.0,,LCD,공공자전거 대여소 정보(25.12월 기준).xlsx
2148,낙성대역 3번출구 뒤,관악구,서울특별시 관악구 남부순환로 지하 1928,37.47702789,126.96339417,"2017-06-22 14:06:21",10.0,,LCD,공공자전거 대여소 정보(25.12월 기준).xlsx
2156,신림푸르지오아파트,관악구,서울특별시 금천구 남부순환로 1428,37.48072052,126.90932465,"2017-08-21 14:07:54",12.0,,LCD,공공자전거 대여소 정보(25.12월 기준).xlsx
2159,인헌초교,관악구,서울특별시 관악구 봉천동 244-1,37.47509003,126.95922852,"2017-11-01 16:00:00",10.0,,LCD,공공자전거 대여소 정보(25.12월 기준).xlsx
2164,관악우체국,관악구,서울특별시 관악구 남부순환로 1641,37.48476791,126.93287659,"2017-11-28 10:19:47",8.0,,LCD,공공자전거 대여소 정보(25.12월 기준).xlsx
2165,JK장평타워,관악구,서울특별시 관악구 남부순환로 1943,37.47648239,126.96536255,"2017-11-28 10:20:27",10.0,,LCD,공공자전거 대여소 정보(25.12월 기준).xlsx
2167,낙성대역 1번출구,관악구,서울특별시 관악구 남부순환로 1944,37.47629547,126.96495819,"2017-11-28 10:22:10",12.0,,LCD,공공자전거 대여소 정보(25.12월 기준).xlsx
2169,봉천역 2번출구,관악구,서울특별시 관악구 남부순환로 1728,37.48218918,126.94213104,"2017-11-28 10:23:22",7.0,,LCD,공공자전거 대여소 정보(25.12월 기준).xlsx
2170,조원동 강남힐병원,관악구,서울특별시 관악구 남부순환로 1451,37.48152924,126.91203308,"2017-11-28 10:24:01",10.0,,LCD,공공자전거 대여소 정보(25.12월 기준).xlsx
2171,서울대입구역 5번출구,관악구,서울특별시 관악구 남부순환로 1817,37.48154831,126.95200348,"2017-11-28 14:57:05",17.0,,LCD,공공자전거 대여소 정보(25.12월 기준).xlsx
2172,나들목공원,관악구,서울특별시 관악구 신림로 41,37.46940613,126.94451141,"2017-11-28 10:25:16",15.0,,LCD,공공자전거 대여소 정보(25.12월 기준).xlsx
2173,당곡사거리,관악구,서울특별시 관악구 보라매로 3,37.48974991,126.92746735,"2017-11-28 10:25:53",10.0,,LCD,공공자전거 대여소 정보(25.12월 기준).xlsx
2174,삼성디지털프라자관악점,관악구,서울특별시 관악구 신림로 386,37.48856354,126.92848206,"2017-11-28 10:26:24",10.0,,LCD,공공자전거 대여소 정보(25.12월 기준).xlsx
2175,신림동걷고싶은문화의거리입구,관악구,서울특별시 관악구 신림로 369,37.48730087,126.92870331,"2017-11-28 10:27:01",10.0,,LCD,공공자전거 대여소 정보(25.12월 기준).xlsx
2176,보라매공원 보도육교,관악구,서울특별시 관악구 신사로 132,37.48899078,126.91638184,"2017-12-22 14:39:22",15.0,,LCD,공공자전거 대여소 정보(25.12월 기준).xlsx
2178,서울대학교 정문,관악구,서울특별시 관악구 관악로 1 서울대학교,37.46709442,126.94932556,"2018-10-11 00:00:00",20.0,,LCD,공공자전거 대여소 정보(25.12월 기준).xlsx
2179,양녕로 입구,관악구,남부순환로 1761,37.48218918,126.94615936,"2018-11-02 00:00:00",7.0,,LCD,공공자전거 대여소 정보(25.12월 기준).xlsx
2184,구암초등학교 버스정류장,관악구,관악구 봉천동 490-9,37.48949051,126.94592285,"2018-11-22 00:00:00",10.0,,LCD,공공자전거 대여소 정보(25.12월 기준).xlsx
2185,대학동 고시촌,관악구,서울특별시 관악구 신림로 97 밀라트,37.47046661,126.93865204,"2019-09-26 00:00:00",10.0,,LCD,공공자전거 대여소 정보(25.12월 기준).xlsx
2186,낙성대입구삼거리,관악구,남부순환로 1889,37.4788208,126.95960999,"2020-04-29 00:00:00",,15.0,QR,공공자전거 대여소 정보(25.12월 기준).xlsx
2187,현대시장사거리,관악구,은천로 110,37.4867363,126.9475174,"2020-04-27 00:00:00",,15.0,QR,공공자전거 대여소 정보(25.12월 기준).xlsx
2189,봉천역 4번출구,관악구,남부순환로 1719,37.48275375,126.94140625,"2020-04-29 00:00:00",,15.0,QR,공공자전거 대여소 정보(25.12월 기준).xlsx
2190,도원맨션,관악구,남부순환로 1699,37.48368835,126.93915558,"2020-04-30 00:00:00",,12.0,QR,공공자전거 대여소 정보(25.12월 기준).xlsx
2191,대학동주민센터,관악구,신림로 115,37.47068787,126.93648529,"2020-04-28 00:00:00",,10.0,QR,공공자전거 대여소 정보(25.12월 기준).xlsx
2195,은천교회,관악구,남부순환로 1654,37.48464584,126.93450928,"2020-04-27 00:00:00",,15.0,QR,공공자전거 대여소 정보(25.12월 기준).xlsx
2196,봉천역 3번출구,관악구,남부순환로 1700,37.4833107,126.93902588,"2020-04-28 00:00:00",,15.0,QR,공공자전거 대여소 정보(25.12월 기준).xlsx
2198,사랑의병원,관악구,남부순환로 1868,37.47946548,126.95693207,"2020-04-30 00:00:00",,10.0,QR,공공자전거 대여소 정보(25.12월 기준).xlsx
2199,신봉천주유소 A,관악구,남부순환로 1884,37.47877121,126.95869446,"2020-04-30 00:00:00",,8.0,QR,공공자전거 대여소 정보(25.12월 기준).xlsx
2202,청계산입구역 1번출구,서초구,서울특별시 서초구 청계산로 지하 179,37.44893646,127.05437469,"2017-06-01 10:03:26",20.0,,LCD,공공자전거 대여소 정보(25.12월 기준).xlsx
2203,청계산입구역 2번출구,서초구,서울특별시 서초구 청계산로 지하 179,37.44765854,127.05501556,"2017-06-27 15:24:35",10.0,,LCD,공공자전거 대여소 정보(25.12월 기준).xlsx
2205,내곡3단지 어린이공원 앞,서초구,서울특별시 서초구 청계산로9길 76,37.45375061,127.05937958,"2017-06-01 10:05:00",15.0,,LCD,공공자전거 대여소 정보(25.12월 기준).xlsx
2206,언남초등학교 앞,서초구,서울특별시 서초구 헌릉로8길 42,37.45435715,127.06210327,"2017-06-01 10:05:50",20.0,,LCD,공공자전거 대여소 정보(25.12월 기준).xlsx
2207,내곡파출소 뒤 정자,서초구,서울특별시 서초구 헌릉로 226,37.45440674,127.06492615,"2017-06-27 15:25:46",9.0,,LCD,공공자전거 대여소 정보(25.12월 기준).xlsx
2210,반포1동 주민센터 앞,서초구,서울특별시 서초구 사평대로 지하 285,37.50509644,127.0131073,"2017-06-01 10:06:30",10.0,,LCD,공공자전거 대여소 정보(25.12월 기준).xlsx
2211,서초구립반포도서관 앞,서초구,서울특별시 서초구 고무래로 34,37.50263596,127.01231384,"2017-06-27 15:27:11",10.0,,LCD,공공자전거 대여소 정보(25.12월 기준).xlsx
2212,서초현대4차아파트 201동 맞은편,서초구,서울특별시 서초구 고무래로 94,37.50065231,127.01861572,"2017-06-01 10:16:54",14.0,,LCD,공공자전거 대여소 정보(25.12월 기준).xlsx
2213,고속터미널역 5번출구 앞,서초구,서울특별시 서초구 신반포로 지하 188,37.5022316,127.0022583,"2017-06-01 10:17:41",20.0,,LCD,공공자전거 대여소 정보(25.12월 기준).xlsx
2214,신반포역 2번출구 앞,서초구,서울특별시 서초구 신반포로 지하 105,37.50411606,126.99748993,"2017-06-01 10:19:01",15.0,,LCD,공공자전거 대여소 정보(25.12월 기준).xlsx
2215,반포종합운동장 입구,서초구,서울특별시 서초구 신반포로16길 30,37.5017128,126.99547577,"2017-06-27 15:27:50",10.0,,LCD,공공자전거 대여소 정보(25.12월 기준).xlsx
2217,아크로리버뷰 부지 앞,서초구,서초구 잠원동 78,37.51304626,127.00595856,"2017-06-01 10:20:39",20.0,,LCD,공공자전거 대여소 정보(25.12월 기준).xlsx
2219,"고속터미널역 8-1번, 8-2번 출구 사이",서초구,서울특별시 서초구 신반포로 지하 188,37.50619888,127.0039444,"2017-06-01 10:20:39",20.0,,LCD,공공자전거 대여소 정보(25.12월 기준).xlsx
2221,방일초교 마을버스 정류장,서초구,서울특별시 서초구 방배로 110,37.48561096,126.99468231,"2017-06-01 10:22:24",15.0,,LCD,공공자전거 대여소 정보(25.12월 기준).xlsx
2222,사당역 12번출구 뒤,서초구,서울특별시 동작구 동작대로 지하 3,37.47806931,126.98203278,"2017-06-01 10:23:07",10.0,,LCD,공공자전거 대여소 정보(25.12월 기준).xlsx
2223,방배래미안 정문 앞,서초구,서울특별시 서초구 남부순환로 2183,37.47261047,126.98300934,"2017-06-01 10:23:50",15.0,,LCD,공공자전거 대여소 정보(25.12월 기준).xlsx
2225,백석예술대학교 제3캠퍼스 앞,서초구,서울특별시 서초구 방배로9길 23,37.4737587,126.99524689,"2017-06-01 10:24:47",10.0,,LCD,공공자전거 대여소 정보(25.12월 기준).xlsx
2226,신동아럭스빌아파트 앞,서초구,서울특별시 서초구 방배로1길 9,37.47518158,127.00138855,"2017-06-01 10:26:12",10.0,,LCD,공공자전거 대여소 정보(25.12월 기준).xlsx
2227,방배열린문화센터 앞,서초구,서울특별시 서초구 서초대로 지하 103,37.48905182,126.99252319,"2017-06-01 10:26:55",15.0,,LCD,공공자전거 대여소 정보(25.12월 기준).xlsx
2228,뒷벌공원 옆,서초구,서울특별시 서초구 방배중앙로 131,37.48976898,126.986763,"2017-06-01 10:28:26",,15.0,QR,공공자전거 대여소 정보(25.12월 기준).xlsx
2229,로고스교회 맞은 편,서초구,서울특별시 서초구 방배천로 126,37.48701096,126.98496246,"2017-06-01 10:29:26",10.0,,LCD,공공자전거 대여소 정보(25.12월 기준).xlsx
2230,이수역 4번 출구,서초구,서울특별시 동작구 사당로 지하 310,37.4858284,126.98262787,"2017-06-01 10:30:19",20.0,,LCD,공공자전거 대여소 정보(25.12월 기준).xlsx
2231,삼성타운(삼성생명) A동 맞은편,서초구,서울특별시 서초구 서초대로 405,37.49691391,127.02496338,"2017-06-01 10:32:48",17.0,,LCD,공공자전거 대여소 정보(25.12월 기준).xlsx
2233,서초신동아1차아파트 옆,서초구,서울특별시 서초구 효령로36길 22,37.49111176,127.02295685,"2017-06-01 10:34:21",13.0,,LCD,공공자전거 대여소 정보(25.12월 기준).xlsx
2235,KT 서초지사 앞,서초구,서울특별시 서초구 사평대로 73,37.48215866,127.00270081,"2017-06-01 10:35:21",10.0,,LCD,공공자전거 대여소 정보(25.12월 기준).xlsx
2237,서울남부터미널 대합실 입구,서초구,서울특별시 서초구 서초중앙로 지하 31,37.48455811,127.01486969,"2017-06-01 10:36:08",20.0,,LCD,공공자전거 대여소 정보(25.12월 기준).xlsx
2239,교대역 6번출구,서초구,서울특별시 서초구 서초대로 지하 294,37.49421692,127.01378632,"2017-06-01 10:39:39",10.0,,LCD,공공자전거 대여소 정보(25.12월 기준).xlsx
2241,양재전화국 사거리,서초구,서울특별시 강남구 논현로 201,37.48537827,127.04170227,"2017-06-01 10:40:53",6.0,,LCD,공공자전거 대여소 정보(25.12월 기준).xlsx
2242,양재역 11번 출구 앞,서초구,서울특별시 서초구 남부순환로 지하 2585,37.48398972,127.03417969,"2017-06-01 10:41:50",20.0,,LCD,공공자전거 대여소 정보(25.12월 기준).xlsx
2243,서울가정법원,서초구,서울특별시 서초구 강남대로 193,37.48149109,127.03672791,"2017-06-01 10:42:32",15.0,,LCD,공공자전거 대여소 정보(25.12월 기준).xlsx
2244,교육개발원입구 교차로,서초구,서울특별시 서초구 바우뫼로1길 35,37.47785187,127.03890991,"2017-06-01 10:43:20",,20.0,QR,공공자전거 대여소 정보(25.12월 기준).xlsx
2245,양재초등학교 맞은편,서초구,서울특별시 서초구 바우뫼로18길 14,37.47361374,127.03050995,"2017-06-01 10:44:02",20.0,,LCD,공공자전거 대여소 정보(25.12월 기준).xlsx
2246,서울시 품질시험소 앞,서초구,서울특별시 서초구 태봉로 131,37.46920013,127.02900696,"2017-06-24 09:49:21",,10.0,QR,공공자전거 대여소 정보(25.12월 기준).xlsx
2247,섬들근린공원,서초구,서울특별시 서초구 태봉로2길 24,37.46263885,127.02661896,"2017-06-01 10:45:54",30.0,,LCD,공공자전거 대여소 정보(25.12월 기준).xlsx
2248,서초리슈빌S 글로벌 앞,서초구,서울특별시 서초구 양재대로2길 8,37.45995331,127.02474213,"2017-06-27 15:31:47",10.0,,LCD,공공자전거 대여소 정보(25.12월 기준).xlsx
2249,우솔초등학교 맞은편,서초구,서울특별시 서초구 양재대로2길 74,37.45623398,127.01934814,"2017-06-22 13:56:18",10.0,,LCD,공공자전거 대여소 정보(25.12월 기준).xlsx
2250,서초유치원 맞은편,서초구,서울특별시 서초구 양재대로2길 74,37.4557991,127.01628876,"2017-06-22 13:57:28",10.0,,LCD,공공자전거 대여소 정보(25.12월 기준).xlsx
2251,더케이호텔 입구(양재2),서초구,서울특별시 서초구 바우뫼로12길 70,37.46750641,127.03447723,"2017-06-13 09:35:46",10.0,,LCD,공공자전거 대여소 정보(25.12월 기준).xlsx
2252,잔디마을 마을버스 정류장,서초구,서울특별시 서초구 매헌로 16,37.46332169,127.03604126,"2017-06-24 09:58:53",,25.0,QR,공공자전거 대여소 정보(25.12월 기준).xlsx
2255,양재시민의숲역(매헌) 1번출구,서초구,서울특별시 서초구 매헌로 지하 116,37.47016525,127.03862,"2017-06-01 10:46:55",25.0,,LCD,공공자전거 대여소 정보(25.12월 기준).xlsx
2256,양재동 꽃시장 입구,서초구,서울특별시 서초구 강남대로 27,37.46768951,127.0403595,"2017-06-01 10:48:00",,10.0,QR,공공자전거 대여소 정보(25.12월 기준).xlsx
2257,청계산 입구 삼거리,서초구,서울특별시 서초구 청계산로 10,37.46268845,127.04611206,"2017-06-01 10:48:52",10.0,,LCD,공공자전거 대여소 정보(25.12월 기준).xlsx
2258,구룡사 삼거리,서초구,서울특별시 강남구 논현로2길 22,37.47153854,127.05059052,"2017-06-01 10:50:12",20.0,,LCD,공공자전거 대여소 정보(25.12월 기준).xlsx
2259,잠원역 3번-4번 출구사이,서초구,서울특별시 서초구 잠원로4길 지하 46,37.51298904,127.01117706,"2017-06-13 09:27:10",15.0,,LCD,공공자전거 대여소 정보(25.12월 기준).xlsx
2263,바우뫼문화복지회관,서초구,서울특별시 서초구 바우뫼로 43,37.47192764,127.02684021,"2017-06-22 13:52:40",20.0,,LCD,공공자전거 대여소 정보(25.12월 기준).xlsx
2264,이수역 1번출구,서초구,서울특별시 서초구 동작대로 134,37.48897171,126.98271942,"2017-06-22 13:52:40",9.0,,LCD,공공자전거 대여소 정보(25.12월 기준).xlsx
2265,이수고가차도 남단,서초구,서울특별시 서초구 동작대로 204 청남빌딩,37.49474335,126.98306274,"2017-08-09 11:16:28",10.0,,LCD,공공자전거 대여소 정보(25.12월 기준).xlsx
2266,서초역 3번출구,서초구,서울특별시 서초동 1748-14,37.49053955,127.00816345,"2017-11-01 16:00:00",15.0,,LCD,공공자전거 대여소 정보(25.12월 기준).xlsx
2269,주홍교 하부,서초구,서울특별시 잠원동 91-29,37.51034927,127.01605225,"2017-11-01 16:00:00",15.0,,LCD,공공자전거 대여소 정보(25.12월 기준).xlsx
2270,서초포레스타 7단지,서초구,서울특별시 신원동 266,37.44896698,127.05773926,"2017-11-01 16:00:00",10.0,,LCD,공공자전거 대여소 정보(25.12월 기준).xlsx
2271,내방역 8번출구 앞,서초구,서울특별시 서초구 방배로 162,37.48802185,126.99411774,"2017-11-01 16:00:00",8.0,,LCD,공공자전거 대여소 정보(25.12월 기준).xlsx
2272,교대입구 교차로,서초구,서울특별시 서초동 1748-33,37.4873085,127.01058197,"2017-11-01 16:00:00",10.0,,LCD,공공자전거 대여소 정보(25.12월 기준).xlsx
2273,일동제약 사거리,서초구,서울특별시 양재동 67-12,37.47782898,127.03826904,"2017-11-01 16:00:00",10.0,,LCD,공공자전거 대여소 정보(25.12월 기준).xlsx
2274,양재시민의숲역 3번출구,서초구,서울특별시 양재동 316-11,37.4692421,127.03982544,"2017-11-01 16:00:00",10.0,,LCD,공공자전거 대여소 정보(25.12월 기준).xlsx
2275,염곡치안센터 건너편,서초구,서울특별시 염곡동 260-1,37.46149445,127.04907227,"2017-11-01 16:00:00",7.0,,LCD,공공자전거 대여소 정보(25.12월 기준).xlsx
2276,영동1교 (양재천근린공원),서초구,서울특별시 양재동 261-23,37.47438812,127.03890228,"2017-11-01 16:00:00",15.0,,LCD,공공자전거 대여소 정보(25.12월 기준).xlsx
2277,길마중4교 하부,서초구,서울특별시 잠원동 84-3,37.51483917,127.01560211,"2017-11-01 00:00:00",,10.0,QR,공공자전거 대여소 정보(25.12월 기준).xlsx
2279,교대역 5번출구뒤,서초구,서울특별시 서초구 서초중앙로 130,37.49361801,127.01418304,"2017-11-28 11:40:52",10.0,,LCD,공공자전거 대여소 정보(25.12월 기준).xlsx
2280,서울서초고용센터앞,서초구,서울특별시 서초구 반포대로 43,37.48416138,127.01097107,"2018-09-20 00:00:00",10.0,,LCD,공공자전거 대여소 정보(25.12월 기준).xlsx
2281,연세사랑병원신관앞,서초구,서울특별시 서초구 효령로 10,37.47597885,126.98628235,"2017-11-28 11:43:17",7.0,,LCD,공공자전거 대여소 정보(25.12월 기준).xlsx
2282,방배래미안아트힐 101동앞,서초구,서울특별시 서초구 남부순환로 2311-12,37.47720337,127.00583649,"2017-11-28 11:44:11",10.0,,LCD,공공자전거 대여소 정보(25.12월 기준).xlsx
2283,그룹한빌딩옆,서초구,서울특별시 서초구 서초대로 62,37.48652649,126.98916626,"2017-11-28 11:45:00",10.0,,LCD,공공자전거 대여소 정보(25.12월 기준).xlsx
2284,CJ오쇼핑앞,서초구,서울특별시 서초구 과천대로 870-13,37.4681015,126.98680115,"2017-11-28 11:45:53",15.0,,LCD,공공자전거 대여소 정보(25.12월 기준).xlsx
2285,LH서초3단지 301동 맞은편,서초구,서울특별시 서초구 양재대로2길 33,37.45742416,127.02265167,"2017-11-28 11:46:28",10.0,,LCD,공공자전거 대여소 정보(25.12월 기준).xlsx
2286,탑성마을입구,서초구,서울특별시 서초구 탑성말길 2,37.4585495,127.05588531,"2017-11-28 11:47:26",7.0,,LCD,공공자전거 대여소 정보(25.12월 기준).xlsx
2287,능안마을입구,서초구,서울특별시 서초구 능안말길 1-2,37.45561981,127.06710052,"2017-11-28 11:48:08",10.0,,LCD,공공자전거 대여소 정보(25.12월 기준).xlsx
2288,안골마을입구,서초구,서울특별시 서초구 안골2길 3,37.45560837,127.06445312,"2017-11-28 11:48:55",7.0,,LCD,공공자전거 대여소 정보(25.12월 기준).xlsx
2289,남태령역 2번출구,서초구,서울특별시 서초구 과천대로 810,37.46429825,126.98852539,"2017-11-28 11:49:36",10.0,,LCD,공공자전거 대여소 정보(25.12월 기준).xlsx
2293,SPC 앞,서초구,서울특별시 서초구 남부순환로 2620,37.48479843,127.03699493,"2017-12-22 14:42:32",10.0,,LCD,공공자전거 대여소 정보(25.12월 기준).xlsx
2294,두상빌딩 앞,서초구,서울특별시 서초구 언남길 87,37.47590637,127.04624176,"2017-12-22 14:43:25",15.0,,LCD,공공자전거 대여소 정보(25.12월 기준).xlsx
2297,남부터미널역 1번출구,서초구,서울특별시 서초구 서초중앙로 38,37.485672,127.01592255,"2018-02-26 11:43:11",10.0,,LCD,공공자전거 대여소 정보(25.12월 기준).xlsx
2299,한전아트센터 앞,서초구,서울특별시 서초구 효령로72길 60,37.48646927,127.02806091,"2018-10-17 00:00:00",12.0,,LCD,공공자전거 대여소 정보(25.12월 기준).xlsx
2301,현대고등학교 건너편,강남구,서울특별시 강남구 압구정로 134,37.52407074,127.02178955,"2017-06-13 00:00:00",10.0,,LCD,공공자전거 대여소 정보(25.12월 기준).xlsx
2302,교보타워 버스정류장(신논현역 3번출구 후면),강남구,서울특별시 강남구 봉은사로 지하 102,37.5055809,127.02427673,"2017-06-13 10:32:39",10.0,,LCD,공공자전거 대여소 정보(25.12월 기준).xlsx
2303,논현역 10번출구,강남구,서울특별시 강남구 학동로 지하 102,37.51137161,127.02146149,"2017-06-13 10:33:37",15.0,,LCD,공공자전거 대여소 정보(25.12월 기준).xlsx
2304,대현그린타워,강남구,서울특별시 강남구 언주로 626,37.5116272,127.03565216,"2017-06-13 10:36:12",,10.0,QR,공공자전거 대여소 정보(25.12월 기준).xlsx
2305,MCM 본사 직영점 앞,강남구,서울특별시 강남구 언주로 734,37.52064133,127.03450775,"2017-06-13 10:37:41",6.0,,LCD,공공자전거 대여소 정보(25.12월 기준).xlsx
2306,압구정역 2번 출구 옆,강남구,서울특별시 강남구 압구정로 지하 172,37.5271225,127.02871704,"2017-06-13 10:38:57",26.0,,LCD,공공자전거 대여소 정보(25.12월 기준).xlsx
2307,압구정 한양 3차 아파트,강남구,서울특별시 강남구 압구정로 321,37.52838135,127.03901672,"2017-06-13 10:40:39",10.0,,LCD,공공자전거 대여소 정보(25.12월 기준).xlsx
2308,압구정파출소 앞,강남구,서울특별시 강남구 압구정로 311,37.52930069,127.03559875,"2017-06-13 10:41:51",14.0,,LCD,공공자전거 대여소 정보(25.12월 기준).xlsx
2309,청담역(우리들병원 앞),강남구,서울특별시 강남구 학동로 443,37.51890182,127.04938507,"2017-06-13 09:42:11",10.0,,LCD,공공자전거 대여소 정보(25.12월 기준).xlsx
2310,청담동 맥도날드 옆(위치),강남구,서울특별시 강남구 학동로 지하 508,37.52361298,127.04017639,"2017-06-13 10:42:56",10.0,,LCD,공공자전거 대여소 정보(25.12월 기준).xlsx
2311,학동로 래미안 아파트 앞,강남구,서울특별시 강남구 학동로 지하 508,37.51777267,127.04302216,"2017-06-13 09:46:25",6.0,,LCD,공공자전거 대여소 정보(25.12월 기준).xlsx
2312,청담역 13번 출구 앞,강남구,서울특별시 강남구 영동대로 703,37.52058029,127.05632782,"2017-06-13 10:44:15",10.0,,LCD,공공자전거 대여소 정보(25.12월 기준).xlsx
2313,금원빌딩 앞,강남구,서울특별시 강남구 도산대로 539,37.52511597,127.05246735,"2017-06-13 10:45:57",10.0,,LCD,공공자전거 대여소 정보(25.12월 기준).xlsx
2314,청담나들목입구,강남구,서울특별시 강남구 영동대로128길 59,37.52101517,127.06015015,"2017-06-13 10:57:11",10.0,,LCD,공공자전거 대여소 정보(25.12월 기준).xlsx
2315,봉은사역 5번출구 옆,강남구,서울특별시 강남구 봉은사로 지하 601,37.51424789,127.06111908,"2017-06-13 10:58:38",10.0,,LCD,공공자전거 대여소 정보(25.12월 기준).xlsx
2316,삼성역 8번출구,강남구,서울특별시 강남구 영동대로 502,37.50957489,127.0634079,"2017-06-13 10:59:54",20.0,,LCD,공공자전거 대여소 정보(25.12월 기준).xlsx
2317,삼성도로공원,강남구,서울특별시 강남구 영동대로112길 66,37.51588821,127.06620026,"2017-06-13 09:43:39",10.0,,LCD,공공자전거 대여소 정보(25.12월 기준).xlsx
2318,삼성중앙역4번출구(문화센터더 리빌),강남구,서울특별시 강남구 봉은사로 531,37.51357651,127.05503082,"2017-06-13 14:25:24",16.0,,LCD,공공자전거 대여소 정보(25.12월 기준).xlsx
2319,포스코사거리 서측(수협 삼성동 지점),강남구,서울특별시 강남구 테헤란로 435,37.50660706,127.05467987,"2017-06-13 14:26:25",10.0,,LCD,공공자전거 대여소 정보(25.12월 기준).xlsx
2320,도곡역 대치지구대 방향,강남구,서울특별시 강남구 남부순환로 지하 2814,37.4919281,127.05696869,"2017-06-13 14:27:28",10.0,,LCD,공공자전거 대여소 정보(25.12월 기준).xlsx
2321,학여울역 사거리,강남구,서울특별시 강남구 남부순환로 지하 3104,37.49611664,127.06944275,"2017-06-13 14:28:40",10.0,,LCD,공공자전거 대여소 정보(25.12월 기준).xlsx
2322,삼성역 3번 출구,강남구,서울특별시 강남구 테헤란로 534,37.50809097,127.06310272,"2017-06-13 14:39:46",15.0,,LCD,공공자전거 대여소 정보(25.12월 기준).xlsx
2323,주식회사 오뚜기 정문 앞,강남구,서울특별시 강남구 영동대로 308,37.50221252,127.06720734,"2017-06-13 14:53:44",10.0,,LCD,공공자전거 대여소 정보(25.12월 기준).xlsx
2324,천주교 대치 2동 교회 옆,강남구,서울특별시 강남구 도곡로 540,37.50043869,127.06622314,"2017-06-13 14:55:09",10.0,,LCD,공공자전거 대여소 정보(25.12월 기준).xlsx
2325,대치삼성아파트 앞 교차로,강남구,서울특별시 강남구 도곡로 447,37.4986496,127.05931854,"2017-06-13 14:56:18",10.0,,LCD,공공자전거 대여소 정보(25.12월 기준).xlsx
2326,대치동 삼성로,강남구,서울특별시 강남구 삼성로 350,37.50239563,127.05879974,"2017-06-13 14:58:47",10.0,,LCD,공공자전거 대여소 정보(25.12월 기준).xlsx
2327,뱅뱅사거리 랜드마크타워 앞,강남구,서울특별시 강남구 강남대로 308,37.49055099,127.03146362,"2017-06-13 15:00:33",15.0,,LCD,공공자전거 대여소 정보(25.12월 기준).xlsx
2328,르네상스 호텔 사거리 역삼지하보도 7번출구 앞,강남구,서울특별시 강남구 언주로 506,37.50321198,127.04273224,"2017-06-13 15:04:48",10.0,,LCD,공공자전거 대여소 정보(25.12월 기준).xlsx
2329,르네상스호텔사거리 역삼지하보도 2번출구,강남구,서울특별시 강남구 테헤란로 지하 156,37.50235748,127.04319,"2017-06-13 15:21:24",10.0,,LCD,공공자전거 대여소 정보(25.12월 기준).xlsx
2330,역삼월드메르디앙아파트 앞,강남구,서울특별시 강남구 도곡로 183,37.49219894,127.03945923,"2017-06-13 15:22:44",10.0,,LCD,공공자전거 대여소 정보(25.12월 기준).xlsx
2331,동영문화센터앞,강남구,서울특별시 강남구 언주로 337,37.49805069,127.04460144,"2017-06-13 15:24:47",10.0,,LCD,공공자전거 대여소 정보(25.12월 기준).xlsx
2332,선릉역3번출구,강남구,서울특별시 강남구 선릉로 435,37.50400925,127.0490799,"2017-06-13 15:24:47",8.0,,LCD,공공자전거 대여소 정보(25.12월 기준).xlsx
2333,양재역 3번출구 주변,강남구,서울특별시 강남구 강남대로 240,37.48515701,127.03407288,"2017-06-13 15:27:03",15.0,,LCD,공공자전거 대여소 정보(25.12월 기준).xlsx
2334,삼호아파트 2동 ( 간선도로),강남구,서울특별시 강남구 선릉로 지하 228,37.49375916,127.04589844,"2017-06-13 15:59:59",12.0,,LCD,공공자전거 대여소 정보(25.12월 기준).xlsx
2335,"3호선 매봉역 3번출구앞",강남구,서울특별시 강남구 남부순환로 2748,37.48676682,127.04676056,"2017-06-13 16:01:23",,15.0,QR,공공자전거 대여소 정보(25.12월 기준).xlsx
2336,강남세브란스교차로 래미안그레이튼 104동 앞,강남구,서울특별시 강남구 선릉로 지하 228,37.49423599,127.04746246,"2017-06-13 16:02:19",10.0,,LCD,공공자전거 대여소 정보(25.12월 기준).xlsx
2337,대모산입구역 2번출구 앞,강남구,서울특별시 강남구 영동대로 101,37.49207687,127.07197571,"2017-06-13 09:38:26",10.0,,LCD,공공자전거 대여소 정보(25.12월 기준).xlsx
2339,현대아파트 정문 앞,강남구,서울특별시 강남구 언주로 107,37.48326111,127.0522995,"2017-06-13 16:04:16",10.0,,LCD,공공자전거 대여소 정보(25.12월 기준).xlsx
2340,삼호물산버스정류장(23370) 옆,강남구,서울특별시 강남구 논현로 82,37.47750854,127.04517365,"2017-06-13 16:05:38",,17.0,QR,공공자전거 대여소 정보(25.12월 기준).xlsx
2341,일원역 4~5번 출구 사이,강남구,서울특별시 강남구 일원로 127,37.4833107,127.08493805,"2017-06-13 16:07:03",10.0,,LCD,공공자전거 대여소 정보(25.12월 기준).xlsx
2342,대청역 1번출구 뒤,강남구,서울특별시 강남구 개포로 623,37.49400711,127.07951355,"2017-06-13 16:08:21",15.0,,LCD,공공자전거 대여소 정보(25.12월 기준).xlsx
2344,리엔파크 2단지 앞,강남구,서울특별시 강남구 헌릉로590길 10,37.46506119,127.10119629,"2017-06-13 09:23:37",10.0,,LCD,공공자전거 대여소 정보(25.12월 기준).xlsx
2347,두산건설 본사,강남구,서울특별시 강남구 언주로 726,37.51863861,127.03540039,"2017-08-22 10:45:48",11.0,,LCD,공공자전거 대여소 정보(25.12월 기준).xlsx
2348,포스코사거리(기업은행),강남구,서울특별시 강남구 테헤란로 501,37.50723267,127.05685425,"2017-06-13 10:49:59",,23.0,QR,공공자전거 대여소 정보(25.12월 기준).xlsx
2349,역삼빌딩 앞(하나은행 옆),강남구,서울특별시 강남구 테헤란로 지하 156,37.50154495,127.03856659,"2017-08-21 19:12:01",12.0,,LCD,공공자전거 대여소 정보(25.12월 기준).xlsx
2350,래미안그레이튼102동앞,강남구,서울특별시 강남구 선릉로69길 19,37.49482346,127.04790497,"2017-08-21 19:38:47",9.0,,LCD,공공자전거 대여소 정보(25.12월 기준).xlsx
2351,청소년수련관(수영장)앞,강남구,서울특별시 강남구 광평로 144,37.48387909,127.0890274,"2017-08-01 12:04:03",11.0,,LCD,공공자전거 대여소 정보(25.12월 기준).xlsx
2352,서울본부세관(건설회관 앞),강남구,서울특별시 강남구 언주로 721,37.51758957,127.03502655,"2017-08-22 10:49:59",6.0,,LCD,공공자전거 대여소 정보(25.12월 기준).xlsx
2353,강남구청역 2번출구 뒤,강남구,서울특별시 강남구 학동로 342,37.51681137,127.04047394,"2017-08-22 10:51:58",10.0,,LCD,공공자전거 대여소 정보(25.12월 기준).xlsx
2354,청담역 2번출구,강남구,서울특별시 강남구 영동대로 647,37.51978683,127.0567627,"2017-08-21 14:47:27",5.0,,LCD,공공자전거 대여소 정보(25.12월 기준).xlsx
2355,삼성역 5~6번 출구 사이,강남구,서울특별시 강남구 봉은사로 524,37.50912094,127.06230927,"2017-08-21 14:51:44",20.0,,LCD,공공자전거 대여소 정보(25.12월 기준).xlsx
2356,강남구청,강남구,서울특별시 강남구 학동로 지하 346,37.51807022,127.04711914,"2017-08-21 14:49:06",,10.0,QR,공공자전거 대여소 정보(25.12월 기준).xlsx
2357,르네상스호텔사거리 역삼지하보도 3번출구 앞 (더 오번 빌딩 명동칼국수 앞),강남구,서울특별시 강남구 언주로89길 7,37.50166321,127.04297638,"2017-08-25 15:54:57",10.0,,LCD,공공자전거 대여소 정보(25.12월 기준).xlsx
2358,구룡초사거리 (현대아파트10동 앞 ),강남구,서울특별시 강남구 개포로 303,37.48138428,127.05391693,"2017-08-21 14:57:31",7.0,,LCD,공공자전거 대여소 정보(25.12월 기준).xlsx
2359,"국립국악중,고교 정문 맞은편",강남구,서울특별시 강남구 논현로10길 29,37.47560501,127.05037689,"2017-08-21 15:00:13",10.0,,LCD,공공자전거 대여소 정보(25.12월 기준).xlsx
2360,도곡1동 주민센터 교차로,강남구,서울특별시 강남구 도곡로 205,37.4928093,127.04138947,"2017-08-21 14:54:59",9.0,,LCD,공공자전거 대여소 정보(25.12월 기준).xlsx
2362,신사동 가로수길 입구,강남구,서울특별시 강남구 신사동 501-5,37.51763535,127.02245331,"2017-11-01 16:00:00",10.0,,LCD,공공자전거 대여소 정보(25.12월 기준).xlsx
2363,강남 을지병원 교차로,강남구,서울특별시 강남구 도산대로 172,37.51913834,127.02751923,"2017-11-01 16:00:00",15.0,,LCD,공공자전거 대여소 정보(25.12월 기준).xlsx
2364,도산공원교차로,강남구,서울특별시 강남구 도산대로 229,37.52124023,127.0318985,"2017-11-01 16:00:00",10.0,,LCD,공공자전거 대여소 정보(25.12월 기준).xlsx
2365,K+ 타워 앞,강남구,서울특별시 강남구 도산대로 333,37.52330017,127.03847504,"2017-11-01 16:00:00",15.0,,LCD,공공자전거 대여소 정보(25.12월 기준).xlsx
2368,도곡동 경남아파트 건너편,강남구,서울특별시 강남구 도곡동 874-1,37.48934174,127.04129791,"2017-11-01 16:00:00",,7.0,QR,공공자전거 대여소 정보(25.12월 기준).xlsx
2369,KT선릉타워,강남구,서울특별시 강남구 대치동 1011,37.50542831,127.0528717,"2017-11-01 16:00:00",20.0,,LCD,공공자전거 대여소 정보(25.12월 기준).xlsx
2370,한티역 3번출구,강남구,서울특별시 강남구 대치동 1026,37.49655151,127.0542984,"2017-11-01 16:00:00",10.0,,LCD,공공자전거 대여소 정보(25.12월 기준).xlsx
2371,한국우편사업진흥원,강남구,서울특별시 강남구 언주로 651,37.51474762,127.03513336,"2017-11-01 16:00:00",6.0,,LCD,공공자전거 대여소 정보(25.12월 기준).xlsx
2372,대치역 사거리,강남구,서울특별시 강남구 삼성로 156,37.49449921,127.063797,"2017-11-01 16:00:00",10.0,,LCD,공공자전거 대여소 정보(25.12월 기준).xlsx
2373,개포동역 사거리,강남구,서울특별시 강남구 개포동 181-3,37.48927689,127.06557465,"2017-11-01 16:00:00",20.0,,LCD,공공자전거 대여소 정보(25.12월 기준).xlsx
2375,수서역 1번출구 앞,강남구,서울특별시 강남구 수서동 728,37.48735046,127.10099792,"2017-11-01 16:00:00",14.0,,LCD,공공자전거 대여소 정보(25.12월 기준).xlsx
2376,수서역 6번출구 앞,강남구,서울특별시 강남구 수서동 740,37.48677826,127.10051727,"2017-11-01 16:00:00",14.0,,LCD,공공자전거 대여소 정보(25.12월 기준).xlsx
2377,수서역 5번출구,강남구,서울특별시 강남구 수서동 724-4,37.48735046,127.10232544,"2017-11-01 16:00:00",9.0,,LCD,공공자전거 대여소 정보(25.12월 기준).xlsx
2380,삼성동베이직하우스앞,강남구,서울특별시 강남구 봉은사로 456,37.51169586,127.04934692,"2017-11-28 09:37:16",12.0,,LCD,공공자전거 대여소 정보(25.12월 기준).xlsx
2381,언주역 6번출구앞,강남구,서울특별시 강남구 논현로 566,37.50636673,127.03452301,"2017-11-28 09:38:15",8.0,,LCD,공공자전거 대여소 정보(25.12월 기준).xlsx
2382,역삼동 sk뷰 501동앞,강남구,서울특별시 강남구 역삼로 315-1,37.50122833,127.05036163,"2017-11-28 09:38:15",6.0,,LCD,공공자전거 대여소 정보(25.12월 기준).xlsx
2383,보금자리정원,강남구,서울특별시 강남구 헌릉로569길 39-6,37.46632767,127.09488678,"2017-11-28 09:40:19",10.0,,LCD,공공자전거 대여소 정보(25.12월 기준).xlsx
2384,자곡사거리,강남구,서울특별시 강남구 밤고개로 206,37.47602844,127.10594177,"2017-12-22 14:46:03",15.0,,LCD,공공자전거 대여소 정보(25.12월 기준).xlsx
2385,학동역,강남구,서울특별시 강남구 학동로 지하 180,37.51395035,127.03015137,"2017-12-22 14:46:36",10.0,,LCD,공공자전거 대여소 정보(25.12월 기준).xlsx
2386,크린랩 본사,강남구,논현동 279-166,37.50958633,127.04090881,"2018-07-04 00:00:00",,10.0,QR,공공자전거 대여소 정보(25.12월 기준).xlsx
2387,래미안강남힐즈 사거리,강남구,서울특별시 강남구 자곡로 101,37.47245407,127.09607697,"2018-02-26 11:47:31",10.0,,LCD,공공자전거 대여소 정보(25.12월 기준).xlsx
2388,강남구 도시관리공단,강남구,강남구 삼성동 111-61,37.51678467,127.05161285,"2018-07-04 00:00:00",18.0,,LCD,공공자전거 대여소 정보(25.12월 기준).xlsx
2389,경기여자고등학교 후문 (삼성로3길 입구),강남구,강남구 개포동 198,37.48616028,127.06723785,"2018-11-04 00:00:00",15.0,,LCD,공공자전거 대여소 정보(25.12월 기준).xlsx
2390,구룡마을 입구 (래미안블레스티지 아파트),강남구,강남구 개포동 146-1,37.48088074,127.06304169,"2018-10-08 00:00:00",10.0,3.0,"LCD,QR",공공자전거 대여소 정보(25.12월 기준).xlsx
2391,구룡터널 입구(개포1단지아파트),강남구,강남구 개포동 146-1,37.47598648,127.05962372,"2018-10-08 00:00:00",7.0,,LCD,공공자전거 대여소 정보(25.12월 기준).xlsx
2392,구룡산 입구 (구룡산 서울둘레길 입구),강남구,강남구 개포동 1277,37.47447205,127.05545044,"2018-10-08 00:00:00",10.0,,LCD,공공자전거 대여소 정보(25.12월 기준).xlsx
2394,개포래미안포레스트아파트 107동 앞,강남구,강남구 개포로 264,37.48025131,127.05419159,"2018-11-04 00:00:00",,10.0,QR,공공자전거 대여소 정보(25.12월 기준).xlsx
2396,영동3교 북단(우성캐릭터 앞 보도),강남구,강남구 도곡동 466,37.48574066,127.05104828,"2018-10-08 00:00:00",15.0,,LCD,공공자전거 대여소 정보(25.12월 기준).xlsx
2398,더라움,강남구,강남구 역삼동 801-7,37.50811005,127.0394516,"2018-10-30 00:00:00",10.0,,LCD,공공자전거 대여소 정보(25.12월 기준).xlsx
2401,밀알학교 입구 (삼성서울병원 입구),강남구,강남구 일원동 128-10,37.48656082,127.08267212,"2018-09-14 00:00:00",10.0,,LCD,공공자전거 대여소 정보(25.12월 기준).xlsx
2403,공무원연금매점 교차로 (개포주공9단지 입구),강남구,강남구 일원동 703-2,37.48871994,127.07453918,"2018-10-08 00:00:00",10.0,,LCD,공공자전거 대여소 정보(25.12월 기준).xlsx
2404,대모산입구역 4번 출구 앞,강남구,강남구 일원동 700-1,37.49180984,127.07315826,"2018-10-08 00:00:00",10.0,,LCD,공공자전거 대여소 정보(25.12월 기준).xlsx
2405,청담공원앞 교차로,강남구,강남구 삼성동 111-44,37.51871109,127.05084991,"2018-10-08 00:00:00",14.0,,LCD,공공자전거 대여소 정보(25.12월 기준).xlsx
2406,논현동 광명빌딩 앞,강남구,강남구 논현동 279,37.5175705,127.02364349,"2018-11-04 00:00:00",10.0,,LCD,공공자전거 대여소 정보(25.12월 기준).xlsx
2407,역삼서초삼성 세무서 앞 (역삼빌딩 앞,강남구,강남구 역삼동 804,37.49847031,127.03011322,"2018-09-18 00:00:00",10.0,,LCD,공공자전거 대여소 정보(25.12월 기준).xlsx
2408,강남한양수자인아파트,강남구,강남구 자곡로 260,37.4773407,127.11327362,"2018-10-02 00:00:00",14.0,,LCD,공공자전거 대여소 정보(25.12월 기준).xlsx
2409,역삼동 디오슈페리움 (우성아파트 사거리),강남구,강남구 역삼동 858(강남대로 342 앞 도로),37.49206161,127.03074646,"2018-11-14 00:00:00",20.0,,LCD,공공자전거 대여소 정보(25.12월 기준).xlsx
2410,포스코피앤에스타워 (역삼역 3번출구 부근),강남구,강남구 역삼동 804(강남구 테헤란로 134 앞 보도),37.49959946,127.03375244,"2018-11-14 00:00:00",,10.0,QR,공공자전거 대여소 정보(25.12월 기준).xlsx
2411,세곡동 성당,강남구,강남구 율현동 165-2(강남구 밤고개로21길 50),37.47296906,127.11222839,"2019-02-25 00:00:00",15.0,,LCD,공공자전거 대여소 정보(25.12월 기준).xlsx
2413,도곡역 1번 출구,강남구,남부순환로 2814,37.49095917,127.05498505,"2020-02-18 00:00:00",,20.0,QR,공공자전거 대여소 정보(25.12월 기준).xlsx
2414,도곡역 아카데미스위트 앞,강남구,언주로30길 21,37.48897171,127.05182648,"2020-02-18 00:00:00",,20.0,QR,공공자전거 대여소 정보(25.12월 기준).xlsx
2415,한티역 롯데백화점 앞,강남구,선릉로 228,37.49667358,127.05342865,"2020-02-14 00:00:00",,15.0,QR,공공자전거 대여소 정보(25.12월 기준).xlsx
2416,한티역 6번 출구,강남구,선릉로 227,37.4958992,127.05219269,"2020-02-14 00:00:00",,10.0,QR,공공자전거 대여소 정보(25.12월 기준).xlsx
2417,선정릉 디캠프(D.CAMP)앞,강남구,선릉로 551,37.50799942,127.04524994,"2020-02-14 00:00:00",,10.0,QR,공공자전거 대여소 정보(25.12월 기준).xlsx
2418,봉은사역 7번 출구,강남구,봉은사로 601,37.51393509,127.05982208,"2020-02-14 00:00:00",,10.0,QR,공공자전거 대여소 정보(25.12월 기준).xlsx
2419,"봉은사역 1,2번 출구",강남구,봉은사로 601,37.51430893,127.05970001,"2020-02-14 00:00:00",,13.0,QR,공공자전거 대여소 정보(25.12월 기준).xlsx
2420,학여울역 사거리(LG베스트샵 앞),강남구,영동대로 202,37.49689484,127.07013702,"2020-02-18 00:00:00",,20.0,QR,공공자전거 대여소 정보(25.12월 기준).xlsx
2421,신논현역 4번출구,강남구,봉은사로 110,37.504673,127.02579498,"2020-02-14 00:00:00",,15.0,QR,공공자전거 대여소 정보(25.12월 기준).xlsx
2422,수서동 성당 맞은편,강남구,광평로34길 202,37.48416901,127.09484863,"2020-02-18 00:00:00",,10.0,QR,공공자전거 대여소 정보(25.12월 기준).xlsx
2423,영희초교 사거리(래미안개포루체하임),강남구,개포로110길 50,37.4908371,127.08065033,"2020-02-18 00:00:00",,10.0,QR,공공자전거 대여소 정보(25.12월 기준).xlsx
2425,세곡동 사거리(대왕초등학교 정류장),강남구,헌릉로618길 8,37.46461868,127.10684967,"2020-02-18 00:00:00",,20.0,QR,공공자전거 대여소 정보(25.12월 기준).xlsx
2426,강남한신휴플러스 6단지,강남구,강남구 율현동 333-1,37.46829605,127.10469818,"2020-02-18 00:00:00",,10.0,QR,공공자전거 대여소 정보(25.12월 기준).xlsx
2427,개포고등학교 정문앞,강남구,강남구 개포로402,37.48485184,127.0583725,"2020-02-18 00:00:00",,10.0,QR,공공자전거 대여소 정보(25.12월 기준).xlsx
2430,강남파이낸스센터앞(역삼역2번출구),강남구,테헤란로152,37.50024414,127.03605652,"2020-02-14 00:00:00",,10.0,QR,공공자전거 대여소 정보(25.12월 기준).xlsx
2431,대치역 7번출구,강남구,남부순환로155,37.49411774,127.06290436,"2020-02-18 00:00:00",,10.0,QR,공공자전거 대여소 정보(25.12월 기준).xlsx
2501,서초 포레스타5단지,서초구,신원동 347-6,37.45066071,127.05706024,"2018-09-03 00:00:00",10.0,,LCD,공공자전거 대여소 정보(25.12월 기준).xlsx
2502,서초역1번출구 앞,서초구,서초동 1553-21,37.49195099,127.00855255,"2018-10-02 00:00:00",9.0,,LCD,공공자전거 대여소 정보(25.12월 기준).xlsx
2503,반포1동 서초빌딩 앞,서초구,반포동 749-35,37.50381088,127.0213623,"2018-10-02 00:00:00",10.0,,LCD,공공자전거 대여소 정보(25.12월 기준).xlsx
2504,신사역 4번출구 뒤,서초구,잠원동 88,37.51588058,127.01930237,"2018-10-30 00:00:00",,10.0,QR,공공자전거 대여소 정보(25.12월 기준).xlsx
2505,우성아파트사거리 (기업은행앞),서초구,서초동 1374,37.49325943,127.02953339,"2018-09-18 00:00:00",12.0,,LCD,공공자전거 대여소 정보(25.12월 기준).xlsx
2506,LG유플러스 (방배사옥),서초구,방배동 980-53,37.47909164,126.99067688,"2018-09-18 00:00:00",10.0,,LCD,공공자전거 대여소 정보(25.12월 기준).xlsx
2509,심산기념문화센터,서초구,서초구 반포동 128-13,37.49836349,126.9911499,"2018-09-18 00:00:00",,16.0,QR,공공자전거 대여소 정보(25.12월 기준).xlsx
2510,JW타워,서초구,서초구 서초동 1748-45,37.48303986,127.02146149,"2019-03-26 00:00:00",8.0,,LCD,공공자전거 대여소 정보(25.12월 기준).xlsx
2511,이수역 6번출구 앞,서초구,서초구 방배동 438-35,37.48366165,126.98232269,"2019-03-14 00:00:00",10.0,,LCD,공공자전거 대여소 정보(25.12월 기준).xlsx
2514,사평역 2번출구,서초구,서울시 서초구 반포동 30-5,37.50364304,127.01602173,"2020-02-20 00:00:00",,10.0,QR,공공자전거 대여소 정보(25.12월 기준).xlsx
2515,서초초등학교 후문,서초구,서울시 서초구 서운로 178,37.49892807,127.02472687,"2020-02-20 00:00:00",,15.0,QR,공공자전거 대여소 정보(25.12월 기준).xlsx
2516,본마을 노인복지센터 앞,서초구,서울특별시 서초구 본마을2길 2,37.45441818,127.052742,"2020-02-19 00:00:00",,9.0,QR,공공자전거 대여소 정보(25.12월 기준).xlsx
2517,서초그랑자이 앞,서초구,서울특별시 서초구 효령로69길,37.48768234,127.0247879,"2020-02-19 00:00:00",,20.0,QR,공공자전거 대여소 정보(25.12월 기준).xlsx
2518,서초동 현대아파트 앞,서초구,서울특별시 서초구 효령로70길,37.48731613,127.02489471,"2020-02-19 00:00:00",,10.0,QR,공공자전거 대여소 정보(25.12월 기준).xlsx
2519,서초2교(사임당로 방면),서초구,서울특별시 서초구 사임당로137,37.49100876,127.02352142,"2020-02-20 00:00:00",,10.0,QR,공공자전거 대여소 정보(25.12월 기준).xlsx
2520,서초1교 (진흥아파트 방면),서초구,서초구 서초동 1323-13,37.49593353,127.02177429,"2020-02-20 00:00:00",,20.0,QR,공공자전거 대여소 정보(25.12월 기준).xlsx
2521,서초 크로바타워 앞,서초구,서초구 서초대로 347,37.49556351,127.0191803,"2020-02-20 00:00:00",,13.0,QR,공공자전거 대여소 정보(25.12월 기준).xlsx
2523,뉴코아 킴스클럽 앞,서초구,서초구 잠원로 51,37.51019287,127.00725555,"2020-02-21 00:00:00",,10.0,QR,공공자전거 대여소 정보(25.12월 기준).xlsx
2524,반포쇼핑타운 8동 앞,서초구,서초구 신반포로 219 반포쇼핑타운,37.50735092,127.00801849,"2020-02-21 00:00:00",,15.0,QR,공공자전거 대여소 정보(25.12월 기준).xlsx
2525,반포쇼핑타운 2동 앞,서초구,서초구 신반포로 165,37.5056076,127.00215912,"2020-02-21 00:00:00",,20.0,QR,공공자전거 대여소 정보(25.12월 기준).xlsx
2527,반포중학교 앞(세화여고 맞은편),서초구,서초구 신반포로67,37.50296021,126.99359894,"2020-02-21 00:00:00",,10.0,QR,공공자전거 대여소 정보(25.12월 기준).xlsx
2529,우리은행 방배동지점 앞,서초구,서초구 방배로 183,37.48991776,126.99208069,"2020-02-23 00:00:00",,12.0,QR,공공자전거 대여소 정보(25.12월 기준).xlsx
2530,삼호3차아파트 앞,서초구,서초구 방배동 757-3,37.4977951,126.98706818,"2020-02-23 00:00:00",,15.0,QR,공공자전거 대여소 정보(25.12월 기준).xlsx
2531,멤피스아파트 앞,서초구,서초구 방배로 245,37.49420547,126.98935699,"2020-02-23 00:00:00",,20.0,QR,공공자전거 대여소 정보(25.12월 기준).xlsx
2532,국립국악원 앞,서초구,서초구 남부순환로 2364,37.47820282,127.00878143,"2020-02-19 00:00:00",,13.0,QR,공공자전거 대여소 정보(25.12월 기준).xlsx
2533,한가람미술관 앞,서초구,서초구 남부순환로 2406,37.48087692,127.01452637,"2020-02-19 00:00:00",,10.0,QR,공공자전거 대여소 정보(25.12월 기준).xlsx
2535,신반포역 3번출구 뒤,서초구,서초구 신반포로,37.50362396,126.99732208,"2020-02-21 00:00:00",,10.0,QR,공공자전거 대여소 정보(25.12월 기준).xlsx
2536,서초종합체육관 입구,서초구,서초구 원지동 28,37.45899582,127.0413208,"2020-02-19 00:00:00",,10.0,QR,공공자전거 대여소 정보(25.12월 기준).xlsx
2537,양재역 8번출구 앞,서초구,서초구 양재동,37.48257065,127.03643799,"2020-02-20 00:00:00",,10.0,QR,공공자전거 대여소 정보(25.12월 기준).xlsx
2538,사평리근린공원,서초구,서초구 잠원동 51,37.52026749,127.01525116,"2020-02-20 00:00:00",,10.0,QR,공공자전거 대여소 정보(25.12월 기준).xlsx
2539,대한무역투자진흥공사 KOTRA 앞,서초구,서초구 헌릉로 13,37.46540833,127.04377747,"2020-02-19 00:00:00",,20.0,QR,공공자전거 대여소 정보(25.12월 기준).xlsx
2540,반포천 앞,서초구,서초구 사평대로 108,37.49905014,126.99625397,"2020-02-21 00:00:00",,10.0,QR,공공자전거 대여소 정보(25.12월 기준).xlsx
2541,옛골 입구,서초구,청계산로 434,37.43097687,127.07033539,"2020-02-19 00:00:00",,10.0,QR,공공자전거 대여소 정보(25.12월 기준).xlsx
2542,신논현타워 앞,서초구,서초구 강남대로 479,37.50508881,127.02391052,"2020-02-14 00:00:00",,10.0,QR,공공자전거 대여소 정보(25.12월 기준).xlsx
2545,국립중앙도서관(국제회의장옆),서초구,반포동 산60-1,37.49721146,127.00427246,"2020-02-21 00:00:00",,15.0,QR,공공자전거 대여소 정보(25.12월 기준).xlsx
2547,반포래미안 리오센트,서초구,서초구 잠원로 104-2 구두수선대,37.51832199,127.01480865,"2020-05-28 00:00:00",,7.0,QR,공공자전거 대여소 정보(25.12월 기준).xlsx
2548,반포1동 자율방범초소 옆,서초구,반포동 28-4,37.50847626,127.01676178,"2020-06-15 00:00:00",,18.0,QR,공공자전거 대여소 정보(25.12월 기준).xlsx
2549,LH 서초 4단지 403동,서초구,우면동 788,37.45924759,127.02390289,"2020-06-15 00:00:00",,10.0,QR,공공자전거 대여소 정보(25.12월 기준).xlsx
2550,양재동 꽃시장 건너편,서초구,양재동 351,37.46738434,127.04145813,"2020-06-15 00:00:00",,10.0,QR,공공자전거 대여소 정보(25.12월 기준).xlsx
2601,석촌호수 아뜰리에,송파구,송파구 삼학사로 136,37.5067482,127.09883118,"2018-09-12 00:00:00",16.0,,LCD,공공자전거 대여소 정보(25.12월 기준).xlsx
2603,송파 글마루 도서관,송파구,송파구 충민로 1206,37.48095322,127.13010406,"2018-09-14 00:00:00",10.0,,LCD,공공자전거 대여소 정보(25.12월 기준).xlsx
2604,풍납토성 서성벽터A,송파구,송파구 풍납동 307-4,37.53131104,127.11128235,"2018-09-14 00:00:00",10.0,,LCD,공공자전거 대여소 정보(25.12월 기준).xlsx
2605,복정역 1번 출구 앞,송파구,송파구 장지동 602-18,37.47129822,127.12709045,"2018-09-14 00:00:00",15.0,,LCD,공공자전거 대여소 정보(25.12월 기준).xlsx
2606,위례동주민센터 맞은편 근린공원,송파구,송파구 거여동 497,37.48173904,127.14322662,"2018-09-14 00:00:00",15.0,,LCD,공공자전거 대여소 정보(25.12월 기준).xlsx
2608,송파구청,송파구,송파구 올림픽로 326,37.5150528,127.10626984,"2018-11-12 00:00:00",,10.0,QR,공공자전거 대여소 정보(25.12월 기준).xlsx
2609,보성중고등학교 후문 앞,송파구,송파구 양재대로 1278,37.52048874,127.1352005,"2018-11-14 00:00:00",10.0,,LCD,공공자전거 대여소 정보(25.12월 기준).xlsx
2611,송파지역자활센터 뒤,송파구,송파구 풍성로 5길 16,37.53641891,127.11616516,"2018-11-14 00:00:00",7.0,,LCD,공공자전거 대여소 정보(25.12월 기준).xlsx
2613,잠실나들목,송파구,서울 송파구 잠실동 1,37.51678085,127.09049225,"2018-11-14 00:00:00",18.0,,LCD,공공자전거 대여소 정보(25.12월 기준).xlsx
2614,가락고등학교 앞,송파구,서울 송파구 송이로 42,37.50186157,127.11723328,"2018-11-14 00:00:00",15.0,,LCD,공공자전거 대여소 정보(25.12월 기준).xlsx
2615,테라타워2,송파구,송파대로 201,37.48834991,127.12078094,"2018-11-14 00:00:00",15.0,,LCD,공공자전거 대여소 정보(25.12월 기준).xlsx
2616,거여동 사거리,송파구,송파구 문정로 196,37.49704742,127.14035034,"2018-11-27 00:00:00",10.0,,LCD,공공자전거 대여소 정보(25.12월 기준).xlsx
2617,가락삼환아파트 앞,송파구,송파구 가락동 165-2,37.49618149,127.13803101,"2018-11-27 00:00:00",15.0,,LCD,공공자전거 대여소 정보(25.12월 기준).xlsx
2618,삼전역 1번출구,송파구,송파구 잠실동 289,37.50471115,127.08756256,"2018-12-03 00:00:00",14.0,,LCD,공공자전거 대여소 정보(25.12월 기준).xlsx
2619,석촌고분역 4번출구,송파구,송파구 삼전동 90,37.50233841,127.09644318,"2018-11-14 00:00:00",,9.0,QR,공공자전거 대여소 정보(25.12월 기준).xlsx
2620,송파나루역 4번 출구옆,송파구,송파구 송파동 3-15,37.50997925,127.11231232,"2018-11-14 00:00:00",12.0,,LCD,공공자전거 대여소 정보(25.12월 기준).xlsx
2621,한성백제역 2번 출구,송파구,송파구 방이동 11,37.51665878,127.11625671,"2018-11-14 00:00:00",15.0,,LCD,공공자전거 대여소 정보(25.12월 기준).xlsx
2622,올림픽공원역 3번출구,송파구,송파구 방이동 89-28,37.51625824,127.13059235,"2018-11-14 00:00:00",20.0,,LCD,공공자전거 대여소 정보(25.12월 기준).xlsx
2623,석촌동 주민센터,송파구,송파구 석촌동 312,37.50362396,127.10355377,"2020-01-17 00:00:00",,15.0,QR,공공자전거 대여소 정보(25.12월 기준).xlsx
2625,가락종합 사회복지관,송파구,양재대로 925,37.4955368,127.10720062,"2020-01-20 00:00:00",,15.0,QR,공공자전거 대여소 정보(25.12월 기준).xlsx
2626,"경찰병원역 1,2번 출구 사이",송파구,가락동 59,37.49569321,127.12385559,"2020-01-20 00:00:00",,15.0,QR,공공자전거 대여소 정보(25.12월 기준).xlsx
2627,문정시영아파트 5동 앞 공원,송파구,송이로 31길 56,37.4911232,127.13510895,"2020-01-20 00:00:00",,15.0,QR,공공자전거 대여소 정보(25.12월 기준).xlsx
2628,문정역 1번출구,송파구,문정동 55-13,37.48669815,127.12244415,"2020-01-20 00:00:00",,15.0,QR,공공자전거 대여소 정보(25.12월 기준).xlsx
2630,서울방이동 고분군,송파구,방이동 17,37.50786591,127.11698914,"2020-01-21 00:00:00",,12.0,QR,공공자전거 대여소 정보(25.12월 기준).xlsx
2631,배명고등학교,송파구,삼학사 11,37.49741364,127.09630585,"2020-01-17 00:00:00",,15.0,QR,공공자전거 대여소 정보(25.12월 기준).xlsx
2632,석촌고분역 2번 출구,송파구,백제고분로 275,37.50264359,127.09739685,"2020-01-17 00:00:00",,9.0,QR,공공자전거 대여소 정보(25.12월 기준).xlsx
2633,송파학사 옆,송파구,위례순환로 364,37.47817993,127.14710236,"2020-01-21 00:00:00",,20.0,QR,공공자전거 대여소 정보(25.12월 기준).xlsx
2634,위례포레샤인아파트 2318동,송파구,장지동 390-4,37.477211,127.13717651,"2020-01-21 00:00:00",,10.0,QR,공공자전거 대여소 정보(25.12월 기준).xlsx
2635,잠실새내역 1번출구,송파구,올림픽로 지하 140,37.51129532,127.08673859,"2020-01-16 00:00:00",,21.0,QR,공공자전거 대여소 정보(25.12월 기준).xlsx
2637,아시아지하보도 14번 출구,송파구,올림픽로 74,37.51146317,127.07881165,"2020-01-16 00:00:00",,15.0,QR,공공자전거 대여소 정보(25.12월 기준).xlsx
2639,석촌역 8번출구,송파구,송파구 석촌동 209,37.50550461,127.10657501,"2020-01-17 00:00:00",,18.0,QR,공공자전거 대여소 정보(25.12월 기준).xlsx
2641,송파역 4번출구,송파구,송파대로 345,37.50004959,127.11151123,"2020-01-20 00:00:00",,15.0,QR,공공자전거 대여소 정보(25.12월 기준).xlsx
2642,마천동 성내천 쉼터,송파구,성내천로 179,37.50149536,127.14778137,"2020-01-15 00:00:00",,12.0,QR,공공자전거 대여소 정보(25.12월 기준).xlsx
2643,풍납중학교 측면,송파구,풍납동460,37.52515793,127.11694336,"2020-01-21 00:00:00",,10.0,QR,공공자전거 대여소 정보(25.12월 기준).xlsx
2644,성내5교,송파구,동남로298,37.50166702,127.13774109,"2020-01-15 00:00:00",,10.0,QR,공공자전거 대여소 정보(25.12월 기준).xlsx
2645,잠실나들목2(엘스아파트136동),송파구,송파구 잠실동 18-1,37.51621246,127.08434296,"2020-01-16 00:00:00",,10.0,QR,공공자전거 대여소 정보(25.12월 기준).xlsx
2646,레이크펠리스101동앞,송파구,잠실로88,37.50775909,127.09129333,"2020-01-16 00:00:00",,15.0,QR,공공자전거 대여소 정보(25.12월 기준).xlsx
2647,잠실 자전거 수리센터 앞,송파구,송파구 잠실동 41,37.51156998,127.10107422,"2020-01-16 00:00:00",,7.0,QR,공공자전거 대여소 정보(25.12월 기준).xlsx
2648,헬리오시티 112동 앞,송파구,송파구 가락동 509-11,37.49469757,127.10464478,"2020-01-17 00:00:00",,30.0,QR,공공자전거 대여소 정보(25.12월 기준).xlsx
2649,오금공원사거리2,송파구,마천로103,37.50544357,127.13233185,"2020-01-15 00:00:00",,10.0,QR,공공자전거 대여소 정보(25.12월 기준).xlsx
2650,위례22단지 2208동 다리앞,송파구,위례광장로163,37.47854996,127.13813782,"2020-01-21 00:00:00",,7.0,QR,공공자전거 대여소 정보(25.12월 기준).xlsx
2651,경찰병원역 3번출구 앞,송파구,송파구 가락동 123,37.49612427,127.12480164,"2020-01-20 00:00:00",,20.0,QR,공공자전거 대여소 정보(25.12월 기준).xlsx
2652,송파 레미니스1단지 102동 앞,송파구,오금동 96,37.50883102,127.13426208,"2020-01-15 00:00:00",,41.0,QR,공공자전거 대여소 정보(25.12월 기준).xlsx
2653,올림픽공원사거리(선수촌아파트),송파구,양재대로 1218,37.51202011,127.12864685,"2020-01-15 00:00:00",,25.0,QR,공공자전거 대여소 정보(25.12월 기준).xlsx
2654,올림픽선수촌아파트 136동 앞,송파구,양재대로 1218,37.50997543,127.13369751,"2020-01-16 00:00:00",,10.0,QR,공공자전거 대여소 정보(25.12월 기준).xlsx
2655,송이공원,송파구,송파동 169,37.50057983,127.11884308,"2020-01-17 00:00:00",,20.0,QR,공공자전거 대여소 정보(25.12월 기준).xlsx
2656,풍납동 아이파크 107동 앞,송파구,올림픽로43길 34,37.52480316,127.11463928,"2020-06-08 00:00:00",,10.0,QR,공공자전거 대여소 정보(25.12월 기준).xlsx
2657,송파 파인타운 11단지,송파구,장지동 854-3,37.47916031,127.13219452,"2020-06-04 00:00:00",,10.0,QR,공공자전거 대여소 정보(25.12월 기준).xlsx
2658,가락몰 업무동,송파구,가락동 600,37.49535751,127.11569214,"2020-06-04 00:00:00",,10.0,QR,공공자전거 대여소 정보(25.12월 기준).xlsx
2659,서울친환경유통센터,송파구,가락동 600,37.49416733,127.10453033,"2020-06-04 00:00:00",,10.0,QR,공공자전거 대여소 정보(25.12월 기준).xlsx
2701,마곡나루역 5번출구 뒤편,강서구,강서구 마곡동 761-5,37.56520081,126.82731628,"2018-11-14 00:00:00",26.0,,LCD,공공자전거 대여소 정보(25.12월 기준).xlsx
2702,마곡 엠밸리2단지,강서구,강서구 마곡동 735-1,37.56917953,126.81944275,"2018-11-14 00:00:00",20.0,,LCD,공공자전거 대여소 정보(25.12월 기준).xlsx
2703,서울도시가스 앞,강서구,강서구 공항대로 607,37.54748535,126.87202454,"2020-03-16 00:00:00",,20.0,QR,공공자전거 대여소 정보(25.12월 기준).xlsx
2704,홈플러스(강서점),강서구,강서구 화곡로 398,37.55852127,126.85401154,"2020-03-16 00:00:00",,10.0,QR,공공자전거 대여소 정보(25.12월 기준).xlsx
2706,강서공업고등학교 앞,강서구,"강서구 방화대로47가길 22, 411동 앞",37.57631683,126.8164978,"2020-03-20 00:00:00",,13.0,QR,공공자전거 대여소 정보(25.12월 기준).xlsx
2707,한강아파트,강서구,강서구 허준로 23,37.57036972,126.84441376,"2020-03-20 00:00:00",,13.0,QR,공공자전거 대여소 정보(25.12월 기준).xlsx
2708,강서한강자이타워 앞,강서구,강서구 양천로 401,37.56468201,126.84890747,"2020-03-20 00:00:00",,15.0,QR,공공자전거 대여소 정보(25.12월 기준).xlsx
2709,강변아파트 310동 앞,강서구,강서구 가양동 1459-8,37.56458664,126.85691833,"2020-03-16 00:00:00",,20.0,QR,공공자전거 대여소 정보(25.12월 기준).xlsx
2710,라이품 공영주차장 앞,강서구,강서구 강서로 515,37.57131958,126.84166718,"2020-03-20 00:00:00",,30.0,QR,공공자전거 대여소 정보(25.12월 기준).xlsx
2711,가로공원공영주차장 1번 출구,강서구,강서구 가로공원로 193,37.53736115,126.83744812,"2020-03-18 00:00:00",,9.0,QR,공공자전거 대여소 정보(25.12월 기준).xlsx
2712,화곡터널입구교차로,강서구,강서구 가로공원로 238,37.53835678,126.84236145,"2020-03-17 00:00:00",,18.0,QR,공공자전거 대여소 정보(25.12월 기준).xlsx
2713,우장초등학교 앞,강서구,강서구 화곡로 263,37.54853439,126.84667206,"2020-03-17 00:00:00",,13.0,QR,공공자전거 대여소 정보(25.12월 기준).xlsx
2715,마곡나루역 2번 출구,강서구,강서구 마곡중앙5로 6,37.56692505,126.82743835,"2020-05-27 00:00:00",,25.0,QR,공공자전거 대여소 정보(25.12월 기준).xlsx
2716,롯데 R&D 센터,강서구,강서구 마곡동 301-2,37.57094193,126.82831573,"2020-03-13 00:00:00",,20.0,QR,공공자전거 대여소 정보(25.12월 기준).xlsx
2717,LG유플러스 마곡사옥,강서구,강서구 마곡중앙8로 71,37.56133652,126.83390045,"2020-03-15 00:00:00",,62.0,QR,공공자전거 대여소 정보(25.12월 기준).xlsx
2718,마곡수명산파크1단지,강서구,강서구 마곡동 728-148,37.55519104,126.83146667,"2020-03-17 00:00:00",,20.0,QR,공공자전거 대여소 정보(25.12월 기준).xlsx
2719,마곡문화공원,강서구,강서구 마곡중앙8로 20,37.56121063,126.83034515,"2020-03-16 00:00:00",,40.0,QR,공공자전거 대여소 정보(25.12월 기준).xlsx
2720,힐스테이트에코,강서구,강서구 마곡동 727-1120,37.55965805,126.8296051,"2020-03-16 00:00:00",,30.0,QR,공공자전거 대여소 정보(25.12월 기준).xlsx
2721,등촌1-10단지 교차로,강서구,강서구 강서로 419,37.56320572,126.8393631,"2020-03-15 00:00:00",,12.0,QR,공공자전거 대여소 정보(25.12월 기준).xlsx
2723,마곡 필네이처,강서구,강서구 마곡동 727-1190,37.56089401,126.83669281,"2020-03-16 00:00:00",,13.0,QR,공공자전거 대여소 정보(25.12월 기준).xlsx
2724,(재)FITI시험연구원,강서구,강서구 마곡동 727-211,37.56848526,126.83856964,"2020-03-20 00:00:00",,25.0,QR,공공자전거 대여소 정보(25.12월 기준).xlsx
2725,서울식물원 식물문화센터,강서구,강서구 마곡동 727-305,37.56883621,126.83563232,"2020-03-12 00:00:00",,20.0,QR,공공자전거 대여소 정보(25.12월 기준).xlsx
2727,서울식물원 잔디마당 앞,강서구,강서구 마곡동 727-558,37.5639267,126.8306427,"2020-03-15 00:00:00",,25.0,QR,공공자전거 대여소 정보(25.12월 기준).xlsx
2728,마곡나루역 3번 출구,강서구,강서구 마곡동 372-23,37.56580353,126.82807922,"2020-03-12 00:00:00",,55.0,QR,공공자전거 대여소 정보(25.12월 기준).xlsx
2729,넥센 유니버시티 앞,강서구,강서구 마곡동 301-2,37.56948471,126.82809448,"2020-03-13 00:00:00",,30.0,QR,공공자전거 대여소 정보(25.12월 기준).xlsx
2730,마곡메가박스 앞,강서구,강서구 마곡동 727-1179,37.55912781,126.83495331,"2020-03-15 00:00:00",,30.0,QR,공공자전거 대여소 정보(25.12월 기준).xlsx
2731,명덕고교,강서구,강서구 마곡동 728-46,37.55524063,126.8347168,"2020-03-16 00:00:00",,20.0,QR,공공자전거 대여소 정보(25.12월 기준).xlsx
2732,마곡수명산 1-2단지,강서구,강서구 마곡동 728-350,37.5553093,126.82985687,"2020-03-17 00:00:00",,14.0,QR,공공자전거 대여소 정보(25.12월 기준).xlsx
2733,마곡13단지 정문 앞,강서구,강서구 마곡동 730-417,37.5586319,126.81991577,"2020-03-20 00:00:00",,15.0,QR,공공자전거 대여소 정보(25.12월 기준).xlsx
2737,까치산역 3번 출구,강서구,강서로 45,37.53158951,126.84664154,"2020-03-21 00:00:00",,10.0,QR,공공자전거 대여소 정보(25.12월 기준).xlsx
2739,수명산파크1단지교차로,강서구,강서로47길 142,37.55363083,126.82861328,"2020-03-17 00:00:00",,20.0,QR,공공자전거 대여소 정보(25.12월 기준).xlsx
2740,마곡레포츠센터,강서구,양천로 251,37.57297516,126.83244324,"2020-03-20 00:00:00",,20.0,QR,공공자전거 대여소 정보(25.12월 기준).xlsx
2741,마곡수명산파크5-6단지,강서구,강서구 내발산동 751-1,37.55061722,126.82688141,"2020-03-17 00:00:00",,8.0,QR,공공자전거 대여소 정보(25.12월 기준).xlsx
2742,강서구민올림픽체육센터,강서구,화곡로65길 62,37.55990601,126.85042572,"2020-03-17 00:00:00",,10.0,QR,공공자전거 대여소 정보(25.12월 기준).xlsx
2744,강서세무서 앞,강서구,마곡서1로 60,37.56209183,126.82096863,"2020-05-27 00:00:00",,25.0,QR,공공자전거 대여소 정보(25.12월 기준).xlsx
2745,수명초등학교,강서구,수명로1길 84,37.5525589,126.82311249,"2020-05-28 00:00:00",,9.0,QR,공공자전거 대여소 정보(25.12월 기준).xlsx
2746,수명산파크 4단지 411동 앞,강서구,내발산동 751-6,37.55134964,126.82493591,"2020-06-18 00:00:00",,10.0,QR,공공자전거 대여소 정보(25.12월 기준).xlsx
2801,대륭포스트타워1차,구로구,구로구 디지털로31길 33-1,37.48437119,126.89542389,"2019-07-18 00:00:00",30.0,,LCD,공공자전거 대여소 정보(25.12월 기준).xlsx
2804,항동지구 6단지 602동 앞,구로구,구로구 항동 216-11,37.47737503,126.82001495,"2020-03-03 00:00:00",,10.0,QR,공공자전거 대여소 정보(25.12월 기준).xlsx
2805,구로자원순환센터,구로구,구로구 항동 216-11,37.48250961,126.82575989,"2020-02-27 00:00:00",,10.0,QR,공공자전거 대여소 정보(25.12월 기준).xlsx
2806,항동지구 4단지 입구,구로구,구로구 항동 82-9,37.48259735,126.82645416,"2020-02-27 00:00:00",,10.0,QR,공공자전거 대여소 정보(25.12월 기준).xlsx
2807,항동지구 1단지 105동 앞,구로구,구로구 항동 100-14,37.48062897,126.82181549,"2020-02-28 00:00:00",,10.0,QR,공공자전거 대여소 정보(25.12월 기준).xlsx
2808,항동지구 2단지 202동 앞,구로구,구로구 항동 113-1,37.48080826,126.82190704,"2020-02-28 00:00:00",,10.0,QR,공공자전거 대여소 정보(25.12월 기준).xlsx
2809,항동지구 11단지 1103동 앞,구로구,구로구 항동 169-1,37.47790527,126.82311249,"2020-03-02 00:00:00",,10.0,QR,공공자전거 대여소 정보(25.12월 기준).xlsx
2810,항동지구 3단지 311동 앞,구로구,구로구 항동 169-2,37.47793961,126.82327271,"2020-03-02 00:00:00",,10.0,QR,공공자전거 대여소 정보(25.12월 기준).xlsx
2812,항동프라자,구로구,구로구 항동 120-5,37.4798317,126.82275391,"2020-03-02 00:00:00",,15.0,QR,공공자전거 대여소 정보(25.12월 기준).xlsx
2813,항동지구 3단지 302동 앞,구로구,구로구 항동 135-26,37.47937012,126.82546997,"2020-03-03 00:00:00",,10.0,QR,공공자전거 대여소 정보(25.12월 기준).xlsx
2814,항동지구 10단지 1001동 앞,구로구,구로구 항동 135-11,37.47934341,126.82563782,"2020-03-03 00:00:00",,10.0,QR,공공자전거 대여소 정보(25.12월 기준).xlsx
2815,항동지구 7단지 정문,구로구,구로구 항동 207-1,37.47603607,126.81658936,"2020-03-02 00:00:00",,12.0,QR,공공자전거 대여소 정보(25.12월 기준).xlsx
2816,항동지구 8단지 803동옆(주차장입구),구로구,구로구 항동 220,37.47473145,126.81700897,"2020-03-02 00:00:00",,14.0,QR,공공자전거 대여소 정보(25.12월 기준).xlsx
2817,천왕이펜하우스5단지 앞,구로구,구로구 천왕동 277-4,37.47989655,126.84037018,"2020-02-27 00:00:00",,10.0,QR,공공자전거 대여소 정보(25.12월 기준).xlsx
2818,천왕이펜하우스3단지 앞,구로구,구로구 천왕동 277-4,37.48223877,126.83853149,"2020-02-27 00:00:00",,14.0,QR,공공자전거 대여소 정보(25.12월 기준).xlsx
2819,하늘숲초등학교 앞,구로구,구로구 천왕동 산13-1,37.48366547,126.84161377,"2020-02-27 00:00:00",,20.0,QR,공공자전거 대여소 정보(25.12월 기준).xlsx
2820,신세기아파트 앞,구로구,구로구 개봉동 412-52,37.49396515,126.8530426,"2020-03-03 00:00:00",,10.0,QR,공공자전거 대여소 정보(25.12월 기준).xlsx
2821,청구아파트 앞,구로구,구로구 고척동 50-65,37.50119019,126.86353302,"2020-03-09 00:00:00",,10.0,QR,공공자전거 대여소 정보(25.12월 기준).xlsx
2822,제니스스포츠 앞,구로구,구로구 고척동 60-42,37.50452042,126.87055206,"2020-03-09 00:00:00",,14.0,QR,공공자전거 대여소 정보(25.12월 기준).xlsx
2823,중앙유통단지 앞,구로구,구로구 구로동 635-32,37.49981308,126.87431335,"2020-03-09 00:00:00",,10.0,QR,공공자전거 대여소 정보(25.12월 기준).xlsx
2824,미래사랑어린이공원 앞,구로구,구로구 신도림동 314-2,37.51006317,126.88956451,"2020-03-04 00:00:00",,10.0,QR,공공자전거 대여소 정보(25.12월 기준).xlsx
2825,초롱타운 앞,구로구,구로구 구로동 467-62,37.49545288,126.88039398,"2020-03-03 00:00:00",,10.0,QR,공공자전거 대여소 정보(25.12월 기준).xlsx
2826,가마산지하보도 옆,구로구,구로구 구로동 390-157,37.48864746,126.88047028,"2020-03-03 00:00:00",,10.0,QR,공공자전거 대여소 정보(25.12월 기준).xlsx
2901,공릉동풍림아파트 101동,노원구,서울특별시 노원구 섬밭로 139 공릉풍림아파트,37.62981415,127.06650543,"2020-03-24 00:00:00",,8.0,QR,공공자전거 대여소 정보(25.12월 기준).xlsx
2902,공릉풍림아파트 108동,노원구,서울특별시 노원구 섬밭로 139 공릉풍림아파트,37.62862015,127.06690979,"2020-03-24 00:00:00",,12.0,QR,공공자전거 대여소 정보(25.12월 기준).xlsx
2903,월계초안아파트 1단지,노원구,서울특별시 노원구 덕릉로60타길 24,37.63372803,127.04436493,"2020-03-24 00:00:00",,10.0,QR,공공자전거 대여소 정보(25.12월 기준).xlsx
2904,중계3차청구아파트,노원구,서울특별시 노원구 중계로 233 청구3차아파트,37.65050507,127.07398224,"2020-03-24 00:00:00",,8.0,QR,공공자전거 대여소 정보(25.12월 기준).xlsx
2907,월계중학교,노원구,서울특별시 노원구 초안산로 29 신계초등학교,37.63074875,127.05310822,"2020-03-24 00:00:00",,15.0,QR,공공자전거 대여소 정보(25.12월 기준).xlsx
2908,광운대학교 중앙도서관,노원구,서울특별시 노원구 광운로 20 광운대학교,37.62000275,127.05856323,"2020-03-24 00:00:00",,20.0,QR,공공자전거 대여소 정보(25.12월 기준).xlsx
2909,석계역 3번 출구,노원구,서울특별시 노원구 화랑로 351-2 구두수선대196,37.61545944,127.06745148,"2020-03-25 00:00:00",,13.0,QR,공공자전거 대여소 정보(25.12월 기준).xlsx
2910,도깨비시장,노원구,서울특별시 노원구 동일로 1028 한의학명가,37.62186432,127.0740509,"2020-03-25 00:00:00",,10.0,QR,공공자전거 대여소 정보(25.12월 기준).xlsx
2911,상계역중앙시장,노원구,서울특별시 노원구 한글비석로 389-2 가로판매대,37.6588707,127.07191467,"2020-03-23 00:00:00",,7.0,QR,공공자전거 대여소 정보(25.12월 기준).xlsx
2912,대진고등학교,노원구,서울특별시 노원구 한글비석로 97,37.63815689,127.07326508,"2020-03-23 00:00:00",,20.0,QR,공공자전거 대여소 정보(25.12월 기준).xlsx
2913,상계8동 주민센터,노원구,서울특별시 노원구 동일로227길 85 상계주공11단지아파트,37.66712952,127.05176544,"2020-03-23 00:00:00",,17.0,QR,공공자전거 대여소 정보(25.12월 기준).xlsx
2914,서울과학기술대학교(미래관),노원구,서울특별시 노원구 노원로 75 한국원자력의학원,37.62950897,127.08103943,"2020-06-10 00:00:00",,10.0,QR,공공자전거 대여소 정보(25.12월 기준).xlsx
2915,서울과학기술대학교(어학교육원),노원구,서울특별시 노원구 공릉로58길 130 서울과학기술대학교 생활관,37.63489914,127.07767487,"2020-03-24 00:00:00",,35.0,QR,공공자전거 대여소 정보(25.12월 기준).xlsx
2917,신창중학교 후문 맞은편 버스정류장,노원구,서울특별시 노원구 월계동 855-26,37.62807083,127.04692078,"2020-03-30 00:00:00",,10.0,QR,공공자전거 대여소 정보(25.12월 기준).xlsx
2919,등나무 근린공원(시립북서울미술관 앞),노원구,서울특별시 노원구 동일로 1231-2 가로판매대173,37.64020538,127.06761932,"2020-03-23 00:00:00",,16.0,QR,공공자전거 대여소 정보(25.12월 기준).xlsx
2920,상계중학교(당현2교사거리),노원구,서울특별시 노원구 상계동 225-5,37.65103531,127.06871033,"2020-03-23 00:00:00",,14.0,QR,공공자전거 대여소 정보(25.12월 기준).xlsx
2921,중계역 2번출구,노원구,노원구 중계동 514-6,37.64587021,127.06562042,"2020-03-26 00:00:00",,10.0,QR,공공자전거 대여소 정보(25.12월 기준).xlsx
3002,벽산상암스마트큐브,마포구,마포구 성산동 593-1,37.5650444,126.9036026,"2020-04-06 00:00:00",,10.0,QR,공공자전거 대여소 정보(25.12월 기준).xlsx
3003,래미안신공덕3차아파트,마포구,마포구 공덕동 457,37.54554749,126.95679474,"2020-04-02 00:00:00",,5.0,QR,공공자전거 대여소 정보(25.12월 기준).xlsx
3005,마포구청 청사내,마포구,마포구 월드컵로 212,37.56624603,126.90218353,"2020-04-02 00:00:00",,10.0,QR,공공자전거 대여소 정보(25.12월 기준).xlsx
3006,상암월드컵파크5단지(상암중학교),마포구,마포구 상암동 1727,37.57948685,126.88739014,"2020-04-06 00:00:00",,10.0,QR,공공자전거 대여소 정보(25.12월 기준).xlsx
3007,MBC 앞,마포구,마포구 상암동 1704,37.58194733,126.89029694,"2020-04-06 00:00:00",,10.0,QR,공공자전거 대여소 정보(25.12월 기준).xlsx
3008,DMC역7번출구,마포구,마포구 상암동 1133,37.57711411,126.89836121,"2020-04-06 00:00:00",,10.0,QR,공공자전거 대여소 정보(25.12월 기준).xlsx
3009,홍대입구역 사거리,마포구,마포구 서교동 418,37.55583954,126.92043304,"2020-04-12 00:00:00",,10.0,QR,공공자전거 대여소 정보(25.12월 기준).xlsx
3010,홍대입구역 3번출구,마포구,마포구 동교동 155-27,37.5582962,126.92538452,"2020-04-12 00:00:00",,15.0,QR,공공자전거 대여소 정보(25.12월 기준).xlsx
3013,서울지방고용노동청 앞,중구,서울특별시 중구 삼일대로 363 장교빌딩,37.56760406,126.98725891,"2020-10-29 00:00:00",,10.0,QR,공공자전거 대여소 정보(25.12월 기준).xlsx
3100,북성초교,서대문구,서울특별시 서대문구 신촌로 235-1,37.55739594,126.9521637,"2017-11-01 16:00:00",8.0,,LCD,공공자전거 대여소 정보(25.12월 기준).xlsx
3101,서대문구청,서대문구,서울특별시 서대문구 연희로 242,37.57838058,126.93609619,"2017-11-01 16:00:00",15.0,,LCD,공공자전거 대여소 정보(25.12월 기준).xlsx
3102,연희삼거리,서대문구,서울특별시 서대문구 연희로 113,37.56799698,126.93165588,"2017-11-01 16:00:00",10.0,,LCD,공공자전거 대여소 정보(25.12월 기준).xlsx
3103,홍제삼거리 북측,서대문구,서대문구 홍제동 161-1,37.58670044,126.94676971,"2018-10-12 00:00:00",8.0,,LCD,공공자전거 대여소 정보(25.12월 기준).xlsx
3104,e편한세상 신촌4단지 앞,서대문구,북아현동 251-71,37.55812836,126.95620728,"2018-10-12 00:00:00",13.0,,LCD,공공자전거 대여소 정보(25.12월 기준).xlsx
3105,홍은센트레빌 아파트 앞,서대문구,서대문구 홍은동 164-44,37.5971489,126.93852997,"2018-10-18 00:00:00",9.0,,LCD,공공자전거 대여소 정보(25.12월 기준).xlsx
3109,북한산더? 106동 앞,서대문구,홍은동 137-8,37.59293365,126.94129181,"2020-04-09 00:00:00",,10.0,QR,공공자전거 대여소 정보(25.12월 기준).xlsx
3110,홍은 현대아이파크 아파트 202동 앞,서대문구,홍은동 202-6,37.58928299,126.93694305,"2020-04-09 00:00:00",,15.0,QR,공공자전거 대여소 정보(25.12월 기준).xlsx
3111,무악재역 4번 출구,서대문구,홍제동 25-1,37.58221054,126.95016479,"2020-04-10 00:00:00",,10.0,QR,공공자전거 대여소 정보(25.12월 기준).xlsx
3113,독립문 앞,서대문구,현저동 935,37.57220459,126.95974731,"2020-02-11 00:00:00",,15.0,QR,공공자전거 대여소 정보(25.12월 기준).xlsx
3114,충정로역 3번 출구,서대문구,합동 31-16,37.56046295,126.96552277,"2020-04-12 00:00:00",,7.0,QR,공공자전거 대여소 정보(25.12월 기준).xlsx
3115,북아현 치안센터 인근,서대문구,북아현동 251-73,37.56145477,126.95574951,"2020-05-12 00:00:00",,20.0,QR,공공자전거 대여소 정보(25.12월 기준).xlsx
3116,신촌역 4번출구,서대문구,창천동 30-16,37.55550385,126.93720245,"2020-04-05 00:00:00",,10.0,QR,공공자전거 대여소 정보(25.12월 기준).xlsx
3117,이화여대 인문관 인근,서대문구,대신동 143-14,37.56406784,126.94532776,"2020-04-12 00:00:00",,10.0,QR,공공자전거 대여소 정보(25.12월 기준).xlsx
3119,연희 브라운스톤 아파트 앞,서대문구,연희동 209-2,37.56519699,126.92985535,"2020-04-10 00:00:00",,10.0,QR,공공자전거 대여소 정보(25.12월 기준).xlsx
3120,DMC엘가아파트 앞,서대문구,남가좌동 105-4,37.56983566,126.91809082,"2020-04-08 00:00:00",,12.0,QR,공공자전거 대여소 정보(25.12월 기준).xlsx
3121,가좌삼거리,서대문구,북가좌동 487-1,37.57065201,126.91298676,"2020-04-08 00:00:00",,15.0,QR,공공자전거 대여소 정보(25.12월 기준).xlsx
3122,북가좌삼거리2,서대문구,북가좌동474-1,37.5742836,126.90646362,"2020-04-08 00:00:00",,20.0,QR,공공자전거 대여소 정보(25.12월 기준).xlsx
3123,DMC파크뷰자이1단지 110동 앞,서대문구,남가좌동 385-13,37.5723877,126.91510773,"2020-05-04 00:00:00",,30.0,QR,공공자전거 대여소 정보(25.12월 기준).xlsx
3125,연희파크푸르지오아파트 앞,서대문구,연희동 736,37.57564163,126.92782593,"2020-04-10 00:00:00",,20.0,QR,공공자전거 대여소 정보(25.12월 기준).xlsx
3127,홍은2파출소 옆,서대문구,서대문구 홍은동424-1,37.58333588,126.93628693,"2020-04-09 00:00:00",,10.0,QR,공공자전거 대여소 정보(25.12월 기준).xlsx
3128,동신병원 맞은편,서대문구,서대문구 홍은동274-18,37.5813179,126.93599701,"2020-04-10 00:00:00",,7.0,QR,공공자전거 대여소 정보(25.12월 기준).xlsx
3129,DMC래미안e편한세상203동옆,서대문구,서대문구 북가좌동477-1,37.57626343,126.91132355,"2020-04-22 00:00:00",,20.0,QR,공공자전거 대여소 정보(25.12월 기준).xlsx
3130,가재울사거리,서대문구,서대문구 남가좌동385-16,37.57456207,126.91799164,"2020-05-04 00:00:00",,20.0,QR,공공자전거 대여소 정보(25.12월 기준).xlsx
3131,연가교 교차로,서대문구,서대문구 남가좌동 385-6,37.57215881,126.92118835,"2020-05-04 00:00:00",,15.0,QR,공공자전거 대여소 정보(25.12월 기준).xlsx
3132,홍제교,서대문구,서대문구 홍제동394-46,37.59186172,126.94421387,"2020-04-09 00:00:00",,10.0,QR,공공자전거 대여소 정보(25.12월 기준).xlsx
3134,SK리쳄블(상수도사업본부),서대문구,서대문구 합동 17-3,37.56131744,126.96658325,"2020-04-12 00:00:00",,10.0,QR,공공자전거 대여소 정보(25.12월 기준).xlsx
3201,당산skv1센터,영등포구,영등포구 당산로41길 11,37.53073502,126.89916992,"2020-03-05 00:00:00",,9.0,QR,공공자전거 대여소 정보(25.12월 기준).xlsx
3202,당산롯데캐슬프레스티지,영등포구,영등포구 영신로 237,37.52869034,126.903862,"2020-03-05 00:00:00",,15.0,QR,공공자전거 대여소 정보(25.12월 기준).xlsx
3203,도림동배드민턴체육관,영등포구,영등포구 도림동 276-2,37.50611496,126.89859009,"2020-03-04 00:00:00",,10.0,QR,공공자전거 대여소 정보(25.12월 기준).xlsx
3204,도림고가도로 밑,영등포구,영등포구 도림동 187-68,37.51124191,126.89818573,"2020-03-16 00:00:00",,10.0,QR,공공자전거 대여소 정보(25.12월 기준).xlsx
3205,문래현대2차,영등포구,영등포구 선유서로13길 6,37.5202179,126.882164,"2020-03-04 00:00:00",,10.0,QR,공공자전거 대여소 정보(25.12월 기준).xlsx
3206,문래동 주민센터,영등포구,영등포구 문래동3가 55-6,37.51707077,126.899086,"2020-03-04 00:00:00",,15.0,QR,공공자전거 대여소 정보(25.12월 기준).xlsx
3207,양남사거리1,영등포구,영등포구 양평동1가 19-2,37.5218277,126.88972473,"2021-06-15 00:00:00",,12.0,QR,공공자전거 대여소 정보(25.12월 기준).xlsx
3211,신길 래미안 프레비뉴,영등포구,영등포구 가마산로 442,37.50438309,126.90808868,"2020-03-04 00:00:00",,15.0,QR,공공자전거 대여소 정보(25.12월 기준).xlsx
3212,신풍역 6번출구,영등포구,영등포구 신풍로 43,37.50017166,126.91130829,"2020-03-03 00:00:00",,10.0,QR,공공자전거 대여소 정보(25.12월 기준).xlsx
3214,영등포 푸르지오 아파트 A,영등포구,도신로29길 28,37.51202393,126.90105438,"2020-03-04 00:00:00",,10.0,QR,공공자전거 대여소 정보(25.12월 기준).xlsx
3215,강변삼성래미안,영등포구,영등포구 버드나루로 130,37.52974319,126.90782928,"2020-03-05 00:00:00",,15.0,QR,공공자전거 대여소 정보(25.12월 기준).xlsx
3219,영등포역 1번출구,영등포구,청구로 64,37.5148468,126.9077301,"2020-03-04 00:00:00",,10.0,QR,공공자전거 대여소 정보(25.12월 기준).xlsx
3220,래미안에스티움 앞 (신풍로),영등포구,신풍로77(GS25),37.50013733,126.91397858,"2020-03-03 00:00:00",,20.0,QR,공공자전거 대여소 정보(25.12월 기준).xlsx
3221,서울특별시 남부교육지원청,영등포구,영등포구 문래로121,37.51933289,126.89530182,"2020-03-04 00:00:00",,10.0,QR,공공자전거 대여소 정보(25.12월 기준).xlsx
3305,낙성대역 8번 출구,관악구,남부순환로 1939,37.47677612,126.96486664,"2020-04-29 00:00:00",,10.0,QR,공공자전거 대여소 정보(25.12월 기준).xlsx
3310,영락고등학교,관악구,청룡16길 25,37.47662735,126.94364166,"2020-04-28 00:00:00",,15.0,QR,공공자전거 대여소 정보(25.12월 기준).xlsx
3311,서울대입구역 4번 출구,관악구,참숯5길 7,37.48122025,126.95157623,"2020-04-30 00:00:00",,12.0,QR,공공자전거 대여소 정보(25.12월 기준).xlsx
3401,창신두산아파트,종로구,서울특별시 종로구 지봉로5길 7 두산아파트,37.57376099,127.0139389,"2020-06-11 00:00:00",,10.0,QR,공공자전거 대여소 정보(25.12월 기준).xlsx
3402,이화공영주차장,종로구,서울특별시 종로구 이화동 13-2,37.57660675,127.00556946,"2020-04-19 00:00:00",,10.0,QR,공공자전거 대여소 정보(25.12월 기준).xlsx
3404,서울특별시 중부교육지원청,종로구,서울특별시 종로구 대학로 8 수도빌딩,37.57185364,127.00235748,"2020-02-03 00:00:00",,9.0,QR,공공자전거 대여소 정보(25.12월 기준).xlsx
3405,파크팰리스,종로구,서울특별시 종로구 사직로8길 20 경희궁 파크팰리스,37.57455063,126.97055054,"2020-02-11 00:00:00",,10.0,QR,공공자전거 대여소 정보(25.12월 기준).xlsx
3407,안국동사거리(신),종로구,서울특별시 종로구 안국동 175-92,37.57580566,126.98339081,"2020-02-10 00:00:00",,18.0,QR,공공자전거 대여소 정보(25.12월 기준).xlsx
3408,종로타워빌딩,종로구,서울특별시 종로구 공평동 70-4,37.57070541,126.98323822,"2020-02-10 00:00:00",,13.0,QR,공공자전거 대여소 정보(25.12월 기준).xlsx
3410,종로3가역 8번출구,종로구,서울특별시 종로구 돈화문로10길 2,37.5724678,126.99188995,"2020-02-11 00:00:00",,10.0,QR,공공자전거 대여소 정보(25.12월 기준).xlsx
3411,종묘,종로구,서울특별시 종로구 종로 153-2 가로판매대,37.57072067,126.99437714,"2020-02-10 00:00:00",,10.0,QR,공공자전거 대여소 정보(25.12월 기준).xlsx
3412,세운상가,종로구,서울특별시 종로구 종로 152,37.5703125,126.99454498,"2020-02-11 00:00:00",,15.0,QR,공공자전거 대여소 정보(25.12월 기준).xlsx
3413,종로플레이스,종로구,서울특별시 종로구 창경궁로 120 종로플레이스,37.57320023,126.99796295,"2020-02-04 00:00:00",,22.0,QR,공공자전거 대여소 정보(25.12월 기준).xlsx
3414,종로5가역 4번출구,종로구,서울특별시 종로구 종로5가 79-2,37.57117462,127.00222778,"2020-02-11 00:00:00",,10.0,QR,공공자전거 대여소 정보(25.12월 기준).xlsx
3415,동대문역6번출구,종로구,서울특별시 종로구 종로 302 1호선 동대문역,37.57146072,127.01078796,"2020-02-26 00:00:00",,15.0,QR,공공자전거 대여소 정보(25.12월 기준).xlsx
3416,동묘앞역 6번출구,종로구,서울특별시 종로구 창신동 397-6,37.5715332,127.01561737,"2020-02-04 00:00:00",,15.0,QR,공공자전거 대여소 정보(25.12월 기준).xlsx
3417,창신3동주민센터,종로구,서울특별시 종로구 창신동 23-825,37.57772446,127.01525116,"2020-02-03 00:00:00",,12.0,QR,공공자전거 대여소 정보(25.12월 기준).xlsx
3418,창신역2번 출구,종로구,서울특별시 종로구 창신동 1-105,37.57998657,127.01506042,"2020-02-03 00:00:00",,10.0,QR,공공자전거 대여소 정보(25.12월 기준).xlsx
3419,국립어린이과학관,종로구,서울특별시 종로구 와룡동 2-85,37.58194733,126.99736786,"2020-02-10 00:00:00",,14.0,QR,공공자전거 대여소 정보(25.12월 기준).xlsx
3420,성균관대입구 사거리 B,종로구,서울특별시 종로구 명륜2가 197-4,37.58327484,126.99885559,"2020-02-04 00:00:00",,10.0,QR,공공자전거 대여소 정보(25.12월 기준).xlsx
3421,혜화역 1번출구,종로구,서울특별시 종로구 대학로 144 중원빌딩,37.58385468,127.00185394,"2020-02-04 00:00:00",,10.0,QR,공공자전거 대여소 정보(25.12월 기준).xlsx
3422,성균관대 정문,종로구,서울특별시 종로구 명륜2가 133,37.58479691,126.99713135,"2020-02-04 00:00:00",,23.0,QR,공공자전거 대여소 정보(25.12월 기준).xlsx
3425,광화문 풍림스페이스본 1단지앞,종로구,서울특별시 종로구 사직동 9-2,37.57529068,126.96895599,"2020-05-04 00:00:00",,7.0,QR,공공자전거 대여소 정보(25.12월 기준).xlsx
3426,독립문역 2번출구 뒤,종로구,서울특별시 종로구 무악동 32-3,37.57501602,126.95755005,"2020-02-11 00:00:00",,10.0,QR,공공자전거 대여소 정보(25.12월 기준).xlsx
3427,인왕산 아이파크 정문,종로구,서울특별시 종로구 무악동 60-5,37.57666779,126.95584869,"2020-02-13 00:00:00",,8.0,QR,공공자전거 대여소 정보(25.12월 기준).xlsx
3428,서울미술관,종로구,서울특별시 종로구 부암동 202-1,37.59512711,126.96349335,"2020-02-13 00:00:00",,10.0,QR,공공자전거 대여소 정보(25.12월 기준).xlsx
3429,HW컨벤션센터 앞,종로구,서울특별시 종로구 부암동 134-2,37.59725952,126.96308899,"2020-02-13 00:00:00",,10.0,QR,공공자전거 대여소 정보(25.12월 기준).xlsx
3431,로제우스 레포츠센터,종로구,서울특별시 종로구 구기동 110-22,37.60760117,126.95768738,"2020-02-13 00:00:00",,10.0,QR,공공자전거 대여소 정보(25.12월 기준).xlsx
3432,종로2가 사거리,종로구,서울특별시 종로구 종로 98 와이.비.엠 종로빌딩,37.57001877,126.98880768,"2020-02-10 00:00:00",,15.0,QR,공공자전거 대여소 정보(25.12월 기준).xlsx
3500,군자역2번출구,광진구,서울특별시 광진구 능동로 313 군자역2번출구,37.55758667,127.07969666,"2017-11-01 10:28:27",7.0,,LCD,공공자전거 대여소 정보(25.12월 기준).xlsx
3501,광진구청 앞,광진구,서울특별시 광진구 자양로 131 광진구청 앞,37.53950119,127.08300018,"2017-11-01 12:11:05",10.0,,LCD,공공자전거 대여소 정보(25.12월 기준).xlsx
3502,중곡역 1번출구,광진구,서울특별시 광진구 능동로 지하 417 중곡역 1번출구 앞,37.56565857,127.08429718,"2017-11-01 12:12:59",,18.0,QR,공공자전거 대여소 정보(25.12월 기준).xlsx
3503,광진유진스웰,광진구,서울특별시 광진구 아차산로78길 7 광진유진스웰,37.55048752,127.10895538,"2017-11-01 12:14:45",14.0,,LCD,공공자전거 대여소 정보(25.12월 기준).xlsx
3504,원일교회,광진구,서울특별시 광진구 아차산로 304 원일교회,37.53805161,127.07659912,"2017-11-01 12:39:43",8.0,,LCD,공공자전거 대여소 정보(25.12월 기준).xlsx
3505,신양초교앞 교차로,광진구,서울특별시 광진구 능동로 42 신양초교앞 교차로,37.5352211,127.06839752,"2017-11-01 12:40:55",12.0,,LCD,공공자전거 대여소 정보(25.12월 기준).xlsx
3506,영동대교 북단,광진구,서울특별시 광진구 자양동 203-22 영동대교 북단,37.53701401,127.06109619,"2017-11-01 16:00:00",10.0,,LCD,공공자전거 대여소 정보(25.12월 기준).xlsx
3507,어린이회관,광진구,서울특별시 광진구 능동 465-7 어린이회관,37.54595184,127.07800293,"2017-11-01 16:00:00",25.0,,LCD,공공자전거 대여소 정보(25.12월 기준).xlsx
3508,화양사거리,광진구,서울특별시 광진구 화양동 21-6 화양사거리,37.54822159,127.06787872,"2017-11-01 16:00:00",,7.0,QR,공공자전거 대여소 정보(25.12월 기준).xlsx
3509,세종사이버대학교,광진구,서울특별시 광진구 군자동 111-2 세종사이버대학교,37.55341721,127.07319641,"2017-11-01 16:00:00",,20.0,QR,공공자전거 대여소 정보(25.12월 기준).xlsx
3510,중곡SK아파트앞,광진구,서울특별시 광진구 용마산로32길 32 중곡SK아파트앞,37.56864929,127.08625031,"2018-03-23 14:03:28",10.0,,LCD,공공자전거 대여소 정보(25.12월 기준).xlsx
3511,응봉역 1번출구,성동구,서울특별시 성동구 고산자로 123 응봉동 3-10,37.55125046,127.03510284,"2017-11-01 16:00:00",10.0,,LCD,공공자전거 대여소 정보(25.12월 기준).xlsx
3513,상왕십리역 1번출구,성동구,서울특별시 성동구 하왕십리동 860-1 상왕십리역 1번출구,37.56460953,127.02919769,"2017-11-01 16:00:00",15.0,,LCD,공공자전거 대여소 정보(25.12월 기준).xlsx
3514,왕십리교회옆,성동구,서울특별시 성동구 상왕십리동 350-1 왕십리교회옆,37.56626129,127.0236969,"2017-11-01 16:00:00",10.0,,LCD,공공자전거 대여소 정보(25.12월 기준).xlsx
3515,서울숲 관리사무소,성동구,서울특별시 성동구 성수동1가 678-1 서울숲 관리사무소,37.54281616,127.04208374,"2017-11-01 16:00:00",20.0,,LCD,공공자전거 대여소 정보(25.12월 기준).xlsx
3516,구의아리수정수센터앞,광진구,서울특별시 광진구 광나루로 571 구의아리수정수센터앞,37.54370499,127.09324646,"2017-11-28 10:35:40",15.0,,LCD,공공자전거 대여소 정보(25.12월 기준).xlsx
3517,용마사거리,광진구,서울특별시 광진구 능동로 373 용마사거리,37.5625267,127.08227539,"2017-11-28 10:24:44",10.0,,LCD,공공자전거 대여소 정보(25.12월 기준).xlsx
3518,군자역 7번출구뒤,광진구,서울특별시 광진구 천호대로 지하 550 군자역 7번출구 뒤,37.55686188,127.07913971,"2017-11-28 10:22:49",8.0,,LCD,공공자전거 대여소 정보(25.12월 기준).xlsx
3521,현대홈타운 뒷길,광진구,서울특별시 광진구 아차산로69길 29 현대홈타운 뒷길,37.54342651,127.09661865,"2018-02-26 10:58:38",10.0,,LCD,공공자전거 대여소 정보(25.12월 기준).xlsx
3523,건국대학교 과학관(이과대) 앞,광진구,서울특별시 광진구 능동로 120 건국대학교 과학관(이과대) 앞,37.54171753,127.08016968,"2018-04-16 14:09:21",10.0,,LCD,공공자전거 대여소 정보(25.12월 기준).xlsx
3525,금호스포츠센터앞,성동구,서울특별시 성동구 금호로 30 독서당 인문아카데미센터,37.54608917,127.02507019,"2018-10-24 00:00:00",15.0,,LCD,공공자전거 대여소 정보(25.12월 기준).xlsx
3527,왕십리 자이아파트(101동 앞),성동구,서울특별시 성동구 난계로 100 왕십리 자이아파트 103동 인근,37.56179047,127.02439117,"2018-10-24 00:00:00",5.0,,LCD,공공자전거 대여소 정보(25.12월 기준).xlsx
3528,광진정보도서관,광진구,서울특별시 광진구 아차산로78길 90 광진정보도서관,37.55059814,127.11051178,"2018-10-29 00:00:00",8.0,,LCD,공공자전거 대여소 정보(25.12월 기준).xlsx
3529,어린이대공원정문,광진구,서울특별시 광진구 능동로 216 어린이대공원정문,37.54978943,127.07592773,"2018-10-31 00:00:00",15.0,,LCD,공공자전거 대여소 정보(25.12월 기준).xlsx
3530,왕십리자이아파트 후문(삼거리),성동구,서울특별시 성동구 무학봉길 35 왕십리자이아파트 후문(삼거리),37.56014633,127.02635956,"2018-10-24 00:00:00",10.0,,LCD,공공자전거 대여소 정보(25.12월 기준).xlsx
3531,논골사거리(금호도서관 입구),성동구,서울특별시 성동구 난계로 20 논골사거리(금호도서관 입구),37.55477905,127.02484131,"2018-10-24 00:00:00",10.0,,LCD,공공자전거 대여소 정보(25.12월 기준).xlsx
3532,왕십리KCC스위첸아파트,성동구,서울특별시 성동구 무학봉길 35 왕십리KCC스위첸아파트,37.56068039,127.02677917,"2018-10-24 00:00:00",9.0,,LCD,공공자전거 대여소 정보(25.12월 기준).xlsx
3533,건대입구역 사거리(롯데백화점),광진구,서울특별시 광진구 능동로 92 건대입구역 사거리(롯데백화점),37.53913879,127.07061768,"2018-10-29 00:00:00",10.0,,LCD,공공자전거 대여소 정보(25.12월 기준).xlsx
3534,건대입구역 5번출구 뒤,광진구,서울특별시 광진구 아차산로 236 건대입구역 5번출구 뒤,37.5401268,127.06949615,"2018-10-29 00:00:00",12.0,,LCD,공공자전거 대여소 정보(25.12월 기준).xlsx
3536,중앙농협(자양동),광진구,서울특별시 광진구 뚝섬로 639 중앙농협(자양동),37.53181076,127.08074188,"2018-10-29 00:00:00",10.0,,LCD,공공자전거 대여소 정보(25.12월 기준).xlsx
3537,아차산 휴먼시아 아파트 옆,광진구,서울특별시 광진구 천호대로 716 아차산 휴먼시아 아파트 옆,37.54848862,127.09375763,"2018-10-29 00:00:00",15.0,,LCD,공공자전거 대여소 정보(25.12월 기준).xlsx
3539,서원마을,강동구,암사동 117-3,37.56379318,127.13283539,"2018-11-14 00:00:00",10.0,,LCD,공공자전거 대여소 정보(25.12월 기준).xlsx
3542,래미안 구의파크 스위트,광진구,서울특별시 광진구 광나루로 545 래미안파크스위트,37.5450058,127.09003448,"2018-11-14 00:00:00",17.0,,LCD,공공자전거 대여소 정보(25.12월 기준).xlsx
3543,세종대학교(학술정보원),광진구,서울특별시 광진구 능동로 209 세종대학교,37.55137253,127.07444,"2019-12-16 00:00:00",15.0,,LCD,공공자전거 대여소 정보(25.12월 기준).xlsx
3544,한양대역 3번 출구,성동구,서울특별시 성동구 왕십리로 190-1 디자인노점,37.55453873,127.04377747,"2020-04-13 00:00:00",,10.0,QR,공공자전거 대여소 정보(25.12월 기준).xlsx
3545,한양대역 1번출구,성동구,서울특별시 성동구 행당동 33,37.55657959,127.04335785,"2020-04-13 00:00:00",,10.0,QR,공공자전거 대여소 정보(25.12월 기준).xlsx
3547,상왕십리역 6번 출입구,성동구,서울특별시 성동구 하왕십리동 903-1,37.56438065,127.02886963,"2020-04-14 00:00:00",,12.0,QR,공공자전거 대여소 정보(25.12월 기준).xlsx
3548,뚝섬역 6번출구,성동구,서울특별시 성동구 뚝섬로1길 63 영창디지털타워,37.54695892,127.04766846,"2020-06-05 00:00:00",,10.0,QR,공공자전거 대여소 정보(25.12월 기준).xlsx
3549,건영아파트 앞,성동구,서울특별시 성동구 동일로 265 건영아파트상가,37.55514145,127.07110596,"2020-05-11 00:00:00",,9.0,QR,공공자전거 대여소 정보(25.12월 기준).xlsx
3550,금호나들목,성동구,서울특별시 성동구 금호로 15 서울숲푸르지오아파트,37.54404068,127.02320099,"2020-04-16 00:00:00",,20.0,QR,공공자전거 대여소 정보(25.12월 기준).xlsx
3551,성동도로사업소,성동구,서울특별시 성동구 자동차시장길 11 대승모터스,37.55979919,127.05632782,"2020-04-14 00:00:00",,10.0,QR,공공자전거 대여소 정보(25.12월 기준).xlsx
3552,서울숲 공영주차장앞,성동구,서울특별시 성동구 성수동1가 719,37.54195786,127.04277039,"2020-04-13 00:00:00",,19.0,QR,공공자전거 대여소 정보(25.12월 기준).xlsx
3553,마장역3번출구,성동구,서울특별시 성동구 마장로 302,37.565979,127.04311371,"2020-04-14 00:00:00",,10.0,QR,공공자전거 대여소 정보(25.12월 기준).xlsx
3555,양지사거리(센트라스APT 115동앞),성동구,서울특별시 성동구 왕십리로 410 센트라스,37.56681824,127.02915192,"2020-04-14 00:00:00",,10.0,QR,공공자전거 대여소 정보(25.12월 기준).xlsx
3556,신금호파크자이APT앞,성동구,서울특별시 성동구 금호동2가 1-5,37.55610657,127.01978302,"2020-04-15 00:00:00",,10.0,QR,공공자전거 대여소 정보(25.12월 기준).xlsx
3557,서울숲리버뷰자이APT105동 앞,성동구,서울특별시 성동구 행당동 379-1,37.55653,127.03913116,"2020-04-13 00:00:00",,8.0,QR,공공자전거 대여소 정보(25.12월 기준).xlsx
3558,마장동 금호어울림APT앞,성동구,서울특별시 성동구 마장동 336-11,37.56339645,127.04187012,"2020-04-14 00:00:00",,10.0,QR,공공자전거 대여소 정보(25.12월 기준).xlsx
3559,성동구민종합체육센터 앞,성동구,서울특별시 성동구 성수동1가 685-632,37.54590988,127.04460144,"2020-04-13 00:00:00",,10.0,QR,공공자전거 대여소 정보(25.12월 기준).xlsx
3560,성동구 견인차량 보관소 앞,성동구,서울특별시 성동구 천호대로78길 9,37.56370926,127.05644989,"2020-04-14 00:00:00",,22.0,QR,공공자전거 대여소 정보(25.12월 기준).xlsx
3561,행당동 삼부APT후문,성동구,서울특별시 성동구 왕십리로 278-17 행당동삼부아파트상가,37.55926895,127.03839874,"2020-04-14 00:00:00",,10.0,QR,공공자전거 대여소 정보(25.12월 기준).xlsx
3563,구의7단지현대아파트,광진구,서울특별시 광진구 구의강변로3가길 33 구의7단지조합현대아파트,37.53680038,127.09083557,"2020-06-09 00:00:00",,5.0,QR,공공자전거 대여소 정보(25.12월 기준).xlsx
3566,우성4차아파트,광진구,서울특별시 광진구 자양동 712,37.53507233,127.07611084,"2020-04-14 00:00:00",,10.0,QR,공공자전거 대여소 정보(25.12월 기준).xlsx
3569,건대병원후문,광진구,서울특별시 광진구 화양동 4-1,37.53956604,127.0724411,"2020-05-07 00:00:00",,12.0,QR,공공자전거 대여소 정보(25.12월 기준).xlsx
3570,구의역 리버비스타 오피스텔,광진구,서울특별시 광진구 아차산로 417,37.53809738,127.08901978,"2020-04-14 00:00:00",,10.0,QR,공공자전거 대여소 정보(25.12월 기준).xlsx
3571,화양 APT(횡단보도 옆),광진구,서울특별시 광진구 화양동 24-33,37.54434967,127.0654068,"2020-04-13 00:00:00",,15.0,QR,공공자전거 대여소 정보(25.12월 기준).xlsx
3573,광나루안전체험관,광진구,서울특별시 광진구 능동 18,37.5513382,127.07671356,"2020-04-13 00:00:00",,15.0,QR,공공자전거 대여소 정보(25.12월 기준).xlsx
3575,자양사거리(서원빌딩),광진구,서울특별시 광진구 아차산로 360 서원빌딩,37.53657532,127.08258057,"2020-04-14 00:00:00",,6.0,QR,공공자전거 대여소 정보(25.12월 기준).xlsx
3579,광진 캠퍼스시티,광진구,서울특별시 광진구 화양동 21-62,37.54788971,127.06745148,"2020-04-13 00:00:00",,20.0,QR,공공자전거 대여소 정보(25.12월 기준).xlsx
3581,광진광장,광진구,서울특별시 광진구 군자동 374-10,37.54747009,127.07396698,"2020-04-16 00:00:00",,15.0,QR,공공자전거 대여소 정보(25.12월 기준).xlsx
3582,화양동 우체국,광진구,서울특별시 광진구 화양동 18-39,37.54798889,127.06950378,"2020-04-13 00:00:00",,14.0,QR,공공자전거 대여소 정보(25.12월 기준).xlsx
3586,군자역 비채온 오피스텔,광진구,서울특별시 광진구 군자동 473-26,37.55771255,127.07727051,"2020-04-14 00:00:00",,8.0,QR,공공자전거 대여소 정보(25.12월 기준).xlsx
3587,우성식품 앞,광진구,서울특별시 광진구 구의동 201-2,37.54246521,127.09423065,"2020-05-07 00:00:00",,15.0,QR,공공자전거 대여소 정보(25.12월 기준).xlsx
3588,세종대학교(영실관),광진구,서울특별시 광진구 군자로 114 세종초등학교,37.55237198,127.07353973,"2020-05-07 00:00:00",,10.0,QR,공공자전거 대여소 정보(25.12월 기준).xlsx
3600,사근빗물펌프장 건너편,성동구,서울특별시 성동구 사근동 241-1,37.56119156,127.04968262,"2020-07-03 00:00:00",,7.0,QR,공공자전거 대여소 정보(25.12월 기준).xlsx
3602,한국지역난방공사강남지사,강남구,양재대로 781,37.49229431,127.09433746,"2020-11-09 00:00:00",,5.0,QR,공공자전거 대여소 정보(25.12월 기준).xlsx
3603,삼성역 2번출구,강남구,영동대로606앞,37.5082016,127.06396484,"2021-02-23 00:00:00",,10.0,QR,공공자전거 대여소 정보(25.12월 기준).xlsx
3604,삼성중앙역 5번출구,강남구,삼성동145-1,37.51296234,127.05386353,"2021-02-23 00:00:00",,15.0,QR,공공자전거 대여소 정보(25.12월 기준).xlsx
3605,봉은사역6번출구(현대아이파크타워앞),강남구,삼성동160,37.51390839,127.06072998,"2021-02-23 00:00:00",,10.0,QR,공공자전거 대여소 정보(25.12월 기준).xlsx
3606,신사동주민센터 옆,강남구,압구정로 130,37.52422714,127.02285004,"2021-02-24 00:00:00",,10.0,QR,공공자전거 대여소 정보(25.12월 기준).xlsx
3609,언주초등학교 입구,강남구,남부순환로2641,37.48536682,127.03849792,"2021-02-24 00:00:00",,16.0,QR,공공자전거 대여소 정보(25.12월 기준).xlsx
3610,윗반마을 입구,강남구,세곡동 97-3,37.46534729,127.1088028,"2021-02-23 00:00:00",,10.0,QR,공공자전거 대여소 정보(25.12월 기준).xlsx
3611,방죽마을 입구,강남구,율현동 264-5,37.47123337,127.10721588,"2021-02-23 00:00:00",,16.0,QR,공공자전거 대여소 정보(25.12월 기준).xlsx
3612,은곡마을,강남구,세곡동 548(도담공원~행복공원 사이),37.46726227,127.09801483,"2021-02-23 00:00:00",,10.0,QR,공공자전거 대여소 정보(25.12월 기준).xlsx
3614,은마아파트 입구 사거리,강남구,삼성로237(정성한줄 대치점 앞),37.49840164,127.06093597,"2021-02-24 00:00:00",,10.0,QR,공공자전거 대여소 정보(25.12월 기준).xlsx
3615,서울 논현동우체국 앞,강남구,학동로212,37.51446152,127.0326004,"2021-02-24 00:00:00",,10.0,QR,공공자전거 대여소 정보(25.12월 기준).xlsx
3616,역삼중학교 앞(체육관 방향),강남구,도곡로43길 10,37.49526215,127.04950714,"2021-02-24 00:00:00",,10.0,QR,공공자전거 대여소 정보(25.12월 기준).xlsx
3618,서울율현초교 삼거리,강남구,밤고개로 231,37.47364044,127.10702515,"2021-02-23 00:00:00",,10.0,QR,공공자전거 대여소 정보(25.12월 기준).xlsx
3620,청담역 11번 출구,강남구,학동로87길 7,37.51925659,127.0515976,"2021-02-23 00:00:00",,10.0,QR,공공자전거 대여소 정보(25.12월 기준).xlsx
3621,휘문고교 사거리,강남구,영동대로 319,37.50286484,127.06594086,"2021-02-23 00:00:00",,10.0,QR,공공자전거 대여소 정보(25.12월 기준).xlsx
3622,은마아파트입구 사거리(1),강남구,삼성로 312,37.49986649,127.0605011,"2021-02-23 00:00:00",,7.0,QR,공공자전거 대여소 정보(25.12월 기준).xlsx
3623,일원에코파크 앞(개포로 방면),강남구,개포로 670,37.49587631,127.08650208,"2021-02-24 00:00:00",,10.0,QR,공공자전거 대여소 정보(25.12월 기준).xlsx
3624,대모산입구역 7번 출구 앞,강남구,개포로 522(사진참고),37.49017715,127.07305908,"2021-02-24 00:00:00",,10.0,QR,공공자전거 대여소 정보(25.12월 기준).xlsx
3627,압구정나들목,강남구,압구정동 507,37.53075027,127.04160309,"2021-02-24 00:00:00",,10.0,QR,공공자전거 대여소 정보(25.12월 기준).xlsx
3628,역삼1동 주민센터,강남구,역삼로 7길 16,37.49521255,127.03302765,"2021-02-24 00:00:00",,10.0,QR,공공자전거 대여소 정보(25.12월 기준).xlsx
3629,청담사거리(신한오피스텔빌딩 앞),강남구,도산대로 510,37.52416229,127.0489502,"2021-02-23 00:00:00",,4.0,QR,공공자전거 대여소 정보(25.12월 기준).xlsx
3630,개포우성6차아파트 정문 앞,강남구,언주로 3,37.47685623,127.05536652,"2021-02-24 00:00:00",,10.0,QR,공공자전거 대여소 정보(25.12월 기준).xlsx
3634,국악고교 앞 교차로,강남구,논현로 34,37.47402191,127.04844666,"2021-04-27 00:00:00",,5.0,QR,공공자전거 대여소 정보(25.12월 기준).xlsx
3636,삼성중앙역·플래티넘아파트 정류소,강남구,봉은사로 471,37.51264191,127.05156708,"2021-06-01 00:00:00",,5.0,QR,공공자전거 대여소 정보(25.12월 기준).xlsx
3637,세곡데이케어센터,강남구,헌릉로 590길 68,37.46072388,127.10287476,"2021-06-01 00:00:00",,10.0,QR,공공자전거 대여소 정보(25.12월 기준).xlsx
3638,신청담나들목,강남구,강변오솔길,37.52796173,127.05162811,"2021-06-01 00:00:00",,5.0,QR,공공자전거 대여소 정보(25.12월 기준).xlsx
3640,일원1동주민센터앞 사거리,강남구,강남구 일원동 645-13,37.4909668,127.08836365,"2021-06-17 00:00:00",,7.0,QR,공공자전거 대여소 정보(25.12월 기준).xlsx
3641,대청역,강남구,강남구 일원로 7,37.49370575,127.0799942,"2021-07-13 00:00:00",,10.0,QR,공공자전거 대여소 정보(25.12월 기준).xlsx
3642,LH강남힐스테이트아파트,강남구,자곡로3길 21,37.47092819,127.08970642,"2021-08-30 00:00:00",,13.0,QR,공공자전거 대여소 정보(25.12월 기준).xlsx
3643,더시그넘하우스 앞,강남구,자곡로 174-14,37.47267914,127.10375977,"2021-07-13 00:00:00",,5.0,QR,공공자전거 대여소 정보(25.12월 기준).xlsx
3644,상록수아파트,강남구,광평로10길 15,37.48276138,127.08042145,"2021-07-13 00:00:00",,5.0,QR,공공자전거 대여소 정보(25.12월 기준).xlsx
3646,선정릉역 4번 출구,강남구,강남구 봉은사로 326,37.5097847,127.04277039,"2021-08-03 00:00:00",,7.0,QR,공공자전거 대여소 정보(25.12월 기준).xlsx
3647,구룡역 1번 출구,강남구,개포동 175-3,37.48642349,127.05931854,"2021-10-01 00:00:00",,10.0,QR,공공자전거 대여소 정보(25.12월 기준).xlsx
3648,구룡역 4번 출구,강남구,개포동 156-17,37.48670578,127.0605011,"2021-10-01 00:00:00",,5.0,QR,공공자전거 대여소 정보(25.12월 기준).xlsx
3649,구룡역 5번 출구,강남구,개포동 181-1,37.48607635,127.05921936,"2021-10-01 00:00:00",,6.0,QR,공공자전거 대여소 정보(25.12월 기준).xlsx
3651,개포동역 4번출구,강남구,"강남구 개포동 182-4
(개포동역 4번출구)",37.48929596,127.06616974,"2022-02-10 00:00:00",,5.0,QR,공공자전거 대여소 정보(25.12월 기준).xlsx
3652,한영외국어고등학교,강동구,서울 강동구 상일동 168,37.54709244,127.15621948,"2020-08-10 00:00:00",,10.0,QR,공공자전거 대여소 정보(25.12월 기준).xlsx
3653,강동리버스트4단지아파트 404동 앞,강동구,아리수로93가길 110(강일동 115),37.57201385,127.17170715,"2021-02-03 00:00:00",,10.0,QR,공공자전거 대여소 정보(25.12월 기준).xlsx
3654,강동리버스트4단지아파트 405동 앞,강동구,아리수로93가길 110(강일동 115),37.57201767,127.17295074,"2020-08-20 00:00:00",,10.0,QR,공공자전거 대여소 정보(25.12월 기준).xlsx
3655,둔촌신성미소지움아파트,강동구,명일로 102,37.52726364,127.14233398,"2020-10-20 00:00:00",,10.0,QR,공공자전거 대여소 정보(25.12월 기준).xlsx
3656,둔촌푸르지오아파트,강동구,명일로 172,37.53407288,127.14500427,"2021-04-15 00:00:00",,20.0,QR,공공자전거 대여소 정보(25.12월 기준).xlsx
3657,서울천호동우체국,강동구,강동구 구천면로 192,37.54074097,127.12576294,"2021-04-13 00:00:00",,12.0,QR,공공자전거 대여소 정보(25.12월 기준).xlsx
3658,프라이어팰리스아파트,강동구,강동구 고덕로 130,37.5546875,127.1394043,"2021-04-15 00:00:00",,10.0,QR,공공자전거 대여소 정보(25.12월 기준).xlsx
3659,명일초등학교 옆,강동구,강동구 고덕로38길 8,37.55464554,127.14253235,"2021-04-15 00:00:00",,10.0,QR,공공자전거 대여소 정보(25.12월 기준).xlsx
3661,명일동신동아아파트 앞,강동구,강동구 고덕로 240,37.55483246,127.1517334,"2021-04-15 00:00:00",,10.0,QR,공공자전거 대여소 정보(25.12월 기준).xlsx
3663,암사정수센터교차로(강동롯데캐슬퍼스트아파트),강동구,"암사동 414-22
(강동롯데캐슬퍼스트아파트 107동 뒤편)",37.55845642,127.14415741,"2021-04-15 00:00:00",,10.0,QR,공공자전거 대여소 정보(25.12월 기준).xlsx
3664,맥도날드 서울둔촌DT점 앞,강동구,양재대로 1382,37.52938843,127.13718414,"2021-04-13 00:00:00",,12.0,QR,공공자전거 대여소 정보(25.12월 기준).xlsx
3665,고덕센트럴 아이파크상가 앞,강동구,고덕로80길 123,37.55058289,127.16542053,"2021-04-15 00:00:00",,12.0,QR,공공자전거 대여소 정보(25.12월 기준).xlsx
3668,성내삼성아파트,강동구,풍성로 136,37.53137589,127.1270752,"2021-04-13 00:00:00",,10.0,QR,공공자전거 대여소 정보(25.12월 기준).xlsx
3671,둔촌동역교차로,강동구,양재대로 1377,37.52926254,127.1364975,"2021-04-13 00:00:00",,10.0,QR,공공자전거 대여소 정보(25.12월 기준).xlsx
3673,강동리버스트6단지,강동구,아리수로93가길 77,37.57095337,127.1717453,"2021-04-14 00:00:00",,10.0,QR,공공자전거 대여소 정보(25.12월 기준).xlsx
3674,강동리버스트7단지,강동구,아리수로93가길 70,37.57073975,127.17215729,"2021-04-14 00:00:00",,10.0,QR,공공자전거 대여소 정보(25.12월 기준).xlsx
3675,강동리버스트8단지,강동구,강일동 80번지 일대,37.57180405,127.17446899,"2021-04-14 00:00:00",,20.0,QR,공공자전거 대여소 정보(25.12월 기준).xlsx
3676,강동리엔파크9단지,강동구,강일동 475-2,37.55736542,127.18013763,"2021-03-19 00:00:00",,10.0,QR,공공자전거 대여소 정보(25.12월 기준).xlsx
3680,강동역3번출구,강동구,강동구 성내동 192-8,37.53541565,127.13309479,"2021-04-14 00:00:00",,6.0,QR,공공자전거 대여소 정보(25.12월 기준).xlsx
3681,길동 마루빌딩,강동구,양재대로 1465,37.53685379,127.13948822,"2021-04-14 00:00:00",,10.0,QR,공공자전거 대여소 정보(25.12월 기준).xlsx
3682,길동 동호빌딩,강동구,양재대로 1522,37.54154587,127.14147949,"2021-04-14 00:00:00",,10.0,QR,공공자전거 대여소 정보(25.12월 기준).xlsx
3683,KT&G강동지사,강동구,양재대로 1544,37.5437088,127.14228058,"2021-04-14 00:00:00",,10.0,QR,공공자전거 대여소 정보(25.12월 기준).xlsx
3684,고덕자이(105동 앞),강동구,강동구 상일로 55,37.55361176,127.17203522,"2021-06-25 00:00:00",,10.0,QR,공공자전거 대여소 정보(25.12월 기준).xlsx
3685,강동리엔파크14단지(1401동 앞),강동구,강동구 상일동 25-1,37.55212402,127.18064117,"2021-03-19 00:00:00",,15.0,QR,공공자전거 대여소 정보(25.12월 기준).xlsx
3686,고덕 래미안 힐스테이트(101동),강동구,강동구 아리수로50길 50,37.55885696,127.15148926,"2021-07-02 00:00:00",,8.0,QR,공공자전거 대여소 정보(25.12월 기준).xlsx
3688,상일동산(동아아파트앞 교차로),강동구,강동구 상일동 183-4,37.54581833,127.16688538,"2021-06-01 00:00:00",,10.0,QR,공공자전거 대여소 정보(25.12월 기준).xlsx
3689,강일역 3번출구,강동구,강동구 강일동 469-9,37.55740356,127.17653656,"2021-08-24 00:00:00",,20.0,QR,공공자전거 대여소 정보(25.12월 기준).xlsx
3690,강일역 4번출구,강동구,강동구 강일동 736,37.55707169,127.17514038,"2021-09-10 00:00:00",,23.0,QR,공공자전거 대여소 정보(25.12월 기준).xlsx
3691,둔촌역 2번출구,강동구,방이동 89-29,37.52722931,127.13635254,"2021-09-30 00:00:00",,20.0,QR,공공자전거 대여소 정보(25.12월 기준).xlsx
3692,둔촌오륜역 1번 출구,강동구,강동구 강동대로 303,37.51960373,127.13871002,"2021-09-30 00:00:00",,10.0,QR,공공자전거 대여소 정보(25.12월 기준).xlsx
3694,강동리엔파크 13단지(1303동 앞),강동구,강동구 상일동 34,37.55302811,127.18075562,"2021-11-05 00:00:00",,14.0,QR,공공자전거 대여소 정보(25.12월 기준).xlsx
3698,명일역 3번출구 옆,강동구,강동구 명일동 303-7,37.55142593,127.14421082,"2022-06-20 00:00:00",,6.0,QR,공공자전거 대여소 정보(25.12월 기준).xlsx
3699,상일파출소 옆,강동구,강동구 상일동 520-1,37.55655289,127.1658783,"2022-06-21 00:00:00",,15.0,QR,공공자전거 대여소 정보(25.12월 기준).xlsx
3700,강변그대가리버뷰 입구 맞은편,강동구,강동구 천호동 250-7,37.54816437,127.12257385,"2022-07-08 00:00:00",,8.0,QR,공공자전거 대여소 정보(25.12월 기준).xlsx
3701,방아삼거리,강동구,강동구 둔촌동 118-2,37.5232811,127.14613342,"2022-10-12 00:00:00",,8.0,QR,공공자전거 대여소 정보(25.12월 기준).xlsx
3703,삼양입구삼거리,강북구,서울특별시 강북구 솔샘로 326 대한예수교장로회 신성교회,37.61708832,127.02809906,"2020-11-04 00:00:00",,10.0,QR,공공자전거 대여소 정보(25.12월 기준).xlsx
3707,드래곤타워 앞,강북구,서울특별시 강북구 도봉로 348-1 구두수선대-15,37.63713455,127.0313797,"2020-11-04 00:00:00",,10.0,QR,공공자전거 대여소 정보(25.12월 기준).xlsx
3714,송천센트레빌,강북구,서울특별시 강북구 미아동 461-4,37.61220932,127.02497864,"2020-11-04 00:00:00",,10.0,QR,공공자전거 대여소 정보(25.12월 기준).xlsx
3718,번동3단지 버스정류장,강북구,서울특별시 강북구 서울 강북구 번동 255도,37.628685,127.04390717,"2021-01-27 00:00:00",,11.0,QR,공공자전거 대여소 정보(25.12월 기준).xlsx
3724,삼양동주민센터 앞,강북구,강북구 솔매로69,37.62491226,127.01979065,"2022-12-08 00:00:00",,20.0,QR,공공자전거 대여소 정보(25.12월 기준).xlsx
3725,강북 청소년 문화정보도서관 앞,강북구,강북구 삼양로54길 68,37.62302017,127.02186584,"2022-12-22 00:00:00",,5.0,QR,공공자전거 대여소 정보(25.12월 기준).xlsx
3726,삼양동사거리,강북구,강북구 삼양로 163-1,37.61792755,127.0213623,"2023-05-17 00:00:00",,6.0,QR,공공자전거 대여소 정보(25.12월 기준).xlsx
3753,공항중학교 버스정류장,강서구,공항동9-12,37.56113434,126.81610107,"2020-11-09 00:00:00",,10.0,QR,공공자전거 대여소 정보(25.12월 기준).xlsx
3754,신방화역 8번출구,강서구,초원로16길3-9,37.5674057,126.81621552,"2021-01-27 00:00:00",,10.0,QR,공공자전거 대여소 정보(25.12월 기준).xlsx
3756,마곡힐스테이트 정문,강서구,마곡중앙3로74,37.56497574,126.8174057,"2020-11-09 00:00:00",,10.0,QR,공공자전거 대여소 정보(25.12월 기준).xlsx
3757,신방화역 6번출구,강서구,방화대로294,37.56692886,126.81684113,"2021-06-25 00:00:00",,10.0,QR,공공자전거 대여소 정보(25.12월 기준).xlsx
3758,서울남부출입국관리소,강서구,마곡동730-280,37.56059265,126.82084656,"2021-06-24 00:00:00",,10.0,QR,공공자전거 대여소 정보(25.12월 기준).xlsx
3759,이대서울병원,강서구,마곡동728-10,37.5586319,126.83559418,"2020-11-23 00:00:00",,25.0,QR,공공자전거 대여소 정보(25.12월 기준).xlsx
3760,발산역 8번 출구,강서구,마곡동727-1222,37.55846024,126.83676147,"2020-11-23 00:00:00",,17.0,QR,공공자전거 대여소 정보(25.12월 기준).xlsx
3761,나이아가라관광호텔,강서구,양천로743,37.5490303,126.87836456,"2020-11-11 00:00:00",,10.0,QR,공공자전거 대여소 정보(25.12월 기준).xlsx
3762,마곡9단지 907동앞,강서구,강서구 마곡동 730-868,37.5606842,126.81918335,"2021-04-29 00:00:00",,10.0,QR,공공자전거 대여소 정보(25.12월 기준).xlsx
3763,등촌태영아파트,강서구,양천로590,37.55603027,126.86429596,"2020-11-11 00:00:00",,18.0,QR,공공자전거 대여소 정보(25.12월 기준).xlsx
3764,관문주유소(GS칼택스) 앞,강서구,강서구 공항대로 308,37.55802917,126.84183502,"2021-01-26 00:00:00",,10.0,QR,공공자전거 대여소 정보(25.12월 기준).xlsx
3765,문소빌딩,강서구,화곡로229,37.54555511,126.84449768,"2020-11-11 00:00:00",,10.0,QR,공공자전거 대여소 정보(25.12월 기준).xlsx
3766,강서문화센터,강서구,화곡로215,37.54457855,126.84378052,"2020-11-24 00:00:00",,10.0,QR,공공자전거 대여소 정보(25.12월 기준).xlsx
3767,대원빌딩,강서구,화곡로228,37.54536819,126.84470367,"2020-11-11 00:00:00",,10.0,QR,공공자전거 대여소 정보(25.12월 기준).xlsx
3770,남부순환로 205,강서구,남부순환로 205,37.54739761,126.82141113,"2021-04-13 00:00:00",,10.0,QR,공공자전거 대여소 정보(25.12월 기준).xlsx
3772,길성그랑프리텔아파트,강서구,방화대로319,37.5692482,126.81650543,"2020-11-09 00:00:00",,15.0,QR,공공자전거 대여소 정보(25.12월 기준).xlsx
3774,마곡9단지 910동 상가앞,강서구,강서구 마곡동 730-854,37.56108475,126.81679535,"2021-04-28 00:00:00",,10.0,QR,공공자전거 대여소 정보(25.12월 기준).xlsx
3775,가양오토갤러리,강서구,강서로74길58,37.56644058,126.84430695,"2020-11-10 00:00:00",,10.0,QR,공공자전거 대여소 정보(25.12월 기준).xlsx
3776,김포공항사거리,강서구,방화동651-1,37.5675354,126.80518341,"2020-11-09 00:00:00",,10.0,QR,공공자전거 대여소 정보(25.12월 기준).xlsx
3778,김포공항입구 교차로,강서구,방화동621-6,37.56179428,126.80792999,"2020-11-09 00:00:00",,10.0,QR,공공자전거 대여소 정보(25.12월 기준).xlsx
3779,유광사여성병원,강서구,강서로191,37.54323959,126.83863068,"2020-11-24 00:00:00",,10.0,QR,공공자전거 대여소 정보(25.12월 기준).xlsx
3780,등촌서광아파트,강서구,공항대로45길68-6,37.55755234,126.85625458,"2020-11-11 00:00:00",,22.0,QR,공공자전거 대여소 정보(25.12월 기준).xlsx
3781,강서아동복지센터,강서구,금낭화로26가길 130,37.58458328,126.81092072,"2020-11-10 00:00:00",,12.0,QR,공공자전거 대여소 정보(25.12월 기준).xlsx
3782,겸재정선미술관,강서구,강서구 양천로47길 24,37.57128906,126.83777618,"2020-11-10 00:00:00",,10.0,QR,공공자전거 대여소 정보(25.12월 기준).xlsx
3783,마곡금호어울림아파트,강서구,강서구 양천로47길 90,37.57410049,126.83711243,"2020-11-10 00:00:00",,10.0,QR,공공자전거 대여소 정보(25.12월 기준).xlsx
3784,벽산아파트,강서구,양천로47길 112,37.57531738,126.83666992,"2020-11-10 00:00:00",,10.0,QR,공공자전거 대여소 정보(25.12월 기준).xlsx
3785,마곡14단지 1408동앞,강서구,강서구 마곡동 729-20,37.55737305,126.82332611,"2021-05-14 00:00:00",,20.0,QR,공공자전거 대여소 정보(25.12월 기준).xlsx
3786,강서힐스테이트 상가 앞,강서구,,37.54663849,126.83657837,"2020-12-21 00:00:00",,9.0,QR,공공자전거 대여소 정보(25.12월 기준).xlsx
3788,정곡나들목,강서구,강서구 방화동 57-5번지,37.5841713,126.81932831,"2020-11-10 00:00:00",,15.0,QR,공공자전거 대여소 정보(25.12월 기준).xlsx
3789,염창나들목,강서구,강서구 염창동 223-4번지,37.55680466,126.87155914,"2020-11-11 00:00:00",,35.0,QR,공공자전거 대여소 정보(25.12월 기준).xlsx
3792,화곡본동시장 입구,강서구,화곡로206,37.54382706,126.84368896,"2020-12-21 00:00:00",,10.0,QR,공공자전거 대여소 정보(25.12월 기준).xlsx
3793,더리브골드타워,강서구,양천로400-12,37.56557083,126.84624481,"2020-12-21 00:00:00",,10.0,QR,공공자전거 대여소 정보(25.12월 기준).xlsx
3794,안양천합수부(현대3차아파트),강서구,강서구 염창동 222,37.55195236,126.87670898,"2020-12-21 00:00:00",,20.0,QR,공공자전거 대여소 정보(25.12월 기준).xlsx
3796,송정역 3번출구 앞,강서구,강서구 공항동 36-16,37.56087875,126.81354523,"2020-12-21 00:00:00",,8.0,QR,공공자전거 대여소 정보(25.12월 기준).xlsx
3797,마곡수명산파크7단지 710동 앞,강서구,강서구 내발산동 755,37.54857254,126.82076263,"2020-12-21 00:00:00",,10.0,QR,공공자전거 대여소 정보(25.12월 기준).xlsx
3798,그랜드아이파크아파트 앞,강서구,,37.55510712,126.85154724,"2020-12-21 00:00:00",,11.0,QR,공공자전거 대여소 정보(25.12월 기준).xlsx
3799,국립항공박물관,강서구,국립항공박물관 경내,37.55688477,126.80926514,"2021-02-04 00:00:00",,5.0,QR,공공자전거 대여소 정보(25.12월 기준).xlsx
3801,이랜드글로벌R&D센터,강서구,강서구 마곡동 727-356,37.56719208,126.83475494,"2021-04-28 00:00:00",,10.0,QR,공공자전거 대여소 정보(25.12월 기준).xlsx
3802,관악구민체육센터,관악구,낙성대로3길37,37.47288132,126.96003723,"2020-08-17 00:00:00",,8.0,QR,공공자전거 대여소 정보(25.12월 기준).xlsx
3803,남서울중학교,관악구,남부순환로1537,37.48313141,126.9213562,"2021-02-01 00:00:00",,7.0,QR,공공자전거 대여소 정보(25.12월 기준).xlsx
3804,낙성대공원,관악구,낙성대로70 맞은편,37.47185516,126.95871735,"2021-02-01 00:00:00",,10.0,QR,공공자전거 대여소 정보(25.12월 기준).xlsx
3806,낙성대 교수아파트,관악구,낙성대로101 맞은편,37.46895981,126.95765686,"2021-02-01 00:00:00",,10.0,QR,공공자전거 대여소 정보(25.12월 기준).xlsx
3807,관악우체국 교차로,관악구,남부순환로1653,37.48497391,126.93437195,"2021-02-01 00:00:00",,12.0,QR,공공자전거 대여소 정보(25.12월 기준).xlsx
3811,신사로입구,관악구,관천로91,37.48675156,126.92272186,"2021-06-04 00:00:00",,10.0,QR,공공자전거 대여소 정보(25.12월 기준).xlsx
3812,KT관악지점,관악구,남부순환로1774,37.48163223,126.94718933,"2021-06-01 00:00:00",,10.0,QR,공공자전거 대여소 정보(25.12월 기준).xlsx
3813,낙성대역 5번출구,관악구,남부순환로1921,37.47752762,126.96276855,"2021-07-16 00:00:00",,7.0,QR,공공자전거 대여소 정보(25.12월 기준).xlsx
3814,난곡사거리,관악구,남부순환로1483,37.48204803,126.91524506,"2021-07-16 00:00:00",,10.0,QR,공공자전거 대여소 정보(25.12월 기준).xlsx
3815,광일빌딩,관악구,남부순환로 2054,37.47639847,126.97683716,"2021-09-28 00:00:00",,7.0,QR,공공자전거 대여소 정보(25.12월 기준).xlsx
3816,관악 GSfresh,관악구,서울 관악구 쑥고개로 111,37.47909164,126.94941711,"2021-10-26 00:00:00",,8.0,QR,공공자전거 대여소 정보(25.12월 기준).xlsx
3818,은천교회 앞,관악구,서울 관악구 신림동 458,37.48857117,126.92138672,"2021-10-26 00:00:00",,10.0,QR,공공자전거 대여소 정보(25.12월 기준).xlsx
3819,서울대벤처타운역,관악구,신림동 110-10,37.4722023,126.93390656,"2022-09-28 00:00:00",,13.0,QR,공공자전거 대여소 정보(25.12월 기준).xlsx
3820,은천삼거리,관악구,관악로 227-1,37.48506546,126.95545959,"2022-10-24 00:00:00",,8.0,QR,공공자전거 대여소 정보(25.12월 기준).xlsx
3853,어린이대공원역 2번출구,광진구,서울특별시 광진구 광진구 능동 463-1,37.54764938,127.07470703,"2020-12-09 00:00:00",,18.0,QR,공공자전거 대여소 정보(25.12월 기준).xlsx
3860,건국대학교 정문 앞,광진구,서울특별시 광진구 광진구 광나루로 416,37.5465126,127.07571411,"2020-12-09 00:00:00",,10.0,QR,공공자전거 대여소 정보(25.12월 기준).xlsx
3863,동일로58길 입구,광진구,서울특별시 광진구 광진구 동일로 296,37.55775452,127.07297516,"2020-12-10 00:00:00",,10.0,QR,공공자전거 대여소 정보(25.12월 기준).xlsx
3864,광진소방서 앞,광진구,서울특별시 광진구 광진구 광나루로 486,37.5450058,127.08337402,"2020-12-09 00:00:00",,11.0,QR,공공자전거 대여소 정보(25.12월 기준).xlsx
3865,이튼타워리버 2차,광진구,서울특별시 광진구 광진구 능동로 50,37.53520966,127.06900024,"2020-12-09 00:00:00",,8.0,QR,공공자전거 대여소 정보(25.12월 기준).xlsx
3868,자양한강도서관,광진구,서울특별시 광진구 광진구 뚝섬로52길 58,37.52916336,127.07798767,"2020-12-10 00:00:00",,10.0,QR,공공자전거 대여소 정보(25.12월 기준).xlsx
3873,동서울우편집중국 앞,광진구,서울특별시 광진구 광진구 자양로 80,37.53470993,127.08447266,"2020-12-10 00:00:00",,8.0,QR,공공자전거 대여소 정보(25.12월 기준).xlsx
3878,장로회신학대학교 주기철 기념관,광진구,서울특별시 광진구 광장로5길 25-1 장로회신학대학교,37.54983902,127.10302734,"2020-12-14 00:00:00",,15.0,QR,공공자전거 대여소 정보(25.12월 기준).xlsx
3879,중랑천 뚝방길 산책로 입구,광진구,서울특별시 광진구 광진구 동일로 399,37.56628036,127.0774765,"2021-06-01 00:00:00",,7.0,QR,공공자전거 대여소 정보(25.12월 기준).xlsx
3880,홍련봉 공원,광진구,서울특별시 광진구 광진구 천호대로 717-18,37.54896927,127.09352875,"2021-05-18 00:00:00",,13.0,QR,공공자전거 대여소 정보(25.12월 기준).xlsx
3881,신자초교입구 교차로,광진구,서울특별시 광진구 뚝섬로 596,37.53298569,127.07579041,"2021-07-01 00:00:00",,7.0,QR,공공자전거 대여소 정보(25.12월 기준).xlsx
3882,자양2동 주민센터,광진구,서울특별시 광진구 자양로3가길 28,37.52879333,127.08463287,"2021-07-23 00:00:00",,3.0,QR,공공자전거 대여소 정보(25.12월 기준).xlsx
3886,광진구 민방위교육센터,광진구,서울특별시 광진구 구의동 623-1,37.5391922,127.09801483,"2021-09-24 00:00:00",,5.0,QR,공공자전거 대여소 정보(25.12월 기준).xlsx
3890,웰츠타워 오피스텔,광진구,광진구 자양동 252-133,37.53803253,127.08355713,"2023-01-12 00:00:00",,7.0,QR,공공자전거 대여소 정보(25.12월 기준).xlsx
3894,노룬산시장앞,광진구,광진구 뚝섬로 477,37.5369606,127.06273651,"2024-06-26 00:00:00",,8.0,QR,공공자전거 대여소 정보(25.12월 기준).xlsx
3899,아차산역 2번출구,광진구,광진구 천호대로 673,37.55105209,127.09043884,"2024-09-30 00:00:00",,10.0,QR,공공자전거 대여소 정보(25.12월 기준).xlsx
3900,건국대학교 신공학관,광진구,광진구 능동로 120,37.54088593,127.07928467,"2024-11-07 00:00:00",,10.0,QR,공공자전거 대여소 정보(25.12월 기준).xlsx
3902,항동지구5단지 501동 앞,구로구,서울 구로구 항동 140-2,37.47819901,126.82487488,"2020-11-02 00:00:00",,16.0,QR,공공자전거 대여소 정보(25.12월 기준).xlsx
3903,현대아파트 앞,구로구,서울 구로구 개봉동 412-43,37.49333954,126.85917664,"2020-11-02 00:00:00",,10.0,QR,공공자전거 대여소 정보(25.12월 기준).xlsx
3904,테크노마트 앞,구로구,서울 구로구 구로동 1-2,37.50624084,126.8911438,"2020-11-02 00:00:00",,10.0,QR,공공자전거 대여소 정보(25.12월 기준).xlsx
3905,희훈타워빌 앞,구로구,서울 구로구 구로동 50,37.50191498,126.88924408,"2020-11-02 00:00:00",,15.0,QR,공공자전거 대여소 정보(25.12월 기준).xlsx
3906,천왕차량사업소 입구,구로구,서울 구로구 천왕동 63-5,37.47604752,126.84501648,"2020-11-02 00:00:00",,8.0,QR,공공자전거 대여소 정보(25.12월 기준).xlsx
3907,신도림7차e편한세상아파트 806동 앞,구로구,서울 구로구 신도림동 385-3,37.50862503,126.88353729,"2021-06-07 00:00:00",,10.0,QR,공공자전거 대여소 정보(25.12월 기준).xlsx
3908,오류동 다숲오피스텔 앞,구로구,서울 구로구 오류동 332-37,37.49267197,126.8416214,"2021-04-13 00:00:00",,10.0,QR,공공자전거 대여소 정보(25.12월 기준).xlsx
3910,목양전원교회 앞 로터리,구로구,서울 구로구 항동 22-10,37.48389053,126.8221817,"2021-05-14 00:00:00",,10.0,QR,공공자전거 대여소 정보(25.12월 기준).xlsx
3911,항동하버리안2단지아파트 후문,구로구,서울 구로구 항동 22-10,37.48337555,126.82247925,"2021-05-14 00:00:00",,10.0,QR,공공자전거 대여소 정보(25.12월 기준).xlsx
3912,삼호아파트 앞,구로구,서울 구로구 개봉동 204-20,37.49385834,126.8564682,"2021-06-01 00:00:00",,10.0,QR,공공자전거 대여소 정보(25.12월 기준).xlsx
3914,신도림쌍용플래티넘노블아파트 앞,구로구,서울 구로구 구로동 50-7,37.50126266,126.89118195,"2021-08-02 00:00:00",,10.0,QR,공공자전거 대여소 정보(25.12월 기준).xlsx
3915,동선아파트 앞,구로구,서울 구로구 오류동 80-2,37.49382782,126.83907318,"2021-09-28 00:00:00",,10.0,QR,공공자전거 대여소 정보(25.12월 기준).xlsx
3917,성공회대학교,구로구,"서울 구로구 연동로 320
(항동, 성공회대학교)",37.48859024,126.82478333,"2022-01-18 00:00:00",,10.0,QR,공공자전거 대여소 정보(25.12월 기준).xlsx
3918,이좋은집오피스텔 앞,구로구,서울 구로구 오류동 44-1,37.4949913,126.84185028,"2021-11-19 00:00:00",,10.0,QR,공공자전거 대여소 정보(25.12월 기준).xlsx
3919,구로역·NC신구로점 버스정류장(구로역 방면),구로구,서울 구로구 구로동 496-128,37.50096512,126.88237,"2021-12-01 00:00:00",,14.0,QR,공공자전거 대여소 정보(25.12월 기준).xlsx
3920,개봉역2번출구 B,구로구,구로구 개봉동 416-99,37.49555206,126.85697937,"2022-03-15 00:00:00",,10.0,QR,공공자전거 대여소 정보(25.12월 기준).xlsx
3922,서울남부교정시설 앞,구로구,구로구 천왕동 272,37.47715378,126.83985901,"2022-05-18 00:00:00",,16.0,QR,공공자전거 대여소 정보(25.12월 기준).xlsx
3923,구로공구상가 앞,구로구,구로구 구로동 636-34,37.50075531,126.87708282,"2022-06-22 00:00:00",,10.0,QR,공공자전거 대여소 정보(25.12월 기준).xlsx
3924,오류동 계림웨스트밸리 앞,구로구,구로구 오류동 108-103,37.49090958,126.82965088,"2022-07-18 00:00:00",,10.0,QR,공공자전거 대여소 정보(25.12월 기준).xlsx
3925,중앙유통단지 앞 B,구로구,구로구 구로동 620-4,37.50127029,126.87678528,"2022-08-24 00:00:00",,10.0,QR,공공자전거 대여소 정보(25.12월 기준).xlsx
3927,구로월드아파트 앞,구로구,구로구 구로동 610-10,37.50519562,126.87619019,"2022-12-06 00:00:00",,9.0,QR,공공자전거 대여소 정보(25.12월 기준).xlsx
3928,고척아이파크아파트 106동 앞,구로구,구로구 고척동 102-2,37.49801254,126.8609848,"2023-01-01 00:00:00",,10.0,QR,공공자전거 대여소 정보(25.12월 기준).xlsx
3929,고척아이파크아파트 205동 앞,구로구,구로구 고척동 118-3,37.50108719,126.86045837,"2023-01-01 00:00:00",,15.0,QR,공공자전거 대여소 정보(25.12월 기준).xlsx
3930,온수역 2번 출구 앞,구로구,구로구 온수동 50-1,37.49179459,126.82500458,"2022-12-15 00:00:00",,8.0,QR,공공자전거 대여소 정보(25.12월 기준).xlsx
3931,천왕역 3번 출구 뒤,구로구,구로구 천왕동 14-41,37.48690414,126.83894348,"2023-03-24 00:00:00",,7.0,QR,공공자전거 대여소 정보(25.12월 기준).xlsx
3932,개봉센트레빌레우스아파트 앞,구로구,구로구 개봉동 416-285,37.49752045,126.85295105,"2023-03-24 00:00:00",,10.0,QR,공공자전거 대여소 정보(25.12월 기준).xlsx
3933,오류동부골든아파트 후문 옆,구로구,구로구 고척로 49,37.49938202,126.84114075,"2023-05-30 00:00:00",,10.0,QR,공공자전거 대여소 정보(25.12월 기준).xlsx
3934,철도교통관제센터 정문 앞,구로구,구로구 구로동 685,37.49708176,126.87788391,"2023-03-27 00:00:00",,7.0,QR,공공자전거 대여소 정보(25.12월 기준).xlsx
3935,고대구로병원 앞,구로구,구로구 구로동 416-15,37.49312592,126.88424683,"2023-07-19 00:00:00",,10.0,QR,공공자전거 대여소 정보(25.12월 기준).xlsx
3936,힐스테이트 신도림역,구로구,구로구 신도림동 431-30,37.50683594,126.88478851,"2024-05-29 00:00:00",,10.0,QR,공공자전거 대여소 정보(25.12월 기준).xlsx
3937,개봉역 신영지웰에스테이트,구로구,구로구 개봉동 171-2,37.49563599,126.85797882,"2024-07-01 00:00:00",,10.0,QR,공공자전거 대여소 정보(25.12월 기준).xlsx
3939,신도림역 3번출구,구로구,구로구새말로 117-23,37.50760651,126.89134979,"2024-07-24 00:00:00",,15.0,QR,공공자전거 대여소 정보(25.12월 기준).xlsx
3956,대륭테크노타운21차 앞,금천구,범안로 1126(안양천 연결 엘리베이터),37.46557617,126.88724518,"2021-02-16 00:00:00",,10.0,QR,공공자전거 대여소 정보(25.12월 기준).xlsx
3958,롯데캐슬2차 마을버스 정류장(18804) 뒤편,금천구,시흥동 113-77 자전거도로 시작점 뒤,37.45739746,126.89341736,"2021-02-16 00:00:00",,10.0,QR,공공자전거 대여소 정보(25.12월 기준).xlsx
3959,시흥사거리(시흥동 994-3 앞),금천구,시흥동 1000-48 알레르망 가게 앞,37.45415115,126.90045166,"2021-02-16 00:00:00",,10.0,QR,공공자전거 대여소 정보(25.12월 기준).xlsx
3963,에이스 하드웨어(시흥대로 396) 앞,금천구,독산동 1080-1 에이스하드웨어 정문 앞,37.46865845,126.89826202,"2021-02-17 00:00:00",,10.0,QR,공공자전거 대여소 정보(25.12월 기준).xlsx
3966,독산역1번출구 B,금천구,"독산동1081-4(독산역마을버스
정류장 뒤 자전거 거치대 옆)",37.46709442,126.88920593,"2021-02-17 00:00:00",,8.0,QR,공공자전거 대여소 정보(25.12월 기준).xlsx
3967,혜명양로원 담장 옆(2),금천구,금하로29길 36,37.45191956,126.91375732,"2021-07-23 00:00:00",,16.0,QR,공공자전거 대여소 정보(25.12월 기준).xlsx
3968,독산동 현대홈타운 금천과선교 앞,금천구,독산동 산167-9,37.46222305,126.89181519,"2021-08-02 00:00:00",,10.0,QR,공공자전거 대여소 정보(25.12월 기준).xlsx
3969,독산역 롯데캐슬 104동 앞,금천구,독산동 산167-9,37.46239853,126.89175415,"2021-08-03 00:00:00",,20.0,QR,공공자전거 대여소 정보(25.12월 기준).xlsx
3970,시흥4동주민센터 앞,금천구,독산로36길 14,37.45894241,126.90592957,"2021-08-30 00:00:00",,6.0,QR,공공자전거 대여소 정보(25.12월 기준).xlsx
3971,순흥안씨묘 건너편,금천구,"시흥동 808-5,6",37.45838165,126.90807343,"2021-08-30 00:00:00",,11.0,QR,공공자전거 대여소 정보(25.12월 기준).xlsx
3972,산기슭공원 앞,금천구,시흥동 산 138-3,37.46272278,126.90721893,"2021-08-30 00:00:00",,6.0,QR,공공자전거 대여소 정보(25.12월 기준).xlsx
3973,독산2동주민센터 앞,금천구,독산로 179,37.4632225,126.90357208,"2021-08-30 00:00:00",,7.0,QR,공공자전거 대여소 정보(25.12월 기준).xlsx
3974,안천중학교,금천구,한내로69-44,37.45936584,126.88677979,"2021-09-30 00:00:00",,10.0,QR,공공자전거 대여소 정보(25.12월 기준).xlsx
3975,현대시티아울렛 가산,금천구,디지털로10길 9,37.47739792,126.88877869,"2022-01-12 00:00:00",,10.0,QR,공공자전거 대여소 정보(25.12월 기준).xlsx
3980,금천현대홈타운 후문 서부샛길,금천구,독산동 871-45,37.46139526,126.89003754,"2022-01-12 00:00:00",,5.0,QR,공공자전거 대여소 정보(25.12월 기준).xlsx
3983,금천구청역 1번 출구,금천구,금천구 시흥동 113-82,37.45703506,126.89432526,"2021-09-28 00:00:00",,10.0,QR,공공자전거 대여소 정보(25.12월 기준).xlsx
3984,가산롯데아이티캐슬,금천구,금천구 가산디지털2로 98,37.47636795,126.88083649,"2021-11-09 00:00:00",,5.0,QR,공공자전거 대여소 정보(25.12월 기준).xlsx
3985,디폴리스 지식산업센터,금천구,금천구 서부샛길 606,37.48017502,126.87680054,"2021-11-10 00:00:00",,20.0,QR,공공자전거 대여소 정보(25.12월 기준).xlsx
3986,청년주택 독산동점,금천구,금천구 범안로15길 21,37.46754074,126.89282227,"2023-01-02 00:00:00",,5.0,QR,공공자전거 대여소 정보(25.12월 기준).xlsx
3987,LG전자가산A와 가산테라타워 사이,금천구,금천구 가산동 219-14,37.47520447,126.89012909,"2023-03-10 00:00:00",,10.0,QR,공공자전거 대여소 정보(25.12월 기준).xlsx
3988,엘아르베뉴 102동 앞,금천구,금천구 가산로9길 109,37.47452545,126.88707733,"2023-05-23 00:00:00",,5.0,QR,공공자전거 대여소 정보(25.12월 기준).xlsx
3989,가산디지털단지 9번출구 인근,금천구,금천구 가산디지털1로 168 우림라이온스밸리,37.48055267,126.88175964,"2025-09-10 00:00:00",,10.0,QR,공공자전거 대여소 정보(25.12월 기준).xlsx
4002,상계주공 14단지 상가 앞,노원구,서울특별시 노원구 (도로명) 서울 노원구 동일로 228길 23,37.66963577,127.05970764,"2021-03-03 00:00:00",,10.0,QR,공공자전거 대여소 정보(25.12월 기준).xlsx
4004,당고개입구오거리 당현천변,노원구,서울특별시 노원구 서울 노원구 중계동 140-46,37.66260529,127.07557678,"2021-03-03 00:00:00",,10.0,QR,공공자전거 대여소 정보(25.12월 기준).xlsx
4005,중계2차 한화꿈에그린 101동 인근,노원구,서울특별시 노원구 서울 노원구 덕릉로83길 5,37.65955734,127.07525635,"2021-03-03 00:00:00",,10.0,QR,공공자전거 대여소 정보(25.12월 기준).xlsx
4007,노원 을지대학교 병원,노원구,서울특별시 노원구 서울 노원구 한글비석로 68,37.63666916,127.06969452,"2021-03-04 00:00:00",,9.0,QR,공공자전거 대여소 정보(25.12월 기준).xlsx
4008,하계 어린이 공원,노원구,노원구 하계2동 273-3,37.63341522,127.06916046,"2021-03-02 00:00:00",,10.0,QR,공공자전거 대여소 정보(25.12월 기준).xlsx
4009,월계프라자,노원구,서울특별시 노원구 초안산로5길 22 대우아파트,37.63284302,127.05213165,"2021-02-26 00:00:00",,20.0,QR,공공자전거 대여소 정보(25.12월 기준).xlsx
4011,월계 센트럴 아이파크,노원구,서울특별시 노원구 서울 노원구 초안산로2라길 26,37.62917328,127.05693054,"2021-02-26 00:00:00",,10.0,QR,공공자전거 대여소 정보(25.12월 기준).xlsx
4013,중계 롯데마트,노원구,서울특별시 노원구 서울 노원구 노원로 330,37.64584351,127.070755,"2021-03-03 00:00:00",,20.0,QR,공공자전거 대여소 정보(25.12월 기준).xlsx
4014,당고개역 3번 출구,노원구,서울특별시 노원구 서울 노원구 상계로 305,37.67030334,127.07884216,"2021-03-03 00:00:00",,10.0,QR,공공자전거 대여소 정보(25.12월 기준).xlsx
4016,노원 마들스타디움,노원구,서울특별시 노원구 서울 노원구 덕릉로 450,37.64530945,127.05744171,"2021-03-25 00:00:00",,10.0,QR,공공자전거 대여소 정보(25.12월 기준).xlsx
4017,월계 청백1단지 아파트 정류장,노원구,서울특별시 노원구 초안산로 89 월계청백1단지아파트,37.63459396,127.05206299,"2021-02-26 00:00:00",,20.0,QR,공공자전거 대여소 정보(25.12월 기준).xlsx
4018,상계주공15단지 버스정류소,노원구,서울특별시 노원구 서울 노원구 상계동 650,37.66782761,127.05683899,"2021-03-02 00:00:00",,8.0,QR,공공자전거 대여소 정보(25.12월 기준).xlsx
4019,상계주공10단지 버스정류소,노원구,서울특별시 노원구 서울 노원구 상계동 694-1,37.66214371,127.05819702,"2021-03-03 00:00:00",,7.0,QR,공공자전거 대여소 정보(25.12월 기준).xlsx
4020,중계동 성모빌딩 앞,노원구,서울특별시 노원구 한글비석로 263 성모빌딩,37.65116119,127.07659149,"2021-03-04 00:00:00",,10.0,QR,공공자전거 대여소 정보(25.12월 기준).xlsx
4021,중계본동 입구,노원구,서울특별시 노원구 서울 노원구 중계로 90,37.64426041,127.08331299,"2021-03-04 00:00:00",,10.0,QR,공공자전거 대여소 정보(25.12월 기준).xlsx
4023,월계역 1번 출구,노원구,서울특별시 노원구 월계동 263-6,37.63441086,127.05886841,"2021-02-26 00:00:00",,10.0,QR,공공자전거 대여소 정보(25.12월 기준).xlsx
4024,꿈의숲 SK뷰 아파트,노원구,서울특별시 노원구 서울시 노원구 월계로 42길97,37.62045288,127.05445099,"2021-03-04 00:00:00",,10.0,QR,공공자전거 대여소 정보(25.12월 기준).xlsx
4025,한천교 동편,노원구,서울특별시 노원구 서울 노원구 공릉동 547-1,37.62533569,127.07019043,"2021-03-04 00:00:00",,10.0,QR,공공자전거 대여소 정보(25.12월 기준).xlsx
4026,상계주공1단지아파트,노원구,서울특별시 노원구 덕릉로459-21,37.64795303,127.05793762,"2021-03-03 00:00:00",,10.0,QR,공공자전거 대여소 정보(25.12월 기준).xlsx
4027,한내 행복발전소 옆,노원구,서울특별시 노원구 서울 노원구 마들로3길 15 (월계동),37.62741089,127.06214142,"2021-04-27 00:00:00",,10.0,QR,공공자전거 대여소 정보(25.12월 기준).xlsx
4028,한일유앤아이아파트 105동 인근,노원구,서울특별시 노원구 노원구 상계동 197-38,37.65351868,127.07130432,"2021-03-04 00:00:00",,10.0,QR,공공자전거 대여소 정보(25.12월 기준).xlsx
4029,청소년수련관 후문,노원구,서울특별시 노원구 노원구 중계동 504-2,37.6396637,127.06041718,"2021-03-02 00:00:00",,8.0,QR,공공자전거 대여소 정보(25.12월 기준).xlsx
4031,청암예술학교 앞,노원구,서울특별시 노원구 덕릉로76길 18 원광초등학교,37.65153503,127.07327271,"2021-03-25 00:00:00",,10.0,QR,공공자전거 대여소 정보(25.12월 기준).xlsx
4032,불암주유소 앞,노원구,서울특별시 노원구 서울 노원구 한글비석로 268,37.65149689,127.07704163,"2021-03-02 00:00:00",,10.0,QR,공공자전거 대여소 정보(25.12월 기준).xlsx
4033,녹천역 4번 출구 옆,노원구,서울특별시 노원구 서울 노원구 월계동 700-6,37.64292908,127.05194855,"2021-03-02 00:00:00",,9.0,QR,공공자전거 대여소 정보(25.12월 기준).xlsx
4035,휴플러스 수락한신아파트 101동 앞,노원구,서울특별시 노원구 상계동 996-2,37.674366,127.05947113,"2021-05-14 00:00:00",,6.0,QR,공공자전거 대여소 정보(25.12월 기준).xlsx
4036,하계역 6번출구,노원구,서울특별시 노원구 노원구 하계동 273-5,37.63793945,127.06715393,"2021-04-27 00:00:00",,9.0,QR,공공자전거 대여소 정보(25.12월 기준).xlsx
4037,물넘이교,노원구,서울특별시 노원구 노원구 중계동 588-5,37.65408325,127.07195282,"2021-06-01 00:00:00",,15.0,QR,공공자전거 대여소 정보(25.12월 기준).xlsx
4039,서울시 북부여성발전센터,노원구,서울특별시 노원구 동일로207길 50,37.64304352,127.06213379,"2021-07-05 00:00:00",,10.0,QR,공공자전거 대여소 정보(25.12월 기준).xlsx
4040,공릉로 26길,노원구,서울특별시 노원구 공릉동 656-6,37.61965561,127.08146667,"2021-07-15 00:00:00",,10.0,QR,공공자전거 대여소 정보(25.12월 기준).xlsx
4041,공릉역3번출구,노원구,서울특별시 노원구 공릉동 405-6,37.62500381,127.07301331,"2021-07-23 00:00:00",,8.0,QR,공공자전거 대여소 정보(25.12월 기준).xlsx
4042,상계문화정보도서관,노원구,서울특별시 노원구 노원구 동일로243길 57,37.67851257,127.05174255,"2021-08-27 00:00:00",,10.0,QR,공공자전거 대여소 정보(25.12월 기준).xlsx
4043,상계주공13단지 1301동,노원구,서울특별시 노원구 한글비석로54길 92 상계주공13단지아파트,37.66674042,127.06388855,"2021-09-24 00:00:00",,10.0,QR,공공자전거 대여소 정보(25.12월 기준).xlsx
4044,공릉산 백세문 입구,노원구,서울특별시 노원구 노원로 62 공릉해링턴플레이스,37.62812042,127.08548737,"2021-10-07 00:00:00",,4.0,QR,공공자전거 대여소 정보(25.12월 기준).xlsx
4045,은하수 공원,노원구,서울특별시 노원구 노원구 우이천로 102,37.63000488,127.0440979,"2021-10-27 00:00:00",,8.0,QR,공공자전거 대여소 정보(25.12월 기준).xlsx
4054,창동한신아파트 버스정류소,도봉구,서울특별시 도봉구 도봉로110길 25 맞은편,37.64601898,127.03527069,"2021-03-02 00:00:00",,10.0,QR,공공자전거 대여소 정보(25.12월 기준).xlsx
4058,다락원체육공원 전망대 입구,도봉구,서울특별시 도봉구 도봉구 도봉동 1-22,37.69101334,127.04916382,"2021-03-02 00:00:00",,15.0,QR,공공자전거 대여소 정보(25.12월 기준).xlsx
4062,평화도봉공원 주변,도봉구,서울특별시 도봉구 방학동 710,37.66252136,127.04270935,"2021-03-02 00:00:00",,9.0,QR,공공자전거 대여소 정보(25.12월 기준).xlsx
4064,신창아파트 입구 앞,도봉구,서울특별시 도봉구 도봉구 덕릉로62길 14,37.64051056,127.04082489,"2021-03-02 00:00:00",,10.0,QR,공공자전거 대여소 정보(25.12월 기준).xlsx
4073,방아골종합사회복지관,도봉구,서울특별시 도봉구 방학동 606-5,37.66927338,127.03243256,"2021-04-16 00:00:00",,10.0,QR,공공자전거 대여소 정보(25.12월 기준).xlsx
4074,도봉구육아종합지원센터(창동),도봉구,서울특별시 도봉구 도봉구 우이천로4길 24-5,37.63342667,127.04116058,"2021-03-03 00:00:00",,10.0,QR,공공자전거 대여소 정보(25.12월 기준).xlsx
4076,도봉통합복지센터 뒤 중랑천 변,도봉구,서울특별시 도봉구 창동,37.65999603,127.05127716,"2020-12-23 00:00:00",,10.0,QR,공공자전거 대여소 정보(25.12월 기준).xlsx
4077,도봉제1교,도봉구,서울특별시 도봉구 도봉동 86-1,37.67984772,127.05038452,"2021-04-29 00:00:00",,6.0,QR,공공자전거 대여소 정보(25.12월 기준).xlsx
4078,원당공원 앞,도봉구,서울특별시 도봉구 도봉구 쌍문동 250-6,37.65854645,127.02767944,"2021-06-16 00:00:00",,8.0,QR,공공자전거 대여소 정보(25.12월 기준).xlsx
4080,창동주공19단지앞,도봉구,서울특별시 도봉구 도봉시 노해로 70길 19 1905동 앞 ( 도봉경찰서 건너편) 버스정류장 쯤에 희망합니다 (분명 설치예정팻말이 붙어있었는데 아직도 시행안됨),37.65250778,127.05227661,"2021-10-27 00:00:00",,4.0,QR,공공자전거 대여소 정보(25.12월 기준).xlsx
4083,도봉아이나라도서관 앞,도봉구,서울특별시 도봉구 창동 808-3,37.65898895,127.04973602,"2021-12-15 00:00:00",,8.0,QR,공공자전거 대여소 정보(25.12월 기준).xlsx
4084,도봉동실내스포츠센터,도봉구,서울특별시 도봉구 도봉구 마들로 805 (도봉동실내스포츠센터 앞),37.68125534,127.05047607,"2022-02-11 00:00:00",,10.0,QR,공공자전거 대여소 정보(25.12월 기준).xlsx
4086,도봉로 534,도봉구,서울특별시 도봉구 도봉로 534,37.6529541,127.03754425,"2022-06-27 00:00:00",,10.0,QR,공공자전거 대여소 정보(25.12월 기준).xlsx
4087,우이교 교차로,도봉구,서울특별시 도봉구 도봉로 420,37.6432457,127.03160095,"2022-06-27 00:00:00",,10.0,QR,공공자전거 대여소 정보(25.12월 기준).xlsx
4088,김근태도서관,도봉구,서울특별시 도봉구 도봉동 282-275,37.68750763,127.04263306,"2022-06-27 00:00:00",,15.0,QR,공공자전거 대여소 정보(25.12월 기준).xlsx
4089,동부센트레빌 앞,도봉구,서울특별시 도봉구 방학로 131-1 구두수선대,37.66299057,127.03864288,"2022-08-05 00:00:00",,10.0,QR,공공자전거 대여소 정보(25.12월 기준).xlsx
4090,녹천교 앞 사거리,도봉구,창동36(녹천교앞사거리 17단지쪽),37.64564514,127.05459595,"2022-11-30 00:00:00",,15.0,QR,공공자전거 대여소 정보(25.12월 기준).xlsx
4091,방학역2번출구,도봉구,방학동719-2,37.66922379,127.04441833,"2022-11-29 00:00:00",,10.0,QR,공공자전거 대여소 정보(25.12월 기준).xlsx
4092,도봉경찰서 교차로,도봉구,창동36,37.65265656,127.05309296,"2022-12-01 00:00:00",,10.0,QR,공공자전거 대여소 정보(25.12월 기준).xlsx
4094,도봉여성센터,도봉구,방학로12길 28(후문 마당),37.66334915,127.03045654,"2023-01-02 00:00:00",,6.0,QR,공공자전거 대여소 정보(25.12월 기준).xlsx
4095,방학브라운스톤아파트,도봉구,도봉로146길 36,37.66289139,127.04540253,"2023-10-05 00:00:00",,8.0,QR,공공자전거 대여소 정보(25.12월 기준).xlsx
4096,창동역2번출구 하나은행365 앞,도봉구,창동 324-1,37.65283585,127.04550171,"2025-05-08 00:00:00",,8.0,QR,공공자전거 대여소 정보(25.12월 기준).xlsx
4097,숭미파출소 사거리 (쌍문동 시티프라디움 앞),도봉구,도봉구 노해로 144 시티프라디움,37.6474762,127.0260849,"2025-09-03 00:00:00",,8.0,QR,공공자전거 대여소 정보(25.12월 기준).xlsx
4102,휘경1동주민센터 앞,동대문구,서울특별시 동대문구 외대역동로6길 3,37.59286499,127.06555939,"2020-09-18 00:00:00",,7.0,QR,공공자전거 대여소 정보(25.12월 기준).xlsx
4103,휘경sk뷰아파트 앞,동대문구,서울특별시 동대문구 휘경로 71 맞은편,37.59383774,127.06781769,"2020-09-18 00:00:00",,10.0,QR,공공자전거 대여소 정보(25.12월 기준).xlsx
4104,외대앞역 교차로,동대문구,서울특별시 동대문구 외대역동로 67 맞은편,37.59436417,127.06459808,"2020-09-18 00:00:00",,10.0,QR,공공자전거 대여소 정보(25.12월 기준).xlsx
4105,서울교통공사사거리 교통섬,동대문구,서울특별시 동대문구 천호대로 343,37.56324005,127.05799103,"2020-09-18 00:00:00",,10.0,QR,공공자전거 대여소 정보(25.12월 기준).xlsx
4107,장안동근린공원 입구,동대문구,서울특별시 동대문구 장한로 191 동대문구청소년독서실,37.57633209,127.07172394,"2020-09-18 00:00:00",,10.0,QR,공공자전거 대여소 정보(25.12월 기준).xlsx
4108,답십리파크자이아파트 앞,동대문구,서울특별시 동대문구 답십리로56길 124,37.5676918,127.05789185,"2020-09-18 00:00:00",,10.0,QR,공공자전거 대여소 정보(25.12월 기준).xlsx
4110,용두롯데캐슬리치아파트 앞,동대문구,서울특별시 동대문구 용두동 150-32,37.57958603,127.03024292,"2020-09-21 00:00:00",,10.0,QR,공공자전거 대여소 정보(25.12월 기준).xlsx
4113,한국국방연구원 앞,동대문구,서울특별시 동대문구 회기로 37 한국국방연구원,37.59139633,127.04029846,"2020-09-17 00:00:00",,10.0,QR,공공자전거 대여소 정보(25.12월 기준).xlsx
4114,휘경여중고삼거리,동대문구,서울특별시 동대문구 한천로 264 맞은편,37.58392334,127.06827545,"2020-09-18 00:00:00",,10.0,QR,공공자전거 대여소 정보(25.12월 기준).xlsx
4116,이문e편한세상아파트 앞,동대문구,서울특별시 동대문구 한천로63길 10 이문e편한세상아파트,37.60460281,127.06692505,"2020-09-18 00:00:00",,10.0,QR,공공자전거 대여소 정보(25.12월 기준).xlsx
4117,휘경119안전센터 앞,동대문구,서울특별시 동대문구 망우로 114,37.59087372,127.06536102,"2020-09-21 00:00:00",,10.0,QR,공공자전거 대여소 정보(25.12월 기준).xlsx
4121,서울문화재단 앞,동대문구,서울특별시 동대문구 청계천로 517,37.57130051,127.03362274,"2020-09-21 00:00:00",,15.0,QR,공공자전거 대여소 정보(25.12월 기준).xlsx
4122,청계9가교차로 앞,동대문구,서울특별시 동대문구 청계천로 471,37.57014847,127.02992249,"2020-09-21 00:00:00",,10.0,QR,공공자전거 대여소 정보(25.12월 기준).xlsx
4123,배봉초교 교차로,동대문구,서울특별시 동대문구 사가정로 200,37.57846832,127.06689453,"2020-09-18 00:00:00",,10.0,QR,공공자전거 대여소 정보(25.12월 기준).xlsx
4128,종암초등학교 뒤(새울센스빌),동대문구,서울특별시 동대문구 약령시로 20 새울센스빌,37.58265686,127.03196716,"2022-10-12 00:00:00",,5.0,QR,공공자전거 대여소 정보(25.12월 기준).xlsx
4131,베네스트 오피스텔 앞,동대문구,서울특별시 동대문구 무학로 134-2 구두수선대,37.57817078,127.03170013,"2022-10-28 00:00:00",,8.0,QR,공공자전거 대여소 정보(25.12월 기준).xlsx
4132,이문삼익아파트 앞,동대문구,동대문구 이문동 76,37.5963974,127.06776428,"2022-11-29 00:00:00",,10.0,QR,공공자전거 대여소 정보(25.12월 기준).xlsx
4133,래미안허브리츠아파트 앞,동대문구,동대문구 용두동 792-7,37.57426071,127.0354538,"2023-01-02 00:00:00",,7.0,QR,공공자전거 대여소 정보(25.12월 기준).xlsx
4134,제기동 현대아파트 앞,동대문구,동대문구 제기동 891-2,37.57994843,127.0353241,"2023-01-06 00:00:00",,10.0,QR,공공자전거 대여소 정보(25.12월 기준).xlsx
4135,삼성생명 앞,동대문구,동대문구 용두동 47-1,37.57902145,127.04224396,"2023-08-18 00:00:00",,18.0,QR,공공자전거 대여소 정보(25.12월 기준).xlsx
4136,롯데캐슬SKY-L65 D동 앞,동대문구,동대문구 전농동 623-19,37.57791901,127.04456329,"2024-03-18 00:00:00",,7.0,QR,공공자전거 대여소 정보(25.12월 기준).xlsx
4137,답십리역 4번출구,동대문구,동대문구 답십리동493-1,37.56600189,127.05431366,"2024-08-15 00:00:00",,10.0,QR,공공자전거 대여소 정보(25.12월 기준).xlsx
4138,답십리 사거리,동대문구,동대문구 전농로91,37.57344437,127.04088593,"2024-09-08 00:00:00",,5.0,QR,공공자전거 대여소 정보(25.12월 기준).xlsx
4139,조일빌딩 앞,동대문구,동대문구 용두동 39-559,37.57305527,127.05721283,"2024-08-16 00:00:00",,7.0,QR,공공자전거 대여소 정보(25.12월 기준).xlsx
4140,신설동역 4번출구,동대문구,동대문구 왕산로18-2,37.57622528,127.02580261,"2024-09-24 00:00:00",,7.0,QR,공공자전거 대여소 정보(25.12월 기준).xlsx
4141,우리은행장안지점 앞,동대문구,동대문구 한천로14길87,37.56630707,127.06768799,"2024-09-24 00:00:00",,6.0,QR,공공자전거 대여소 정보(25.12월 기준).xlsx
4142,현대썬앤빌 앞,동대문구,동대문구 장한로 99-1,37.56906891,127.06946564,"2024-11-13 00:00:00",,6.0,QR,공공자전거 대여소 정보(25.12월 기준).xlsx
4143,서울동물복지지원센터 동대문,동대문구,동대문구 무학로201,37.58229828,127.02936554,"2025-03-27 00:00:00",,5.0,QR,공공자전거 대여소 정보(25.12월 기준).xlsx
4144,시립대학교 박물관 앞,동대문구,동대문구 서울시립대로 163,37.5832634,127.05721283,"2025-04-10 00:00:00",,10.0,QR,공공자전거 대여소 정보(25.12월 기준).xlsx
4145,청량리동 주민센터,동대문구,동대문구 왕산로 239,37.58307648,127.04862976,"2025-04-10 00:00:00",,5.0,QR,공공자전거 대여소 정보(25.12월 기준).xlsx
4146,이삭어린이공원,동대문구,동대문구 전농동 687-2,37.57872772,127.04930115,"2025-07-08 00:00:00",,7.0,QR,공공자전거 대여소 정보(25.12월 기준).xlsx
4147,청량리역 광장,동대문구,동대문구 전농동 588-29,37.58024597,127.04673767,"2025-09-30 00:00:00",,35.0,QR,공공자전거 대여소 정보(25.12월 기준).xlsx
4152,상도효성해링턴플레이스,동작구,상도동25-41(마을버스정류소20803 옆),37.50543213,126.94151306,"2021-02-18 00:00:00",,10.0,QR,공공자전거 대여소 정보(25.12월 기준).xlsx
4153,흑석동효사정앞,동작구,흑석동143-57,37.51120377,126.96128082,"2021-02-18 00:00:00",,10.0,QR,공공자전거 대여소 정보(25.12월 기준).xlsx
4158,노량진근린공원,동작구,여의대방로36길71,37.50680542,126.92850494,"2021-02-18 00:00:00",,10.0,QR,공공자전거 대여소 정보(25.12월 기준).xlsx
4162,노량진1동 청소년독서실,동작구,만양로3길 8,37.50785828,126.94713593,"2021-02-18 00:00:00",,10.0,QR,공공자전거 대여소 정보(25.12월 기준).xlsx
4167,구로교 아래,동작구,신대방동 702-2,37.48500824,126.90350342,"2021-02-18 00:00:00",,25.0,QR,공공자전거 대여소 정보(25.12월 기준).xlsx
4169,신대방삼거리,동작구,보라매로 99,37.49845505,126.92797852,"2021-02-18 00:00:00",,10.0,QR,공공자전거 대여소 정보(25.12월 기준).xlsx
4173,중대후문 마을버스정류장,동작구,양녕로 282,37.50444412,126.95025635,"2021-04-29 00:00:00",,7.0,QR,공공자전거 대여소 정보(25.12월 기준).xlsx
4175,대방역2번출구,동작구,서울특별시 동작구노량진로10,37.51262665,126.92741394,"2021-04-30 00:00:00",,10.0,QR,공공자전거 대여소 정보(25.12월 기준).xlsx
4177,롯데캐슬 101동 앞,동작구,동작구 상도동 159-250,37.50157547,126.94590759,"2022-05-17 00:00:00",,8.0,QR,공공자전거 대여소 정보(25.12월 기준).xlsx
4178,이수성결교회 옆,동작구,동작구 동작동 산 28-4,37.49814987,126.98368835,"2022-05-17 00:00:00",,10.0,QR,공공자전거 대여소 정보(25.12월 기준).xlsx
4179,보라매병원역 1번출구,동작구,동작구 신대방동 395-61,37.49322128,126.9234314,"2022-07-18 00:00:00",,10.0,QR,공공자전거 대여소 정보(25.12월 기준).xlsx
4180,흑석동주민센터 입구,동작구,동작구 흑석동 25-21,37.50682831,126.96673584,"2022-07-18 00:00:00",,4.0,QR,공공자전거 대여소 정보(25.12월 기준).xlsx
4181,보라매공원역 2번출구,동작구,동작구 신대방동  385-18,37.49582291,126.91781616,"2022-08-04 00:00:00",,6.0,QR,공공자전거 대여소 정보(25.12월 기준).xlsx
4182,보라매병원역 2번출구,동작구,동작구 보라매로5길 15 전문건설회관빌딩,37.49265671,126.92449951,"2025-08-08 00:00:00",,10.0,QR,공공자전거 대여소 정보(25.12월 기준).xlsx
4202,프런트원(공덕역4번출구 앞),마포구,마포구 마포대로 122,37.54585266,126.95259857,"2020-12-02 00:00:00",,9.0,QR,공공자전거 대여소 정보(25.12월 기준).xlsx
4206,광흥창역5번출구,마포구,마포구 창전동 246-34,37.54737854,126.931633,"2020-12-02 00:00:00",,7.0,QR,공공자전거 대여소 정보(25.12월 기준).xlsx
4207,아만티호텔 앞,마포구,마포구 서교동 445-7,37.5573082,126.91885376,"2020-12-03 00:00:00",,10.0,QR,공공자전거 대여소 정보(25.12월 기준).xlsx
4208,스타벅스(동교동) 앞,마포구,마포구 동교동 205-6,37.5566597,126.91986847,"2020-12-03 00:00:00",,10.0,QR,공공자전거 대여소 정보(25.12월 기준).xlsx
4210,가좌행복주택 앞,마포구,마포구 중동 275,37.56949234,126.91184235,"2020-12-02 00:00:00",,7.0,QR,공공자전거 대여소 정보(25.12월 기준).xlsx
4211,시석빌딩 앞,마포구,마포구 합정동 412-34,37.5483017,126.91671753,"2020-12-03 00:00:00",,8.0,QR,공공자전거 대여소 정보(25.12월 기준).xlsx
4212,한화오벨리스크 앞,마포구,마포구 상암동 1758,37.58332062,126.88156128,"2020-12-02 00:00:00",,10.0,QR,공공자전거 대여소 정보(25.12월 기준).xlsx
4213,마포구중앙도서관 정문 앞,마포구,마포구 성산동 275-26,37.56415558,126.90814972,"2020-12-02 00:00:00",,15.0,QR,공공자전거 대여소 정보(25.12월 기준).xlsx
4214,JTBC 앞,마포구,마포구 상암산로 38,37.57730484,126.8901825,"2020-12-02 00:00:00",,10.0,QR,공공자전거 대여소 정보(25.12월 기준).xlsx
4216,망원정 앞,마포구,마포구 합정동454-23,37.5500679,126.90480042,"2021-07-14 00:00:00",,10.0,QR,공공자전거 대여소 정보(25.12월 기준).xlsx
4217,한강공원 망원나들목,마포구,마포구 망원동 462-8,37.55557632,126.89688873,"2021-09-14 00:00:00",,20.0,QR,공공자전거 대여소 정보(25.12월 기준).xlsx
4218,디지털매직스페이스,마포구,MBC본사와 디지털매직스페이스 건물 사이 횡단보도 2개 중간,37.58119965,126.88957977,"2021-10-28 00:00:00",,13.0,QR,공공자전거 대여소 정보(25.12월 기준).xlsx
4220,신촌 청년주택,마포구,마포구 창전동15-1,37.54985428,126.93203735,"2021-10-28 00:00:00",,10.0,QR,공공자전거 대여소 정보(25.12월 기준).xlsx
4221,솔리스타오피스텔(공덕동주민센터),마포구,서울  마포구 공덕동 30-19,37.55015945,126.96052551,"2021-10-26 00:00:00",,13.0,QR,공공자전거 대여소 정보(25.12월 기준).xlsx
4222,서울디자인고등학교 앞,마포구,마포구 염리동 160-68 (동도중학교.서울디자인고등학교 버스정류장에서 공덕방향으로의 보도블럭 공간) (매장 '호계식' 앞),37.54568481,126.94676971,"2021-10-26 00:00:00",,5.0,QR,공공자전거 대여소 정보(25.12월 기준).xlsx
4224,서부운전면허시험장,마포구,서울 마포구 월드컵로42길 13,37.57892227,126.882164,"2021-10-26 00:00:00",,5.0,QR,공공자전거 대여소 정보(25.12월 기준).xlsx
4226,마포프레스티지자이 1,마포구,서울시 마포구 염리동 30-29,37.55152893,126.94669342,"2021-10-26 00:00:00",,14.0,QR,공공자전거 대여소 정보(25.12월 기준).xlsx
4233,코오롱아파트사거리,마포구,마포구 연남로 42 코오롱아파트사거리,37.56303787,126.9214325,"2021-10-28 00:00:00",,10.0,QR,공공자전거 대여소 정보(25.12월 기준).xlsx
4234,에스테반,마포구,마포구 만리재로 95,37.54891968,126.95951843,"2021-10-28 00:00:00",,10.0,QR,공공자전거 대여소 정보(25.12월 기준).xlsx
4238,상암한샘빌딩앞,마포구,서울시 마포구 성암로 179,37.57649231,126.89867401,"2021-10-28 00:00:00",,7.0,QR,공공자전거 대여소 정보(25.12월 기준).xlsx
4240,아현문화건강센터,마포구,서울시 마포구 아현동 645-14,37.55235291,126.95147705,"2021-10-28 00:00:00",,8.0,QR,공공자전거 대여소 정보(25.12월 기준).xlsx
4244,당인리발전소 공원 앞,마포구,서울 마포구 합정동 50-15,37.54529572,126.91764832,"2021-12-09 00:00:00",,10.0,QR,공공자전거 대여소 정보(25.12월 기준).xlsx
4246,상수역새마을금고,마포구,서울 마포구 독막로 8,37.54758835,126.92464447,"2021-12-09 00:00:00",,5.0,QR,공공자전거 대여소 정보(25.12월 기준).xlsx
4247,서울서부지방법원등기국앞,마포구,서울서부지방법원등기국앞,37.55184937,126.95478058,"2021-12-09 00:00:00",,10.0,QR,공공자전거 대여소 정보(25.12월 기준).xlsx
4248,신촌 교보빌딩,마포구,신촌로 134,37.5560112,126.94034576,"2021-12-09 00:00:00",,10.0,QR,공공자전거 대여소 정보(25.12월 기준).xlsx
4253,홍은도담도서관,서대문구,서대문구 홍은동 11-7,37.60169601,126.94916534,"2020-12-22 00:00:00",,5.0,QR,공공자전거 대여소 정보(25.12월 기준).xlsx
4255,래미안 루센티아 아파트 108동 앞,서대문구,서대문구 남가좌동 390,37.57515717,126.91744995,"2021-07-15 00:00:00",,21.0,QR,공공자전거 대여소 정보(25.12월 기준).xlsx
4264,홍남교 버스정류장,서대문구,서울시 서대문구 홍은동 415-51,37.57675552,126.92827606,"2022-01-12 00:00:00",,5.0,QR,공공자전거 대여소 정보(25.12월 기준).xlsx
4266,국민연금공단충정로사옥,서대문구,서울 서대문구 충정로 36,37.56184769,126.96414948,"2022-01-11 00:00:00",,9.0,QR,공공자전거 대여소 정보(25.12월 기준).xlsx
4267,서대문역 2번 출구,서대문구,서대문구 충정로2가 8-3,37.56599045,126.96607208,"2022-02-08 00:00:00",,6.0,QR,공공자전거 대여소 정보(25.12월 기준).xlsx
4269,연희IC 남측,서대문구,서대문구 연희로 5길,37.56355667,126.92827606,"2022-05-12 00:00:00",,8.0,QR,공공자전거 대여소 정보(25.12월 기준).xlsx
4270,우국한마음 아파트 맞은편,서대문구,서대문구 연희동 735,37.57913971,126.93450928,"2022-09-16 00:00:00",,5.0,QR,공공자전거 대여소 정보(25.12월 기준).xlsx
4271,충정로역 1번 출구,서대문구,서대문구 충정로 28-1,37.55942535,126.96305847,"2022-07-18 00:00:00",,7.0,QR,공공자전거 대여소 정보(25.12월 기준).xlsx
4272,홍남교 사거리,서대문구,서대문구 남가좌동 318-20,37.57601929,126.92683411,"2022-07-28 00:00:00",,7.0,QR,공공자전거 대여소 정보(25.12월 기준).xlsx
4273,홍연2교 사거리,서대문구,서대문구 홍은동 422-13,37.57716751,126.92906189,"2022-07-28 00:00:00",,7.0,QR,공공자전거 대여소 정보(25.12월 기준).xlsx
4274,신촌 파랑고래 입구,서대문구,서대문구 창천동 57-18,37.55687714,126.93603516,"2022-09-28 00:00:00",,10.0,QR,공공자전거 대여소 정보(25.12월 기준).xlsx
4275,농협생명본사빌딩 서관,서대문구,서대문구 통일로 81,37.56233597,126.96909332,"2023-01-04 00:00:00",,10.0,QR,공공자전거 대여소 정보(25.12월 기준).xlsx
4277,서대문우체국 정류소 옆,서대문구,서대문구 성산로 374,37.56325912,126.93024445,"2024-10-18 00:00:00",,5.0,QR,공공자전거 대여소 정보(25.12월 기준).xlsx
4278,홍은2동주민센터,서대문구,서대문구 홍은동 334,37.58026886,126.93424988,"2024-11-01 00:00:00",,5.0,QR,공공자전거 대여소 정보(25.12월 기준).xlsx
4280,북가좌2동 주민센터,서대문구,서대문구 응암로 131,37.5841713,126.91429138,"202510-20",,5.0,QR,공공자전거 대여소 정보(25.12월 기준).xlsx
4281,명지대 사거리(2),서대문구,서대문구 남가좌동 389-2,37.57701874,126.92015076,"2025-11-03 00:00:00",,10.0,QR,공공자전거 대여소 정보(25.12월 기준).xlsx
4303,매헌역 2번출구앞광역버스 정류장앞(22-297),서초구,강남대로18길25(삼덕빌딩) 앞,37.47171783,127.03888702,"2021-02-19 00:00:00",,8.0,QR,공공자전거 대여소 정보(25.12월 기준).xlsx
4304,서울고앞,서초구,서초동1526-1,37.48339462,127.00736237,"2021-02-19 00:00:00",,10.0,QR,공공자전거 대여소 정보(25.12월 기준).xlsx
4305,서일스포츠센터,서초구,서초동 1313-12,37.49801636,127.02222443,"2021-02-18 00:00:00",,8.0,QR,공공자전거 대여소 정보(25.12월 기준).xlsx
4306,서래공원 앞,서초구,반포동63-6,37.50150681,127.003479,"2021-02-22 00:00:00",,10.0,QR,공공자전거 대여소 정보(25.12월 기준).xlsx
4307,고투몰 gate 15옆,서초구,반포동20-45,37.50723267,127.00945282,"2021-02-22 00:00:00",,10.0,QR,공공자전거 대여소 정보(25.12월 기준).xlsx
4309,서초케이타운앞,서초구,신원동 산63,37.45766449,127.05931854,"2021-02-19 00:00:00",,5.0,QR,공공자전거 대여소 정보(25.12월 기준).xlsx
4310,염곡동(염통골) 입구,서초구,서울특별시 서초구 헌릉로 73 서초경찰서 염곡치안센터,37.46220779,127.04867554,"2021-02-19 00:00:00",,6.0,QR,공공자전거 대여소 정보(25.12월 기준).xlsx
4312,반포미도2차아파트 옆,서초구,반포동60-1,37.50320435,127.00653076,"2021-02-22 00:00:00",,10.0,QR,공공자전거 대여소 정보(25.12월 기준).xlsx
4313,반포종합운동장,서초구,반포동15-2,37.49979782,126.99646759,"2021-02-19 00:00:00",,10.0,QR,공공자전거 대여소 정보(25.12월 기준).xlsx
4315,이투스교육 앞,서초구,서초동 1354-3,37.48389053,127.02905273,"2021-02-19 00:00:00",,10.0,QR,공공자전거 대여소 정보(25.12월 기준).xlsx
4316,고속터미널역 3번출구,서초구,반포동 118-3,37.50365829,127.0059433,"2021-02-19 00:00:00",,25.0,QR,공공자전거 대여소 정보(25.12월 기준).xlsx
4317,양재근린공원,서초구,양재동 310-6,37.47039795,127.0424118,"2021-02-19 00:00:00",,5.0,QR,공공자전거 대여소 정보(25.12월 기준).xlsx
4318,방배역 2번 출구,서초구,방배동 981-16,37.48116684,126.99758911,"2021-02-19 00:00:00",,5.0,QR,공공자전거 대여소 정보(25.12월 기준).xlsx
4319,삼성전자R&D어린이집 뒤,서초구,서초구 성촌 1길 20,37.46559143,127.02184296,"2020-12-22 00:00:00",,7.0,QR,공공자전거 대여소 정보(25.12월 기준).xlsx
4320,신영체르니 아파트,서초구,서울 서초구 논현로27길 57,37.47901154,127.04144287,"2020-12-14 00:00:00",,11.0,QR,공공자전거 대여소 정보(25.12월 기준).xlsx
4322,서울추모공원 입구,서초구,서초구 원지동 산83-9(추모공원내),37.45429993,127.04283142,"2021-06-23 00:00:00",,15.0,QR,공공자전거 대여소 정보(25.12월 기준).xlsx
4323,내곡도서관,서초구,신원동 328,37.45199966,127.05391693,"2021-07-13 00:00:00",,10.0,QR,공공자전거 대여소 정보(25.12월 기준).xlsx
4324,세화고등학교,서초구,서초구 반포동 753,37.50209427,126.99147034,"2021-10-01 00:00:00",,5.0,QR,공공자전거 대여소 정보(25.12월 기준).xlsx
4327,몽마르뜨공원입구,서초구,서초구 동광로 몽마르뜨공원 입구,37.4928894,127.0026474,"2021-11-05 00:00:00",,11.0,QR,공공자전거 대여소 정보(25.12월 기준).xlsx
4329,SC제일은행 양재동지점 앞,서초구,강남대로 251 해동빌딩앞,37.48573685,127.03315735,"2021-11-05 00:00:00",,8.0,QR,공공자전거 대여소 정보(25.12월 기준).xlsx
4332,이수교차로,서초구,서초구 방배동 752-37,37.49817276,126.98448181,"2022-06-09 00:00:00",,5.0,QR,공공자전거 대여소 정보(25.12월 기준).xlsx
4333,서울고등학교 건너편,서초구,서초구 서초동 1487-1,37.48285294,127.00597382,"2022-09-28 00:00:00",,5.0,QR,공공자전거 대여소 정보(25.12월 기준).xlsx
4334,인재개발원 데이터센터,서초구,서초구 서초동 391,37.4801178,127.02180481,"2022-10-14 00:00:00",,7.0,QR,공공자전거 대여소 정보(25.12월 기준).xlsx
4336,서울교육청 교육연수원 앞,서초구,서초구 방배동 490-4,37.473423,126.99777222,"2022-12-05 00:00:00",,10.0,QR,공공자전거 대여소 정보(25.12월 기준).xlsx
4337,우면산등산로입구,서초구,서초구 방배동 산 33-2,37.47691727,127.00611115,"2022-12-05 00:00:00",,10.0,QR,공공자전거 대여소 정보(25.12월 기준).xlsx
4338,새정이마을 버스정류장 앞,서초구,서초구 새정길 4,37.43474579,127.06594849,"2023-03-02 00:00:00",,5.0,QR,공공자전거 대여소 정보(25.12월 기준).xlsx
4340,방배래미안아트힐아파트 앞,서초구,서초구 남부순환로 2311-12,37.47730637,127.00592041,"2023-03-23 00:00:00",,5.0,QR,공공자전거 대여소 정보(25.12월 기준).xlsx
4341,영동1교 북단,서초구,서초구 양재동 105-20,37.47555923,127.03826141,"2023-03-23 00:00:00",,5.0,QR,공공자전거 대여소 정보(25.12월 기준).xlsx
4343,헌인릉 입구,서초구,서초구 내곡동 1-3244,37.46066284,127.08129883,"2023-08-18 00:00:00",,5.0,QR,공공자전거 대여소 정보(25.12월 기준).xlsx
4344,양재대로(구룡지하차도 앞),서초구,서초구 양재동 385-14,37.46949005,127.04788208,"2024-05-14 00:00:00",,5.0,QR,공공자전거 대여소 정보(25.12월 기준).xlsx
4345,반포역 4번출구,서초구,서초구 잠원동 157,37.50789642,127.01005554,"2024-07-15 00:00:00",,6.0,QR,공공자전거 대여소 정보(25.12월 기준).xlsx
4346,장학재단빌딩 앞,서초구,서초구 서초중앙로 199,37.4997139,127.01212311,"2025-04-08 00:00:00",,7.0,QR,공공자전거 대여소 정보(25.12월 기준).xlsx
4347,논현지하보도,서초구,서초구 강남대로 519,37.50836945,127.02232361,"2024-09-10 00:00:00",,10.0,QR,공공자전거 대여소 정보(25.12월 기준).xlsx
4348,사당역 1번출구,서초구,서초구 방배동 505-2,37.47597885,126.98390961,"2024-11-01 00:00:00",,5.0,QR,공공자전거 대여소 정보(25.12월 기준).xlsx
4349,삼성화재서초타워,서초구,서초구 강남대로 355,37.49446869,127.02896118,"2025-04-08 00:00:00",,6.0,QR,공공자전거 대여소 정보(25.12월 기준).xlsx
4350,누리숲어린이공원 앞,서초구,서초구 서운로 221,37.50208664,127.0216217,"2025-06-12 00:00:00",,5.0,QR,공공자전거 대여소 정보(25.12월 기준).xlsx
4351,서울AI허브 앞,서초구,서초구 태봉로 108,37.46693802,127.0280838,"2025-07-31 00:00:00",,7.0,QR,공공자전거 대여소 정보(25.12월 기준).xlsx
4353,코오롱디지털타워 3차앞,성동구,서울특별시 성동구 아차산로 39-1 구두수선대,37.54655838,127.04998779,"2020-11-03 00:00:00",,8.0,QR,공공자전거 대여소 정보(25.12월 기준).xlsx
4360,르노삼성자동차 성수사업소 앞,성동구,서울특별시 성동구 광나루로270,37.54824448,127.05957794,"2020-11-03 00:00:00",,15.0,QR,공공자전거 대여소 정보(25.12월 기준).xlsx
4362,행당중학교 후문,성동구,서울특별시 성동구 왕십리로189,37.5540123,127.04154968,"2020-11-03 00:00:00",,8.0,QR,공공자전거 대여소 정보(25.12월 기준).xlsx
4363,신금호역 2번출구 앞,성동구,서울특별시 성동구 신금호역 2번출구,37.55507278,127.01988983,"2021-06-25 00:00:00",,4.0,QR,공공자전거 대여소 정보(25.12월 기준).xlsx
4367,kt 행당빌딩 앞,성동구,서울특별시 성동구 성동구 고산자로 212,37.55862045,127.03435516,"2021-04-26 00:00:00",,5.0,QR,공공자전거 대여소 정보(25.12월 기준).xlsx
4370,성동교 사거리,성동구,서울특별시 성동구 성동구 광나루로 130,37.55141449,127.04475403,"2021-05-26 00:00:00",,9.0,QR,공공자전거 대여소 정보(25.12월 기준).xlsx
4373,서울숲 지식산업센터,성동구,서울특별시 성동구 서울 성동구 성수일로 10. 서울숲 itct 지식산업센터 앞,37.54127502,127.04849243,"2021-10-27 00:00:00",,11.0,QR,공공자전거 대여소 정보(25.12월 기준).xlsx
4377,우영테크노센터 앞,성동구,서울특별시 성동구 성동구 아차산로 144,37.54332352,127.05971527,"2021-10-28 00:00:00",,8.0,QR,공공자전거 대여소 정보(25.12월 기준).xlsx
4381,더스페이스타워 앞,성동구,서울특별시 성동구 광나루로 144 더 스페이스 타워,37.55140305,127.04636383,"2022-02-10 00:00:00",,8.0,QR,공공자전거 대여소 정보(25.12월 기준).xlsx
4382,페코텍글로벌허브빌딩 앞,성동구,서울특별시 성동구 동일로 169,37.54753494,127.06682587,"2022-02-10 00:00:00",,7.0,QR,공공자전거 대여소 정보(25.12월 기준).xlsx
4383,푸조비즈타워 앞,성동구,서울특별시 성동구 성동구 광나루로 310,37.54808044,127.06461334,"2022-02-10 00:00:00",,4.0,QR,공공자전거 대여소 정보(25.12월 기준).xlsx
4385,용답동 우체국 주변,성동구,서울특별시 성동구 천호대로 384,37.56168747,127.06151581,"2022-07-11 00:00:00",,5.0,QR,공공자전거 대여소 정보(25.12월 기준).xlsx
4386,현대자동차 동부서비스센터 주변,성동구,서울특별시 성동구 성수이로 134 현대자동차써비스(주)동부사업소,37.546978,127.05796814,"2022-08-23 00:00:00",,5.0,QR,공공자전거 대여소 정보(25.12월 기준).xlsx
4387,성수역 1번출구 주변,성동구,서울특별시 성동구 아차산로 83 에프투텔레콤,37.54555893,127.05336761,"2022-08-23 00:00:00",,8.0,QR,공공자전거 대여소 정보(25.12월 기준).xlsx
4389,서울숲역3번출구,성동구,성동구 성수동1가 694-71,37.54255676,127.04423523,"2023-01-09 00:00:00",,5.0,QR,공공자전거 대여소 정보(25.12월 기준).xlsx
4390,신답역 1번출구,성동구,성동구 용답동 128-3,37.57045364,127.04694366,"2023-04-07 00:00:00",,5.0,QR,공공자전거 대여소 정보(25.12월 기준).xlsx
4393,상원삼거리 장안철교 아래,성동구,성동구 성수동1가 2-20,37.55105209,127.05222321,"2023-09-11 00:00:00",,10.0,QR,공공자전거 대여소 정보(25.12월 기준).xlsx
4394,서울시립24시간게스트하우스,성동구,성동구 송정동 73-1113,37.55433273,127.05822754,"2023-12-08 00:00:00",,2.0,QR,공공자전거 대여소 정보(25.12월 기준).xlsx
4396,마장축산물시장 서문 인근,성동구,성동구 고산자로 332,37.56911469,127.03754425,"2024-08-23 00:00:00",,8.0,QR,공공자전거 대여소 정보(25.12월 기준).xlsx
4397,마장축산물시장 북문 건너편,성동구,성동구 살곶이길 7,37.57179642,127.03865814,"2024-08-25 00:00:00",,14.0,QR,공공자전거 대여소 정보(25.12월 기준).xlsx
4398,유원지식산업센터 앞,성동구,성동구 성수일로6길 53,37.54436493,127.05593109,"2024-09-02 00:00:00",,12.0,QR,공공자전거 대여소 정보(25.12월 기준).xlsx
4399,더리브 세종타워 앞,성동구,성동구 아차산로 126,37.54378128,127.0580368,"2024-09-02 00:00:00",,7.0,QR,공공자전거 대여소 정보(25.12월 기준).xlsx
4401,뚝섬유수지 공영주차장,성동구,성동구 성수동1가 669-4,37.55018234,127.042099,"2025-08-22 00:00:00",,10.0,QR,공공자전거 대여소 정보(25.12월 기준).xlsx
4406,장곡초등학교 앞,성북구,서울특별시 성북구 장위동 237-132,37.61745453,127.04844666,"2021-04-12 00:00:00",,10.0,QR,공공자전거 대여소 정보(25.12월 기준).xlsx
4411,동산어린이공원 앞,성북구,서울특별시 성북구 성북구 하월곡동 96-78,37.60623932,127.03466034,"2021-07-15 00:00:00",,5.0,QR,공공자전거 대여소 정보(25.12월 기준).xlsx
4414,안암역 3번 출구,성북구,서울특별시 성북구 고려대로 104-1,37.58625031,127.03095245,"2021-10-01 00:00:00",,8.0,QR,공공자전거 대여소 정보(25.12월 기준).xlsx
4415,미아초교버스승강장,성북구,서울특별시 성북구 성북구 길음동 1261-535,37.61207962,127.02198029,"2021-10-27 00:00:00",,7.0,QR,공공자전거 대여소 정보(25.12월 기준).xlsx
4417,성북청소년문화의집,성북구,서울특별시 성북구 성북구 솔샘로 107,37.61566925,127.00876617,"2022-02-11 00:00:00",,10.0,QR,공공자전거 대여소 정보(25.12월 기준).xlsx
4418,종암동 동덕여대 제2생활관 앞,성북구,서울특별시 성북구 성북구 종암로 123,37.60108948,127.03331757,"2022-02-11 00:00:00",,8.0,QR,공공자전거 대여소 정보(25.12월 기준).xlsx
4419,성북구 한예종 캠퍼스 본관,성북구,서울특별시 성북구 화랑로32길 146-37 한국예술종합학교,37.60665131,127.05618286,"2022-01-17 00:00:00",,6.0,QR,공공자전거 대여소 정보(25.12월 기준).xlsx
4420,성북구 한예종 캠퍼스 별관,성북구,서울특별시 성북구 화랑로32길 146-20 문화재청의릉지구관리소,37.60289764,127.05847931,"2022-01-17 00:00:00",,6.0,QR,공공자전거 대여소 정보(25.12월 기준).xlsx
4421,롯데캐슬클라시아 입구 앞,성북구,서울특별시 성북구 길음동 1289-3,37.6069603,127.02606964,"2022-10-18 00:00:00",,10.0,QR,공공자전거 대여소 정보(25.12월 기준).xlsx
4423,현대백화점 미아점,성북구,성북구 길음동 20-1,37.60884857,127.02845764,"2023-01-05 00:00:00",,10.0,QR,공공자전거 대여소 정보(25.12월 기준).xlsx
4425,하늘채코오롱아파트 앞,성북구,성북구 돌곶이로 220,37.61924744,127.04558563,"2023-09-06 00:00:00",,10.0,QR,공공자전거 대여소 정보(25.12월 기준).xlsx
4427,동일하이빌뉴시티,성북구,성북구 종암로 167,37.60515213,127.03129578,"2024-10-10 00:00:00",,10.0,QR,공공자전거 대여소 정보(25.12월 기준).xlsx
4428,돈암동부센트레빌상가,성북구,성북구 정릉로 388,37.60254669,127.02561951,"2025-06-11 00:00:00",,7.0,QR,공공자전거 대여소 정보(25.12월 기준).xlsx
4452,삼성SDS,송파구,올림픽로35길 125,37.51633835,127.09985352,"2021-01-04 00:00:00",,10.0,QR,공공자전거 대여소 정보(25.12월 기준).xlsx
4453,위례중앙푸르지오 201동 앞,송파구,위례광장로 290,37.47434616,127.14326477,"2020-12-30 00:00:00",,15.0,QR,공공자전거 대여소 정보(25.12월 기준).xlsx
4454,위례 포레샤인 1809동 부근,송파구,거여동 274,37.48687744,127.1526947,"2021-01-22 00:00:00",,15.0,QR,공공자전거 대여소 정보(25.12월 기준).xlsx
4457,아산병원 기숙사 부근,송파구,올림픽로43길 88,37.52478027,127.10913086,"2021-01-04 00:00:00",,50.0,QR,공공자전거 대여소 정보(25.12월 기준).xlsx
4458,가락2동주민센터 인근,송파구,중대로191,37.49917603,127.12589264,"2021-01-04 00:00:00",,10.0,QR,공공자전거 대여소 정보(25.12월 기준).xlsx
4460,올림픽훼미리아파트 112동 앞,송파구,중대로24,37.48807144,127.11863708,"2021-01-05 00:00:00",,8.0,QR,공공자전거 대여소 정보(25.12월 기준).xlsx
4461,한양3차아파트 3동 앞,송파구,방이동225,37.50585175,127.12194061,"2021-01-04 00:00:00",,7.0,QR,공공자전거 대여소 정보(25.12월 기준).xlsx
4462,가락중학교 앞,송파구,송파동166-2,37.50223541,127.11728668,"2021-01-05 00:00:00",,8.0,QR,공공자전거 대여소 정보(25.12월 기준).xlsx
4463,방이역 2번 출구,송파구,오금동43,37.50801468,127.12594604,"2021-01-04 00:00:00",,10.0,QR,공공자전거 대여소 정보(25.12월 기준).xlsx
4464,올림픽공원 북2문 A,송파구,방이동88-16,37.52357483,127.12804413,"2020-12-23 00:00:00",,15.0,QR,공공자전거 대여소 정보(25.12월 기준).xlsx
4465,건영아파트앞 사거리,송파구,문정동 72,37.48245621,127.12460327,"2021-01-05 00:00:00",,10.0,QR,공공자전거 대여소 정보(25.12월 기준).xlsx
4468,가락1동주민센터,송파구,양재대로 925,37.49650955,127.11032867,"2020-12-30 00:00:00",,15.0,QR,공공자전거 대여소 정보(25.12월 기준).xlsx
4469,거여동 어울림아파트 102동앞,송파구,오금로56길28,37.49198532,127.14373016,"2021-01-04 00:00:00",,10.0,QR,공공자전거 대여소 정보(25.12월 기준).xlsx
4472,송파파크데일 1단지 115동 건너편,송파구,마천동588,37.49763107,127.15966797,"2020-12-23 00:00:00",,10.0,QR,공공자전거 대여소 정보(25.12월 기준).xlsx
4473,마천금호어울림 1차 102동앞,송파구,성내천로245,37.49808884,127.15429688,"2020-12-23 00:00:00",,10.0,QR,공공자전거 대여소 정보(25.12월 기준).xlsx
4474,가락현대 1차 11동 앞,송파구,문정동 3,37.49146652,127.12664032,"2020-12-24 00:00:00",,10.0,QR,공공자전거 대여소 정보(25.12월 기준).xlsx
4475,송파파인타운 4단지 403동,송파구,새말로12길 16,37.48174286,127.12878418,"2020-12-24 00:00:00",,10.0,QR,공공자전거 대여소 정보(25.12월 기준).xlsx
4478,문정근린공원2,송파구,문정동90,37.4861145,127.12667084,"2020-12-30 00:00:00",,10.0,QR,공공자전거 대여소 정보(25.12월 기준).xlsx
4479,문정중학교,송파구,문정로73,37.48827362,127.1306839,"2020-12-30 00:00:00",,10.0,QR,공공자전거 대여소 정보(25.12월 기준).xlsx
4480,가락시장 남1문 사거리,송파구,중대로70-2,37.49201584,127.11745453,"2021-01-04 00:00:00",,10.0,QR,공공자전거 대여소 정보(25.12월 기준).xlsx
4481,올림픽공원 북2문 B,송파구,방이동88-16,37.52397537,127.12751007,"2020-12-23 00:00:00",,25.0,QR,공공자전거 대여소 정보(25.12월 기준).xlsx
4483,잠실나들목4,송파구,잠실동24,37.5161171,127.08466339,"2020-12-24 00:00:00",,10.0,QR,공공자전거 대여소 정보(25.12월 기준).xlsx
4484,잠실나루역4번출구뒤,송파구,신천동15,37.52080917,127.10362244,"2021-01-04 00:00:00",,10.0,QR,공공자전거 대여소 정보(25.12월 기준).xlsx
4485,잠실나루역 고가하부,송파구,오금로20,37.51988602,127.1043396,"2021-01-04 00:00:00",,10.0,QR,공공자전거 대여소 정보(25.12월 기준).xlsx
4486,홈플러스 잠실점,송파구,올림픽로35가길 16,37.51613998,127.103508,"2021-01-04 00:00:00",,10.0,QR,공공자전거 대여소 정보(25.12월 기준).xlsx
4488,문현중고등학교 사이,송파구,장지동838-2,37.48051071,127.12862396,"2020-12-24 00:00:00",,10.0,QR,공공자전거 대여소 정보(25.12월 기준).xlsx
4490,송파파인타운 10단지 1005동,송파구,송파대로8길 20,37.4777832,127.13205719,"2020-12-24 00:00:00",,10.0,QR,공공자전거 대여소 정보(25.12월 기준).xlsx
4491,장지역 1번출구,송파구,충민로2길 8,37.47953415,127.12678528,"2021-01-05 00:00:00",,10.0,QR,공공자전거 대여소 정보(25.12월 기준).xlsx
4493,마천사거리 2,송파구,마천동 36,37.49900436,127.14694214,"2021-01-04 00:00:00",,10.0,QR,공공자전거 대여소 정보(25.12월 기준).xlsx
4496,잠실 파크리오 120동 앞,송파구,올림픽로 435,37.51921082,127.10794067,"2020-12-24 00:00:00",,10.0,QR,공공자전거 대여소 정보(25.12월 기준).xlsx
4497,아시아선수촌아파트 교차로,송파구,올림픽로4길 15,37.50679016,127.07926941,"2021-01-04 00:00:00",,20.0,QR,공공자전거 대여소 정보(25.12월 기준).xlsx
4499,세양청마루 101동 앞,송파구,송이로31길 66,37.49236679,127.1365509,"2020-12-30 00:00:00",,10.0,QR,공공자전거 대여소 정보(25.12월 기준).xlsx
4507,신정제일시장,양천구,신월로 308,37.52124786,126.85495758,"2021-04-01 00:00:00",,10.0,QR,공공자전거 대여소 정보(25.12월 기준).xlsx
4508,유원목동아파트 103동 앞,양천구,신목로 77,37.52109528,126.87320709,"2021-04-05 00:00:00",,10.0,QR,공공자전거 대여소 정보(25.12월 기준).xlsx
4509,서울영상고교 입구,양천구,신월로 347,37.52198029,126.85928345,"2021-04-01 00:00:00",,15.0,QR,공공자전거 대여소 정보(25.12월 기준).xlsx
4510,신정네거리역 교차로,양천구,중앙로 280,37.52175903,126.85228729,"2021-05-27 00:00:00",,13.0,QR,공공자전거 대여소 정보(25.12월 기준).xlsx
4512,목동13_14단지 사거리,양천구,목동동로 130,37.5140686,126.86998749,"2021-04-05 00:00:00",,15.0,QR,공공자전거 대여소 정보(25.12월 기준).xlsx
4514,목동성당 앞,양천구,목동서로 271,37.52319717,126.86930084,"2021-04-05 00:00:00",,20.0,QR,공공자전거 대여소 정보(25.12월 기준).xlsx
4515,동문굿모닝탑,양천구,목동동로 53,37.51481247,126.86117554,"2021-04-05 00:00:00",,10.0,QR,공공자전거 대여소 정보(25.12월 기준).xlsx
4517,성보하이드로빌딩,양천구,남부순환로 435,37.52893829,126.83312225,"2021-03-29 00:00:00",,10.0,QR,공공자전거 대여소 정보(25.12월 기준).xlsx
4518,청기와빌딩,양천구,신월로 200,37.52011108,126.84474945,"2021-04-06 00:00:00",,10.0,QR,공공자전거 대여소 정보(25.12월 기준).xlsx
4519,양원보도육교,양천구,화곡로 16,37.53924561,126.8237381,"2021-03-29 00:00:00",,8.0,QR,공공자전거 대여소 정보(25.12월 기준).xlsx
4520,대성유니드아파트,양천구,신월로15길 25,37.52091599,126.84095764,"2021-04-06 00:00:00",,10.0,QR,공공자전거 대여소 정보(25.12월 기준).xlsx
4522,신곡시장,양천구,신월로 160,37.51779556,126.84161377,"2021-04-09 00:00:00",,10.0,QR,공공자전거 대여소 정보(25.12월 기준).xlsx
4523,구립양천어르신요양센터,양천구,신월로 26,37.51351166,126.82681274,"2021-06-09 00:00:00",,20.0,QR,공공자전거 대여소 정보(25.12월 기준).xlsx
4526,목동아파트2단지 222동 앞,양천구,양천구 목동중앙로 125건너편,37.53968811,126.87498474,"2021-04-06 00:00:00",,10.0,QR,공공자전거 대여소 정보(25.12월 기준).xlsx
4527,목동신시가지아파트6단지,양천구,양천구 목동동로 430(6단지 상가동 앞),37.53684616,126.88475037,"2021-04-23 00:00:00",,15.0,QR,공공자전거 대여소 정보(25.12월 기준).xlsx
4528,양천구청역 1번출구,양천구,양천구 신정동 276-7,37.51292038,126.8667984,"2021-03-09 00:00:00",,8.0,QR,공공자전거 대여소 정보(25.12월 기준).xlsx
4530,방아다리어린이공원,양천구,양천구 화곡로 64,37.53936005,126.82886505,"2021-04-26 00:00:00",,10.0,QR,공공자전거 대여소 정보(25.12월 기준).xlsx
4531,목동아파트 613동 앞,양천구,"양천구 목동동로 430
(613동 인근 상가동 앞)",37.53315735,126.88408661,"2021-06-01 00:00:00",,10.0,QR,공공자전거 대여소 정보(25.12월 기준).xlsx
4532,목동현대아파트 후문 앞,양천구,양천구 신정동 1279,37.5221405,126.87805939,"2021-07-14 00:00:00",,10.0,QR,공공자전거 대여소 정보(25.12월 기준).xlsx
4535,목동12단지 아파트,양천구,"양천구 목동동로 50
(관리동 앞)",37.51412201,126.86040497,"2021-11-09 00:00:00",,10.0,QR,공공자전거 대여소 정보(25.12월 기준).xlsx
4536,양천해누리체육공원,양천구,"양천구 안양천로 711
(주출입구 좌측)",37.51174164,126.8738327,"2021-11-09 00:00:00",,23.0,QR,공공자전거 대여소 정보(25.12월 기준).xlsx
4537,서울남부지방검찰청 후문,양천구,양천구 신월로 390,37.52164078,126.86555481,"2022-02-08 00:00:00",,6.0,QR,공공자전거 대여소 정보(25.12월 기준).xlsx
4538,양천공영차고지,양천구,서울시 양천구 신정종 836-38,37.50922012,126.8371582,"2022-02-08 00:00:00",,10.0,QR,공공자전거 대여소 정보(25.12월 기준).xlsx
4539,목동7단지아파트 A상가,양천구,양천구 목동로 212,37.52624512,126.86578369,"2022-05-10 00:00:00",,8.0,QR,공공자전거 대여소 정보(25.12월 기준).xlsx
4540,목동역 3번 출구,양천구,양천구 목동 926-3,37.52653122,126.86445618,"2022-07-18 00:00:00",,10.0,QR,공공자전거 대여소 정보(25.12월 기준).xlsx
4541,갈산문화예술센터,양천구,신정동 330-12,37.51097488,126.86984253,"2022-06-22 00:00:00",,9.0,QR,공공자전거 대여소 정보(25.12월 기준).xlsx
4542,월정초 사거리,양천구,양천구 신월동 92-2,37.53642654,126.83341217,"2022-09-29 00:00:00",,5.0,QR,공공자전거 대여소 정보(25.12월 기준).xlsx
4543,오목교역 6번 출구,양천구,양천구 신목로 102,37.5236702,126.87567139,"2022-10-20 00:00:00",,9.0,QR,공공자전거 대여소 정보(25.12월 기준).xlsx
4544,경창시장,양천구,양천구 신월동 446-3,37.52399445,126.84213257,"2023-02-23 00:00:00",,8.0,QR,공공자전거 대여소 정보(25.12월 기준).xlsx
4545,청소년음악센터,양천구,양천구 신정동 1290-6,37.51061249,126.84261322,"2023-03-27 00:00:00",,10.0,QR,공공자전거 대여소 정보(25.12월 기준).xlsx
4546,목동운동장 주경기장,양천구,양천구 안양천로 939,37.53002167,126.88219452,"2023-04-07 00:00:00",,14.0,QR,공공자전거 대여소 정보(25.12월 기준).xlsx
4547,목동역 2번출구,양천구,양천구 목동로 201,37.52649689,126.86406708,"2024-05-29 00:00:00",,15.0,QR,공공자전거 대여소 정보(25.12월 기준).xlsx
4548,신목동역 1번 출구,양천구,양천구 목동 413-3,37.54470444,126.88251495,"2025-10-02 00:00:00",,7.0,QR,공공자전거 대여소 정보(25.12월 기준).xlsx
4549,목동4단지 아파트,양천구,양천구 목동서로 130 목동신시가지아파트4단지,37.53205872,126.87450409,"2025-11-03 00:00:00",,10.0,QR,공공자전거 대여소 정보(25.12월 기준).xlsx
4552,코레일유통본사,영등포구,영등포구 국회대로 612,37.52617645,126.90197754,"2021-05-17 00:00:00",,10.0,QR,공공자전거 대여소 정보(25.12월 기준).xlsx
4553,당산삼성2차아파트,영등포구,영등포구 당산동4가 94-1,37.52762222,126.89863586,"2021-05-17 00:00:00",,10.0,QR,공공자전거 대여소 정보(25.12월 기준).xlsx
4555,대림우성2차아파트,영등포구,영등포구 도림로47길 1,37.49519348,126.900177,"2021-05-18 00:00:00",,10.0,QR,공공자전거 대여소 정보(25.12월 기준).xlsx
4556,리버뷰신안인스빌1차 후문,영등포구,영등포구 경인로77길 49,37.51374817,126.88851166,"2020-12-22 00:00:00",,10.0,QR,공공자전거 대여소 정보(25.12월 기준).xlsx
4557,리버뷰신안인스빌2차 후문,영등포구,영등포구 도림로143길 27,37.51288223,126.89026642,"2020-12-22 00:00:00",,10.0,QR,공공자전거 대여소 정보(25.12월 기준).xlsx
4558,대영중고 후문,영등포구,영등포구 가마산로 426,37.50545502,126.90626526,"2021-05-17 00:00:00",,10.0,QR,공공자전거 대여소 정보(25.12월 기준).xlsx
4559,신길역 2번출구,영등포구,영등포구 신길동 42-7,37.51756287,126.91698456,"2021-05-18 00:00:00",,10.0,QR,공공자전거 대여소 정보(25.12월 기준).xlsx
4560,양평동성원아파트,영등포구,영등포구 양평로17길 36,37.53374481,126.89365387,"2021-05-17 00:00:00",,10.0,QR,공공자전거 대여소 정보(25.12월 기준).xlsx
4561,양평역 1번출구,영등포구,영등포구 양평동3가 22-1,37.52572632,126.88600159,"2021-05-17 00:00:00",,10.0,QR,공공자전거 대여소 정보(25.12월 기준).xlsx
4563,여의도 은하아파트,영등포구,영등포구 여의도동 52,37.51850891,126.93448639,"2021-05-18 00:00:00",,10.0,QR,공공자전거 대여소 정보(25.12월 기준).xlsx
4564,"63스퀘어",영등포구,영등포구 여의도동 6,37.52070999,126.93965912,"2021-05-18 00:00:00",,10.0,QR,공공자전거 대여소 정보(25.12월 기준).xlsx
4565,영등포 신세계백화점,영등포구,영등포구 영등포4가 442-6,37.51803589,126.90364838,"2021-05-18 00:00:00",,10.0,QR,공공자전거 대여소 정보(25.12월 기준).xlsx
4566,대림성원상떼빌아파트,영등포구,영등포구 대림로 256,37.5038414,126.89615631,"2021-05-17 00:00:00",,15.0,QR,공공자전거 대여소 정보(25.12월 기준).xlsx
4567,한림대학교 강남성심병원 신관,영등포구,영등포구 시흥대로 665,37.49128342,126.90802002,"2021-05-18 00:00:00",,10.0,QR,공공자전거 대여소 정보(25.12월 기준).xlsx
4569,힐스테이트클래시안아파트,영등포구,영등포구 신길동 242-193,37.50508881,126.91334534,"2021-05-17 00:00:00",,10.0,QR,공공자전거 대여소 정보(25.12월 기준).xlsx
4571,문래동롯데캐슬아파트,영등포구,영등포구 선유로9길 30,37.51800156,126.88459778,"2021-05-17 00:00:00",,10.0,QR,공공자전거 대여소 정보(25.12월 기준).xlsx
4573,두산위브아파트,영등포구,영등포구 신길로60나길 9,37.51470184,126.91213989,"2021-05-17 00:00:00",,10.0,QR,공공자전거 대여소 정보(25.12월 기준).xlsx
4574,영등포시장역 포레나영등포,영등포구,영등포구 영등포동7가 23-4,37.52341461,126.90540314,"2021-05-17 00:00:00",,9.0,QR,공공자전거 대여소 정보(25.12월 기준).xlsx
4575,대림동 e편한세상영등포아델포레,영등포구,영등포구 대림동 917-49,37.49582291,126.90835571,"2021-05-18 00:00:00",,10.0,QR,공공자전거 대여소 정보(25.12월 기준).xlsx
4576,보라매sk뷰 108동 앞,영등포구,여의대방로35가길19(신길동),37.50160599,126.91744995,"2021-03-08 00:00:00",,15.0,QR,공공자전거 대여소 정보(25.12월 기준).xlsx
4578,보라매sk뷰,영등포구,여의대방로35가길19(신길동),37.50400543,126.92028046,"2021-03-08 00:00:00",,10.0,QR,공공자전거 대여소 정보(25.12월 기준).xlsx
4579,국회의사당 본관,영등포구,국회의사당 경내,37.5325737,126.91404724,"2021-03-10 00:00:00",,10.0,QR,공공자전거 대여소 정보(25.12월 기준).xlsx
4580,국회제2의원회관,영등포구,국회의사당 경내,37.52974701,126.91316986,"2021-03-10 00:00:00",,12.0,QR,공공자전거 대여소 정보(25.12월 기준).xlsx
4581,국회소통관,영등포구,국회의사당 경내,37.53050232,126.9128952,"2021-03-10 00:00:00",,12.0,QR,공공자전거 대여소 정보(25.12월 기준).xlsx
4582,국회도서관,영등포구,국회의사당 경내,37.53054047,126.91817474,"2021-03-10 00:00:00",,12.0,QR,공공자전거 대여소 정보(25.12월 기준).xlsx
4583,의정관,영등포구,국회의사당 경내,37.53214645,126.91747284,"2021-03-11 00:00:00",,12.0,QR,공공자전거 대여소 정보(25.12월 기준).xlsx
4584,국회2문,영등포구,국회의사당 경내,37.52864075,126.91510773,"2021-03-10 00:00:00",,8.0,QR,공공자전거 대여소 정보(25.12월 기준).xlsx
4585,국회6문,영등포구,국회의사당 경내,37.53271866,126.91799164,"2021-03-11 00:00:00",,6.0,QR,공공자전거 대여소 정보(25.12월 기준).xlsx
4588,양남사거리2,영등포구,양평1가 19-2,37.52194977,126.8904953,"2021-06-15 00:00:00",,10.0,QR,공공자전거 대여소 정보(25.12월 기준).xlsx
4589,KRX한국거래소(1),영등포구,영등포구 여의나루로 76,37.52347946,126.92711639,"2021-07-23 00:00:00",,18.0,QR,공공자전거 대여소 정보(25.12월 기준).xlsx
4591,신길자이아파트,영등포구,"영등포구 가마산로79길19
(신길자이@ 104동 쪽)",37.50601196,126.91588593,"2021-08-02 00:00:00",,20.0,QR,공공자전거 대여소 정보(25.12월 기준).xlsx
4592,신길우성4차아파트,영등포구,"영등포구 도신로
(신길우성4차 401동 앞)",37.51283264,126.91763306,"2021-08-02 00:00:00",,14.0,QR,공공자전거 대여소 정보(25.12월 기준).xlsx
4594,양평교 영등포대여소,영등포구,영등포구 양평동5가 51-1,37.53972626,126.8903656,"2021-08-30 00:00:00",,15.0,QR,공공자전거 대여소 정보(25.12월 기준).xlsx
4598,오목교 동측 지하보도,영등포구,영등포구 양평동2가 41-87,37.52364349,126.88183594,"2021-09-28 00:00:00",,9.0,QR,공공자전거 대여소 정보(25.12월 기준).xlsx
4599,대림우성아파트 사거리,영등포구,영등포구 양평동2가 41-87,37.49484634,126.90029144,"2021-09-28 00:00:00",,15.0,QR,공공자전거 대여소 정보(25.12월 기준).xlsx
4600,영등포구 총괄 우체국,영등포구,영등포구 당산동4가 93-6 앞,37.52915192,126.89447784,"2021-12-02 00:00:00",,10.0,QR,공공자전거 대여소 정보(25.12월 기준).xlsx
4601,양평역2번출구 뒤,영등포구,영등포로5길 50,37.5255661,126.88584137,"2022-01-04 00:00:00",,10.0,QR,공공자전거 대여소 정보(25.12월 기준).xlsx
4603,한강GS에클라트 건너편 교통섬,용산구,서울특별시 용산구 원효로4가 113-54,37.53200531,126.95555878,"2021-06-25 00:00:00",,10.0,QR,공공자전거 대여소 정보(25.12월 기준).xlsx
4604,원효로다목적체육관 앞,용산구,서울특별시 용산구 원효로3가 54-14,37.5332222,126.95723724,"2020-10-30 00:00:00",,15.0,QR,공공자전거 대여소 정보(25.12월 기준).xlsx
4607,국립중앙박물관 -용산가족공원 앞,용산구,서울특별시 용산구 용산동6가 11-438,37.52087784,126.97971344,"2020-10-29 00:00:00",,10.0,QR,공공자전거 대여소 정보(25.12월 기준).xlsx
4608,국립중앙박물관 정문 앞,용산구,서울특별시 용산구 용산동6가 11-438,37.52145767,126.97767639,"2020-10-30 00:00:00",,10.0,QR,공공자전거 대여소 정보(25.12월 기준).xlsx
4609,파크타워 104동 앞,용산구,서울특별시 용산구 서빙고로 69 파크타워아파트,37.52330017,126.97206116,"2020-10-30 00:00:00",,10.0,QR,공공자전거 대여소 정보(25.12월 기준).xlsx
4610,한남나인원 105동 앞,용산구,서울특별시 용산구 한남대로 91,37.53591919,127.00541687,"2020-10-29 00:00:00",,10.0,QR,공공자전거 대여소 정보(25.12월 기준).xlsx
4611,국제루터교회 앞,용산구,서울특별시 용산구 한남대로 148,37.54143906,127.00376129,"2020-10-29 00:00:00",,10.0,QR,공공자전거 대여소 정보(25.12월 기준).xlsx
4612,한남 준 JFSS 앞,용산구,서울특별시 용산구 이태원로 255,37.53749847,127.00084686,"2020-10-29 00:00:00",,8.0,QR,공공자전거 대여소 정보(25.12월 기준).xlsx
4613,서울갤러리아 앞,용산구,서울특별시 용산구 이태원로 239,37.53599548,126.99948883,"2020-10-29 00:00:00",,7.0,QR,공공자전거 대여소 정보(25.12월 기준).xlsx
4615,크라운호텔앞 버스정류소,용산구,서울특별시 용산구 녹사평대로 140,37.53030014,126.99137878,"2020-10-29 00:00:00",,7.0,QR,공공자전거 대여소 정보(25.12월 기준).xlsx
4616,신용산지하차도 앞,용산구,서울특별시 용산구 한강로3가 6,37.53248215,126.96411896,"2020-10-30 00:00:00",,15.0,QR,공공자전거 대여소 정보(25.12월 기준).xlsx
4617,동원베네스트 건너편,용산구,서울특별시 용산구 한강로3가 37-2,37.52761078,126.95511627,"2020-10-30 00:00:00",,6.0,QR,공공자전거 대여소 정보(25.12월 기준).xlsx
4618,풍전아파트 건너편,용산구,서울특별시 용산구 원효로4가 114-38,37.53237915,126.95252991,"2020-10-30 00:00:00",,10.0,QR,공공자전거 대여소 정보(25.12월 기준).xlsx
4619,한강트럼프월드3차 앞,용산구,서울특별시 용산구 한강대로 26,37.52301788,126.96240997,"2020-10-30 00:00:00",,10.0,QR,공공자전거 대여소 정보(25.12월 기준).xlsx
4620,삼각지역 14번 출구 앞(교통섬),용산구,서울특별시 용산구 이태원로 6,37.53528595,126.97408295,"2020-10-29 00:00:00",,8.0,QR,공공자전거 대여소 정보(25.12월 기준).xlsx
4621,남산도서관 앞,용산구,서울특별시 용산구 소월로 109 남산도서관,37.55240631,126.98201752,"2022-03-04 00:00:00",,12.0,QR,공공자전거 대여소 정보(25.12월 기준).xlsx
4622,한강중학교 앞 버스정류장,용산구,서울특별시 용산구 녹사평대로73,37.5251503,126.99208832,"2020-10-29 00:00:00",,6.0,QR,공공자전거 대여소 정보(25.12월 기준).xlsx
4623,라인프랜즈이태원점 앞,용산구,서울특별시 용산구 이태원로 177 6호선 이태원역,37.53453064,126.99619293,"2020-10-29 00:00:00",,10.0,QR,공공자전거 대여소 정보(25.12월 기준).xlsx
4625,용산공원갤러리앞,용산구,서울특별시 용산구 한강로1가 1-1,37.5393219,126.97319031,"2020-11-03 00:00:00",,8.0,QR,공공자전거 대여소 정보(25.12월 기준).xlsx
4627,효창공원앞역 5번출구 옆,용산구,서울특별시 용산구 용문동 5-47,37.53851318,126.96355438,"2020-10-29 00:00:00",,7.0,QR,공공자전거 대여소 정보(25.12월 기준).xlsx
4629,한강초교보도육교 앞,용산구,서울특별시 용산구 한강대로 52-1,37.52544022,126.96459961,"2020-10-30 00:00:00",,8.0,QR,공공자전거 대여소 정보(25.12월 기준).xlsx
4632,용산 푸르지오 파크타운 1단지 앞,용산구,서울특별시 용산구 용산구 동빙고동 315,37.52529526,126.99583435,"2021-07-14 00:00:00",,6.0,QR,공공자전거 대여소 정보(25.12월 기준).xlsx
4633,센트럴파크타워 앞,용산구,서울특별시 용산구 한강로2가 220-4,37.52703476,126.96617889,"2021-08-18 00:00:00",,16.0,QR,공공자전거 대여소 정보(25.12월 기준).xlsx
4634,이태원역 3번 출구,용산구,서울특별시 용산구 이태원로 186 국민은행,37.53440094,126.99466705,"2022-03-16 00:00:00",,5.0,QR,공공자전거 대여소 정보(25.12월 기준).xlsx
4636,용산구꿈나무종합타운 앞,용산구,서울특별시 용산구 원효로2가 1-73,37.53786087,126.96565247,"2022-06-08 00:00:00",,8.0,QR,공공자전거 대여소 정보(25.12월 기준).xlsx
4637,용산시티파크 101동 앞,용산구,서울특별시 용산구 한강로3가 64,37.52468109,126.96819305,"2022-06-09 00:00:00",,10.0,QR,공공자전거 대여소 정보(25.12월 기준).xlsx
4638,청파동삼거리 앞,용산구,서울특별시 용산구 청파로 312,37.54733658,126.97038269,"2022-06-09 00:00:00",,10.0,QR,공공자전거 대여소 정보(25.12월 기준).xlsx
4639,동빙고근린공원,용산구,서울특별시 용산구 용산동6가 69-170,37.51794052,126.98370361,"2022-06-09 00:00:00",,10.0,QR,공공자전거 대여소 정보(25.12월 기준).xlsx
4640,원효로2가 교차로,용산구,서울특별시 용산구 원효로53길 4,37.53577805,126.96221161,"2022-09-07 00:00:00",,8.0,QR,공공자전거 대여소 정보(25.12월 기준).xlsx
4641,아메리칸센터,용산구,서울특별시 용산구 이태원로 59,37.54039001,126.97349548,"2022-09-14 00:00:00",,10.0,QR,공공자전거 대여소 정보(25.12월 기준).xlsx
4642,용산더프라임아파트 101동 앞,용산구,서울특별시 용산구 문배동 44,37.53930283,126.97050476,"2022-10-17 00:00:00",,10.0,QR,공공자전거 대여소 정보(25.12월 기준).xlsx
4643,한가람아파트 앞,용산구,용산구 이촌동 301-5,37.5202713,126.97335052,"2023-07-17 00:00:00",,7.0,QR,공공자전거 대여소 정보(25.12월 기준).xlsx
4652,신사두산위브2차아파트 앞,은평구,가좌로12길,37.59931564,126.90759277,"2020-08-20 00:00:00",,10.0,QR,공공자전거 대여소 정보(25.12월 기준).xlsx
4653,불광역 9번 출구 맞은편,은평구,불광로 41,37.61156845,126.93048859,"2020-11-03 00:00:00",,10.0,QR,공공자전거 대여소 정보(25.12월 기준).xlsx
4657,본 서부병원 교차로 사거리,은평구,서울특별시 은평구 은평로127,37.60049438,126.92215729,"2021-03-19 00:00:00",,17.0,QR,공공자전거 대여소 정보(25.12월 기준).xlsx
4658,녹번역1번출구앞,은평구,서울특별시 은평구 통일로,37.60176849,126.9354248,"2021-03-18 00:00:00",,10.0,QR,공공자전거 대여소 정보(25.12월 기준).xlsx
4659,신진과학기술고등학교 버스정류장(응암시장 방면),은평구,서울특별시 은평구 응암로291,37.59750366,126.91999817,"2021-03-18 00:00:00",,10.0,QR,공공자전거 대여소 정보(25.12월 기준).xlsx
4663,"불광역3,6호선 버스정류장(동명여고 방면)",은평구,서울특별시 은평구 통일로760,37.61326218,126.92786407,"2021-03-17 00:00:00",,10.0,QR,공공자전거 대여소 정보(25.12월 기준).xlsx
4665,응암역3번 출구(서부경찰서 방면),은평구,서울특별시 은평구 은평로85 CJ드림시티 A동,37.59967041,126.91716003,"2021-03-19 00:00:00",,10.0,QR,공공자전거 대여소 정보(25.12월 기준).xlsx
4667,폭포동입구 교차로,은평구,서울특별시 은평구 연서로,37.62962723,126.93011475,"2021-03-17 00:00:00",,10.0,QR,공공자전거 대여소 정보(25.12월 기준).xlsx
4668,기자촌사거리 B,은평구,서울특별시 은평구 진관2로,37.63390732,126.93177795,"2021-03-17 00:00:00",,10.0,QR,공공자전거 대여소 정보(25.12월 기준).xlsx
4671,청구성심병원 앞,은평구,진관2로,37.62087631,126.9197998,"2021-03-17 00:00:00",,10.0,QR,공공자전거 대여소 정보(25.12월 기준).xlsx
4672,준빌딩 앞,은평구,진관2로,37.62205124,126.91958618,"2021-03-17 00:00:00",,10.0,QR,공공자전거 대여소 정보(25.12월 기준).xlsx
4674,녹번역e편한세상 캐슬 정문 앞,은평구,은평로220,37.60034561,126.93148041,"2021-03-18 00:00:00",,10.0,QR,공공자전거 대여소 정보(25.12월 기준).xlsx
4676,갈현1동 주민센터,은평구,은평구 갈현로 301,37.62360764,126.91688538,"2021-05-17 00:00:00",,9.0,QR,공공자전거 대여소 정보(25.12월 기준).xlsx
4677,백련산 SK뷰 아이파크 해모로 아파트 앞,은평구,"은평구 응암로 278 맞은편
(응암동 767-1 공원 앞)",37.59612656,126.91962433,"2021-05-17 00:00:00",,10.0,QR,공공자전거 대여소 정보(25.12월 기준).xlsx
4678,백련산로 녹번센트레빌,은평구,은평구 백련산로160,37.59954453,126.92653656,"2021-09-24 00:00:00",,10.0,QR,공공자전거 대여소 정보(25.12월 기준).xlsx
4681,박석고개(은평소방서) 앞,은평구,은평구 불광동 474-2,37.62794495,126.91976929,"2022-01-11 00:00:00",,6.0,QR,공공자전거 대여소 정보(25.12월 기준).xlsx
4683,은평 성모병원 사거리,은평구,은평구 통일로 1034,37.63470078,126.9173584,"2022-05-04 00:00:00",,10.0,QR,공공자전거 대여소 정보(25.12월 기준).xlsx
4684,응암2동주민센터 버스정류장(영락중학교 방면),은평구,은평구 백련산로 112,37.59586716,126.92349243,"2022-06-03 00:00:00",,10.0,QR,공공자전거 대여소 정보(25.12월 기준).xlsx
4685,DMC역 5번 출구(수색역 방향),은평구,은평구 수색로 194,37.57890701,126.90129852,"2022-06-28 00:00:00",,25.0,QR,공공자전거 대여소 정보(25.12월 기준).xlsx
4686,우물골 근린공원,은평구,은평구 진관2로 60 323동 앞,37.63406754,126.92539215,"2022-08-26 00:00:00",,7.0,QR,공공자전거 대여소 정보(25.12월 기준).xlsx
4687,역촌센트레빌아파트 101동 앞,은평구,은평구 갈현로3나길 23 101동 앞,37.60354233,126.90672302,"2022-08-26 00:00:00",,10.0,QR,공공자전거 대여소 정보(25.12월 기준).xlsx
4689,은평서해그랑블아파트앞,은평구,은평구 서오릉로 253,37.61705017,126.90658569,"2022-11-18 00:00:00",,10.0,QR,공공자전거 대여소 정보(25.12월 기준).xlsx
4690,은평뉴타운폭포동 힐스테이트4단지,은평구,은평구 진관동 151-12,37.62834167,126.933815,"2023-01-04 00:00:00",,5.0,QR,공공자전거 대여소 정보(25.12월 기준).xlsx
4693,수색감리교회,은평구,은평구 수색로18길 5 앞,37.58369446,126.89412689,"2023-12-08 00:00:00",,6.0,QR,공공자전거 대여소 정보(25.12월 기준).xlsx
4703,쌍용아파트2단지 정문,종로구,서울특별시 종로구 낙산길198(창신3동),37.58131409,127.01268005,"2020-09-21 00:00:00",,8.0,QR,공공자전거 대여소 정보(25.12월 기준).xlsx
4705,웰니스센터(민방위교육장 앞),종로구,서울특별시 종로구 운니동 98-7,37.57752991,126.98912811,"2020-12-22 00:00:00",,6.0,QR,공공자전거 대여소 정보(25.12월 기준).xlsx
4707,청계3가 사거리,종로구,서울특별시 종로구 관수동91-1,37.56855774,126.99211884,"2020-09-22 00:00:00",,5.0,QR,공공자전거 대여소 정보(25.12월 기준).xlsx
4708,조계사앞사거리,종로구,서울특별시 종로구 삼봉로95(견지동110),37.5721817,126.98283386,"2020-09-22 00:00:00",,6.0,QR,공공자전거 대여소 정보(25.12월 기준).xlsx
4710,자교교회 앞,종로구,서울특별시 종로구 자하문로 56 자교교회,37.58114624,126.97123718,"2020-11-05 00:00:00",,8.0,QR,공공자전거 대여소 정보(25.12월 기준).xlsx
4711,올림픽기념 국민생활관 로터리,종로구,서울특별시 종로구 혜화로 50,37.58983612,126.99934387,"2020-09-10 00:00:00",,10.0,QR,공공자전거 대여소 정보(25.12월 기준).xlsx
4713,현대 뜨레비앙 아파트 앞,종로구,서울특별시 종로구 돈화문로11가길 59,37.57528305,126.99062347,"2021-02-02 00:00:00",,7.0,QR,공공자전거 대여소 정보(25.12월 기준).xlsx
4715,돈의문 박물관 마을,종로구,서울특별시 종로구 새문안로 39-1 동서한의원,37.56883621,126.96955109,"2021-08-18 00:00:00",,15.0,QR,공공자전거 대여소 정보(25.12월 기준).xlsx
4718,광화문역 6번출구 옆 A,종로구,서울특별시 종로구 세종로 208,37.56993103,126.9764328,"2022-06-07 00:00:00",,10.0,QR,공공자전거 대여소 정보(25.12월 기준).xlsx
4719,종로문화원 건너편,종로구,서울특별시 종로구 중학동 10-3,37.57571411,126.9805069,"2022-06-24 00:00:00",,15.0,QR,공공자전거 대여소 정보(25.12월 기준).xlsx
4721,통인시장 정자,종로구,종로구 자하문로 7길 76 앞,37.58055878,126.96878815,"2024-11-22 00:00:00",,8.0,QR,공공자전거 대여소 정보(25.12월 기준).xlsx
4752,삼성사이버빌리지아파트,중구,서울특별시 중구 중림로 10 중림동 삼성 사이버 빌리지,37.55891418,126.96485901,"2021-02-02 00:00:00",,7.0,QR,공공자전거 대여소 정보(25.12월 기준).xlsx
4753,시청역 10번출구,중구,서울특별시 중구 서소문로 103,37.56284332,126.9726181,"2020-11-03 00:00:00",,10.0,QR,공공자전거 대여소 정보(25.12월 기준).xlsx
4760,서울역 7번출구,중구,서울특별시 중구 남대문로5가 84-11,37.55664444,126.97364044,"2020-10-26 00:00:00",,10.0,QR,공공자전거 대여소 정보(25.12월 기준).xlsx
4761,중부경찰서앞사거리 건너편,중구,서울특별시 중구 초동 107-12,37.56474304,126.99095154,"2020-10-19 00:00:00",,10.0,QR,공공자전거 대여소 정보(25.12월 기준).xlsx
4762,국제빌딩,중구,서울특별시 중구 남대문로 109,37.56693268,126.98258209,"2020-09-23 00:00:00",,10.0,QR,공공자전거 대여소 정보(25.12월 기준).xlsx
4765,동대문디자인플라자,중구,서울특별시 중구 을지로6가 18-169,37.5683136,127.00946045,"2020-10-19 00:00:00",,20.0,QR,공공자전거 대여소 정보(25.12월 기준).xlsx
4766,서소문성지역사박물관,중구,서울특별시 중구 중림동 373,37.56024551,126.96878052,"2020-10-05 00:00:00",,23.0,QR,공공자전거 대여소 정보(25.12월 기준).xlsx
4772,중앙일보,중구,서울특별시 중구 서소문동58-6,37.56253433,126.97249603,"2020-10-05 00:00:00",,10.0,QR,공공자전거 대여소 정보(25.12월 기준).xlsx
4774,을지로입구역 8번출구,중구,서울특별시 중구 을지로1가 140-1,37.56590271,126.98178101,"2020-09-23 00:00:00",,9.0,QR,공공자전거 대여소 정보(25.12월 기준).xlsx
4775,을지로지하쇼핑센터,중구,서울특별시 중구 을지로 66 하나금융그룹 명동사옥,37.56589127,126.98445129,"2020-09-24 00:00:00",,10.0,QR,공공자전거 대여소 정보(25.12월 기준).xlsx
4776,신세계면세점,중구,서울특별시 중구 충무로1가 54-2,37.56027603,126.98139191,"2020-10-19 00:00:00",,10.0,QR,공공자전거 대여소 정보(25.12월 기준).xlsx
4777,약수동 주민센터,중구,서울특별시 중구 다산로96,37.55281448,127.00919342,"2021-05-17 00:00:00",,8.0,QR,공공자전거 대여소 정보(25.12월 기준).xlsx
4781,브라운스위트레지던스,중구,서울특별시 중구 중립동 340-1,37.56147003,126.96801758,"2020-10-05 00:00:00",,10.0,QR,공공자전거 대여소 정보(25.12월 기준).xlsx
4782,서소문역사공원,중구,서울특별시 중구 의주로2가 16-6,37.56157303,126.9684906,"2020-10-05 00:00:00",,10.0,QR,공공자전거 대여소 정보(25.12월 기준).xlsx
4784,중부경찰서앞 사거리,중구,서울특별시 중구 저동2가 22-1,37.56459045,126.99076843,"2020-10-19 00:00:00",,10.0,QR,공공자전거 대여소 정보(25.12월 기준).xlsx
4785,롯데시티호텔,중구,서울특별시 중구 장교동 74,37.56691742,126.98783112,"2020-10-19 00:00:00",,8.0,QR,공공자전거 대여소 정보(25.12월 기준).xlsx
4791,명동역9번 출구,중구,서울특별시 중구 퇴계로 135-14 구두수선대124,37.56122589,126.98749542,"2020-10-19 00:00:00",,10.0,QR,공공자전거 대여소 정보(25.12월 기준).xlsx
4792,퇴계로4가 교차로(중구청),중구,서울특별시 중구 퇴계로 235 남산 센트럴 자이,37.5625267,126.9983139,"2021-02-02 00:00:00",,10.0,QR,공공자전거 대여소 정보(25.12월 기준).xlsx
4793,동대문역사문화공원역 5번출구,중구,서울특별시 중구 광희동 1가 202-5,37.56430817,127.00647736,"2021-02-02 00:00:00",,10.0,QR,공공자전거 대여소 정보(25.12월 기준).xlsx
4794,서울역 서부교차로(3),중구,서울특별시 중구 중구 한강대로 405,37.55540848,126.96942139,"2021-04-13 00:00:00",,8.0,QR,공공자전거 대여소 정보(25.12월 기준).xlsx
4796,부산은행,중구,서울특별시 중구 무교로 6,37.5664711,126.97925568,"2021-03-09 00:00:00",,10.0,QR,공공자전거 대여소 정보(25.12월 기준).xlsx
4797,KG타워 앞,중구,서울특별시 중구 통일로 92 케이지타워,37.56339645,126.96894073,"2021-06-01 00:00:00",,13.0,QR,공공자전거 대여소 정보(25.12월 기준).xlsx
4798,황학동롯데캐슬,중구,서울특별시 중구 중구 청계천로 400,37.57162094,127.02204132,"2021-07-15 00:00:00",,10.0,QR,공공자전거 대여소 정보(25.12월 기준).xlsx
4800,필동 삼거리,중구,서울특별시 중구 서애로 33 티엔에스빌딩,37.55969238,126.99648285,"2022-03-07 00:00:00",,5.0,QR,공공자전거 대여소 정보(25.12월 기준).xlsx
4801,충정로역 2호선(엘리베이터 앞),중구,서울특별시 중구 서소문로 18 에이원빌딩,37.55937576,126.96414185,"2022-03-04 00:00:00",,5.0,QR,공공자전거 대여소 정보(25.12월 기준).xlsx
4802,새우개마을,중랑구,서울특별시 중랑구 신내동278-50,37.61571121,127.1010437,"2021-02-15 00:00:00",,8.0,QR,공공자전거 대여소 정보(25.12월 기준).xlsx
4803,상봉2동 주민센터 앞,중랑구,서울특별시 중랑구 상봉동 126-42,37.59287262,127.0803299,"2021-02-15 00:00:00",,5.0,QR,공공자전거 대여소 정보(25.12월 기준).xlsx
4804,동서울농협 앞,중랑구,서울특별시 중랑구 망우로 290,37.59596252,127.08477783,"2021-02-16 00:00:00",,9.0,QR,공공자전거 대여소 정보(25.12월 기준).xlsx
4807,라코지스테이 앞,중랑구,서울특별시 중랑구 망우로232,37.59432602,127.07846069,"2021-02-16 00:00:00",,8.0,QR,공공자전거 대여소 정보(25.12월 기준).xlsx
4808,신내2동 주민센터 앞,중랑구,서울특별시 중랑구 봉화산로 190,37.60641098,127.09404755,"2021-02-16 00:00:00",,8.0,QR,공공자전거 대여소 정보(25.12월 기준).xlsx
4809,"동성1,2차 아파트 앞",중랑구,서울특별시 중랑구 신내로 126 동성아파트,37.61022568,127.09628296,"2021-02-15 00:00:00",,8.0,QR,공공자전거 대여소 정보(25.12월 기준).xlsx
4811,한양수자인아파트 앞,중랑구,서울특별시 중랑구 면목동 1085-1,37.58032227,127.09415436,"2021-02-17 00:00:00",,10.0,QR,공공자전거 대여소 정보(25.12월 기준).xlsx
4812,묵동 이마트 앞,중랑구,서울특별시 중랑구 묵동 170-45,37.6132164,127.0773468,"2021-02-17 00:00:00",,10.0,QR,공공자전거 대여소 정보(25.12월 기준).xlsx
4813,망우지구대,중랑구,서울특별시 중랑구 망우로 400,37.59877777,127.09638977,"2021-02-16 00:00:00",,10.0,QR,공공자전거 대여소 정보(25.12월 기준).xlsx
4815,중랑데시앙플렉스 앞,중랑구,서울 중랑구 신내역로3길 40-36,37.61755371,127.10399628,"2021-04-26 00:00:00",,8.0,QR,공공자전거 대여소 정보(25.12월 기준).xlsx
4819,면목동 새싹어린이공원 앞,중랑구,서울특별시 중랑구 동일로92길 57,37.58333206,127.0835495,"2021-06-01 00:00:00",,10.0,QR,공공자전거 대여소 정보(25.12월 기준).xlsx
4820,망우역 2번 출구,중랑구,서울특별시 중랑구 중랑구 망우로55길 11-10(상봉동),37.60025406,127.09171295,"2021-07-02 00:00:00",,8.0,QR,공공자전거 대여소 정보(25.12월 기준).xlsx
4823,방정환교육지원센터 옆,중랑구,서울특별시 중랑구 중랑구 망우로 325(상봉동),37.59780884,127.08844757,"2021-08-17 00:00:00",,8.0,QR,공공자전거 대여소 정보(25.12월 기준).xlsx
4824,상봉신협 앞,중랑구,서울특별시 중랑구 봉우재로41길 6 청운명가프라임,37.59354401,127.08979034,"2021-08-26 00:00:00",,7.0,QR,공공자전거 대여소 정보(25.12월 기준).xlsx
4825,신내동 벽산아파트 후문 앞,중랑구,서울특별시 중랑구 용마산로125길 50 벽산아파트,37.6030426,127.10050201,"2021-08-28 00:00:00",,8.0,QR,공공자전거 대여소 정보(25.12월 기준).xlsx
4826,홈플러스 면목점,중랑구,서울특별시 중랑구 동일로 540,37.57984543,127.08242035,"2021-08-28 00:00:00",,8.0,QR,공공자전거 대여소 정보(25.12월 기준).xlsx
4827,신내SK V1센터 앞,중랑구,서울특별시 중랑구 중랑구 신내역로 111,37.6127243,127.11306,"2021-09-23 00:00:00",,20.0,QR,공공자전거 대여소 정보(25.12월 기준).xlsx
4828,신내동 한살림 중랑지구 앞,중랑구,서울특별시 중랑구 신내동 574-1,37.60428619,127.09736633,"2021-10-08 00:00:00",,5.0,QR,공공자전거 대여소 정보(25.12월 기준).xlsx
4829,신내동 한살림 중랑지구 건너편,중랑구,서울특별시 중랑구 신내동 574-1,37.60446167,127.09741211,"2021-10-08 00:00:00",,5.0,QR,공공자전거 대여소 정보(25.12월 기준).xlsx
4830,신내 우디안 111동 앞,중랑구,서울특별시 중랑구 신내역로1길 85 신내우디안1단지,37.61727142,127.1085434,"2022-01-12 00:00:00",,7.0,QR,공공자전거 대여소 정보(25.12월 기준).xlsx
4834,용마복지센터 앞,중랑구,서울특별시 중랑구 중랑구 용마산로 393,37.58686447,127.09532166,"2021-10-28 00:00:00",,8.0,QR,공공자전거 대여소 정보(25.12월 기준).xlsx
4835,망우동 본죽 앞,중랑구,서울특별시 중랑구 망우로 467,37.60064316,127.10404968,"2021-11-11 00:00:00",,7.0,QR,공공자전거 대여소 정보(25.12월 기준).xlsx
4836,양원역 1번 출구,중랑구,서울특별시 중랑구 망우동 253-18,37.60655212,127.10708618,"2021-12-13 00:00:00",,15.0,QR,공공자전거 대여소 정보(25.12월 기준).xlsx
4837,양원지구 힐데스하임 앞,중랑구,서울특별시 중랑구 봉화산로 301,37.60924149,127.1062088,"2021-12-13 00:00:00",,14.0,QR,공공자전거 대여소 정보(25.12월 기준).xlsx
4838,동원사거리 행복오피스텔 앞,중랑구,서울특별시 중랑구 겸재로 240 행복오피스텔,37.58973694,127.0941925,"2022-01-03 00:00:00",,7.0,QR,공공자전거 대여소 정보(25.12월 기준).xlsx
4840,서울시 북부병원 앞,중랑구,서울특별시 중랑구 양원역로 38 서울시북부병원 및 시립중랑노인전문요양원,37.60405731,127.10725403,"2022-01-12 00:00:00",,7.0,QR,공공자전거 대여소 정보(25.12월 기준).xlsx
4841,중화수경공원,중랑구,중랑구 중화동 381-3,37.60318375,127.07413483,"2022-11-01 00:00:00",,15.0,QR,공공자전거 대여소 정보(25.12월 기준).xlsx
4842,면목라온프라이빗 아파트,중랑구,중랑구 면목동197-4,37.58267593,127.07765961,"2023-05-16 00:00:00",,20.0,QR,공공자전거 대여소 정보(25.12월 기준).xlsx
4843,봉화산역 4번 출구,중랑구,중랑구 신내동629-2,37.61738586,127.09078217,"2023-07-20 00:00:00",,8.0,QR,공공자전거 대여소 정보(25.12월 기준).xlsx
4845,신내역금강펜테리움센트럴파크,중랑구,중랑구 망우동 611,37.60910034,127.11160278,"2023-11-15 00:00:00",,10.0,QR,공공자전거 대여소 정보(25.12월 기준).xlsx
4846,상봉동양엔파트 앞,중랑구,중랑구 망우로 266,37.59527206,127.08213043,"2024-10-10 00:00:00",,7.0,QR,공공자전거 대여소 정보(25.12월 기준).xlsx
4847,신내역시티프라디움 앞,중랑구,중랑구 용마산로 670,37.61038971,127.10135651,"2024-10-10 00:00:00",,5.0,QR,공공자전거 대여소 정보(25.12월 기준).xlsx
4852,서울복합물류 게이트 1,송파구,장지동 662,37.47600174,127.12310028,"2021-01-05 00:00:00",,10.0,QR,공공자전거 대여소 정보(25.12월 기준).xlsx
4854,가락시장역 2번 출구,송파구,가락동 184-23,37.492733,127.11798859,"2021-01-04 00:00:00",,10.0,QR,공공자전거 대여소 정보(25.12월 기준).xlsx
4855,거여5단지 503동 앞,송파구,양산로4길 16,37.48933029,127.1460495,"2021-01-04 00:00:00",,10.0,QR,공공자전거 대여소 정보(25.12월 기준).xlsx
4856,올림픽공원 서1문 앞,송파구,올림픽로 424,37.5202179,127.11457062,"2021-01-05 00:00:00",,10.0,QR,공공자전거 대여소 정보(25.12월 기준).xlsx
4857,올림픽공원 장미광장,송파구,방이동 88-18,37.51275635,127.126297,"2021-01-19 00:00:00",,15.0,QR,공공자전거 대여소 정보(25.12월 기준).xlsx
4859,잠실나루 나들목,송파구,신천동 6,37.52148438,127.10028076,"2021-01-05 00:00:00",,15.0,QR,공공자전거 대여소 정보(25.12월 기준).xlsx
4860,가락쌍용2차아파트 103동,송파구,가락동22-7,37.50226974,127.12195587,"2021-04-13 00:00:00",,7.0,QR,공공자전거 대여소 정보(25.12월 기준).xlsx
4862,성내교 남단,송파구,마천동 307-1,37.52301788,127.11588287,"2021-04-07 00:00:00",,10.0,QR,공공자전거 대여소 정보(25.12월 기준).xlsx
4863,잠실나들목5,송파구,송파구 잠실동 19-4,37.5164032,127.07761383,"2021-03-30 00:00:00",,7.0,QR,공공자전거 대여소 정보(25.12월 기준).xlsx
4864,송파사거리,송파구,송파구 송파동 97-2,37.50205612,127.11054993,"2021-04-27 00:00:00",,10.0,QR,공공자전거 대여소 정보(25.12월 기준).xlsx
4865,한성백제역 1번출구 뒤,송파구,송파구 방이동 45-4,37.51647949,127.1149826,"2021-04-28 00:00:00",,5.0,QR,공공자전거 대여소 정보(25.12월 기준).xlsx
4867,가락대림아파트 앞,송파구,송파구 가락동 94-9,37.5000267,127.11843109,"2021-04-28 00:00:00",,10.0,QR,공공자전거 대여소 정보(25.12월 기준).xlsx
4868,석촌호수 서호 남단,송파구,송파구 석촌동 158,37.50717163,127.10124207,"2021-05-18 00:00:00",,10.0,QR,공공자전거 대여소 정보(25.12월 기준).xlsx
4870,몽촌토성역 3번 출구,송파구,송파구 방이동 40-6,37.5170784,127.11232758,"2021-07-13 00:00:00",,10.0,QR,공공자전거 대여소 정보(25.12월 기준).xlsx
4871,오금동 대림아파트 정문,송파구,송파구 오금동 2,37.51072693,127.13040161,"2021-07-13 00:00:00",,7.0,QR,공공자전거 대여소 정보(25.12월 기준).xlsx
4872,개롱역 3번 출구 뒤,송파구,송파구 가락동 166-1,37.49806213,127.13461304,"2021-07-13 00:00:00",,7.0,QR,공공자전거 대여소 정보(25.12월 기준).xlsx
4873,개롱역사거리 2번 출구,송파구,송파구 오금동 166,37.49827194,127.13486481,"2021-08-24 00:00:00",,7.0,QR,공공자전거 대여소 정보(25.12월 기준).xlsx
4874,탄천1교 하부보도,송파구,송파구 잠실동 348,37.50117111,127.08516693,"2021-08-26 00:00:00",,10.0,QR,공공자전거 대여소 정보(25.12월 기준).xlsx
4875,위례포레샤인13단지,송파구,송파구 거여동 657,37.4826355,127.1399231,"2021-08-26 00:00:00",,4.0,QR,공공자전거 대여소 정보(25.12월 기준).xlsx
4879,마천청소년센터,송파구,송파구 마천동 325-29,37.49222183,127.15659332,"2021-09-30 00:00:00",,5.0,QR,공공자전거 대여소 정보(25.12월 기준).xlsx
4880,송파청소년센터,송파구,송파구 문정동 150,37.48995972,127.11196136,"2021-09-24 00:00:00",,9.0,QR,공공자전거 대여소 정보(25.12월 기준).xlsx
4881,거여동사거리 송파둘레길 입구,송파구,송파구 거여동 산23-34,37.49535751,127.13947296,"2021-09-30 00:00:00",,5.0,QR,공공자전거 대여소 정보(25.12월 기준).xlsx
4882,위례포레샤인18단지 1802동,송파구,송파구 거여동 산60-1,37.48868561,127.15226746,"2021-09-30 00:00:00",,5.0,QR,공공자전거 대여소 정보(25.12월 기준).xlsx
4883,위례포레샤인18단지 1812동,송파구,송파구 거여동 657-12,37.48714828,127.15328217,"2021-09-30 00:00:00",,10.0,QR,공공자전거 대여소 정보(25.12월 기준).xlsx
4884,H비즈니스파크,송파구,송파구 문정동 373,37.48352432,127.11683655,"2021-11-11 00:00:00",,16.0,QR,공공자전거 대여소 정보(25.12월 기준).xlsx
4885,가든파이브 리빙관,송파구,송파구 문정동 634,37.47709656,127.123703,"2021-11-11 00:00:00",,8.0,QR,공공자전거 대여소 정보(25.12월 기준).xlsx
4886,배명고등학교 건너편,송파구,송파구 석촌동 302-1,37.49793243,127.09675598,"2021-11-10 00:00:00",,6.0,QR,공공자전거 대여소 정보(25.12월 기준).xlsx
4887,호돌이상가,송파구,송파구 문정동 150,37.48633575,127.11374664,"2021-11-10 00:00:00",,6.0,QR,공공자전거 대여소 정보(25.12월 기준).xlsx
4888,둔촌오륜역 2번출구,송파구,방이동 89-29,37.51869202,127.13906097,"2021-09-30 00:00:00",,10.0,QR,공공자전거 대여소 정보(25.12월 기준).xlsx
4889,마천역 1번 출구 인근②,송파구,거여동 694,37.49459076,127.15109253,"2021-09-30 00:00:00",,14.0,QR,공공자전거 대여소 정보(25.12월 기준).xlsx
4891,위례포레나송파,송파구,송파구 거여동 657-12,37.48455429,127.14919281,"2021-11-10 00:00:00",,10.0,QR,공공자전거 대여소 정보(25.12월 기준).xlsx
4892,성내유수지 체육공원,송파구,송파구 방이동 88-13,37.52597046,127.11820984,"2021-11-10 00:00:00",,18.0,QR,공공자전거 대여소 정보(25.12월 기준).xlsx
4893,문정법조단지12,송파구,송파구 문정동 500-1,37.48639297,127.11483765,"2021-11-11 00:00:00",,6.0,QR,공공자전거 대여소 정보(25.12월 기준).xlsx
4895,위례포레샤인15단지 상가,송파구,송파구 거여동 604,37.48641586,127.14205933,"2021-11-10 00:00:00",,6.0,QR,공공자전거 대여소 정보(25.12월 기준).xlsx
4896,위례포레샤인15단지,송파구,송파구 거여동 603,37.48688889,127.14169312,"2021-11-10 00:00:00",,10.0,QR,공공자전거 대여소 정보(25.12월 기준).xlsx
4897,잠실주공5단지1,송파구,송파구잠실동27,37.51633453,127.09380341,"2021-11-29 00:00:00",,15.0,QR,공공자전거 대여소 정보(25.12월 기준).xlsx
4901,KT&G타워 옆(상상마당 대치아트홀),강남구,강남구 대치동 1002,37.50687408,127.06473541,"2022-04-13 00:00:00",,6.0,QR,공공자전거 대여소 정보(25.12월 기준).xlsx
4902,구역삼세무서 교차로,강남구,강남구 논현로 337,37.49524307,127.03937531,"2022-03-15 00:00:00",,6.0,QR,공공자전거 대여소 정보(25.12월 기준).xlsx
4903,신사스퀘어,강남구,신사동 504-11,37.51916885,127.0189743,"2022-05-18 00:00:00",,6.0,QR,공공자전거 대여소 정보(25.12월 기준).xlsx
4905,강남경찰서,강남구,강남구 대치동 998,37.50971985,127.06679535,"2022-06-08 00:00:00",,10.0,QR,공공자전거 대여소 정보(25.12월 기준).xlsx
4906,섬유센터 앞,강남구,강남구 대치동 944-1,37.50767136,127.06017303,"2022-06-07 00:00:00",,10.0,QR,공공자전거 대여소 정보(25.12월 기준).xlsx
4907,극동스포츠 앞,강남구,강남구 신사동 575,37.5257225,127.02588654,"2022-06-07 00:00:00",,5.0,QR,공공자전거 대여소 정보(25.12월 기준).xlsx
4908,SB타워 앞,강남구,강남구 도산대로 318,37.52210999,127.03646088,"2022-07-06 00:00:00",,5.0,QR,공공자전거 대여소 정보(25.12월 기준).xlsx
4909,노보텔 앰배서더 앞,강남구,강남구 봉은사로 130,37.50570297,127.02919769,"2022-07-19 00:00:00",,6.0,QR,공공자전거 대여소 정보(25.12월 기준).xlsx
4913,레베쌍트 빌딩 앞,강남구,봉은사로86길 6,37.51292038,127.056427,"2022-07-27 00:00:00",,7.0,QR,공공자전거 대여소 정보(25.12월 기준).xlsx
4914,도심공항타워 앞,강남구,삼성동 159-9,37.50999069,127.05847168,"2022-07-27 00:00:00",,6.0,QR,공공자전거 대여소 정보(25.12월 기준).xlsx
4915,영동중앙교회 버스정류장,강남구,강남구 논현로 420,37.49775314,127.03857422,"2022-07-29 00:00:00",,6.0,QR,공공자전거 대여소 정보(25.12월 기준).xlsx
4916,청담역 1번출구,강남구,강남구 영동대로 648,37.51973724,127.05767822,"2022-10-20 00:00:00",,5.0,QR,공공자전거 대여소 정보(25.12월 기준).xlsx
4917,일원에코파크 주차장,강남구,강남구 일원동 701-2,37.49404526,127.08678436,"2022-12-02 00:00:00",,5.0,QR,공공자전거 대여소 정보(25.12월 기준).xlsx
4918,매봉역 1번출구,강남구,강남구 도곡동 180-26,37.48661041,127.04550934,"2022-12-09 00:00:00",,5.0,QR,공공자전거 대여소 정보(25.12월 기준).xlsx
4919,학여울역사거리(은마아파트),강남구,강남구 대치동 398,37.49665833,127.06938171,"2022-12-01 00:00:00",,6.0,QR,공공자전거 대여소 정보(25.12월 기준).xlsx
4923,수협대치동지점,강남구,서울특별시 강남구 영동대로 214-2,37.49861526,127.0683136,"2023-01-12 00:00:00",,9.0,QR,공공자전거 대여소 정보(25.12월 기준).xlsx
4924,논현동가구거리,강남구,강남구 논현동 56-21,37.51280975,127.02636719,"2023-01-17 00:00:00",,8.0,QR,공공자전거 대여소 정보(25.12월 기준).xlsx
4925,청담백영빌딩 앞,강남구,강남구 도산대로 456,37.52390289,127.04660797,"2023-07-07 00:00:00",,7.0,QR,공공자전거 대여소 정보(25.12월 기준).xlsx
4926,대치우성아파트 사거리,강남구,강남구 영동대로 230,37.50099564,127.06803894,"2023-07-07 00:00:00",,10.0,QR,공공자전거 대여소 정보(25.12월 기준).xlsx
4928,교수마을 입구,강남구,강남구 자곡동 203-1,37.4818573,127.10456085,"2023-07-10 00:00:00",,10.0,QR,공공자전거 대여소 정보(25.12월 기준).xlsx
4929,파스쿠찌 청담사거리점 앞,강남구,강남구 도산대로 509,37.52464676,127.04914856,"2023-07-20 00:00:00",,6.0,QR,공공자전거 대여소 정보(25.12월 기준).xlsx
4930,학여울역 1번 출구,강남구,강남구 대치동 13-9,37.49662018,127.07099915,"2023-10-04 00:00:00",,10.0,QR,공공자전거 대여소 정보(25.12월 기준).xlsx
4931,디에이치퍼스티어아이파크 124동 앞,강남구,강남구 개포동 660-4,37.48131943,127.05435181,"2024-06-03 00:00:00",,8.0,QR,공공자전거 대여소 정보(25.12월 기준).xlsx
4932,개포래미안포레스트 130동 맞은편,강남구,강남구 개포동 656 맞은편,37.47748566,127.05743408,"2024-04-23 00:00:00",,10.0,QR,공공자전거 대여소 정보(25.12월 기준).xlsx
4935,도곡삼성래미안,강남구,강남구 남부순환로 2803,37.48920441,127.05106354,"2024-05-23 00:00:00",,8.0,QR,공공자전거 대여소 정보(25.12월 기준).xlsx
4936,SK텔레콤(T1) 인근,강남구,강남구 논현동 267-15,37.51263046,127.04283142,"2024-11-04 00:00:00",,8.0,QR,공공자전거 대여소 정보(25.12월 기준).xlsx
4937,개포래미안포레스트126동 앞,강남구,개포동 1282-5,37.47816467,127.05630493,"2025-04-30 00:00:00",,5.0,QR,공공자전거 대여소 정보(25.12월 기준).xlsx
4938,LH수서2단지 201동 앞,강남구,자곡동 328-9,37.47955322,127.10666656,"2025-06-05 00:00:00",,10.0,QR,공공자전거 대여소 정보(25.12월 기준).xlsx
4939,도산공원,강남구,강남구 신사동 623-3,37.5253067,127.03302765,"2025-08-04 00:00:00",,5.0,QR,공공자전거 대여소 정보(25.12월 기준).xlsx
4940,한강버스 압구정 선착장,강남구,강남구 올림픽대로 2395,37.52643204,127.01720428,"2025-08-01 00:00:00",,30.0,QR,공공자전거 대여소 정보(25.12월 기준).xlsx
4941,압구정로 11길,강남구,강남구 압구정로11길 17 미성아파트,37.52594757,127.02082825,"2025-08-19 00:00:00",,10.0,QR,공공자전거 대여소 정보(25.12월 기준).xlsx
4942,율현삼거리,강남구,강남구 헌릉로 747,37.46805573,127.12036133,"2025-10-27 00:00:00",,10.0,QR,공공자전거 대여소 정보(25.12월 기준).xlsx
4951,강동농협 버스정류소 앞(광채빌라),강동구,강동구 암사동 488-21,37.547966,127.13516235,"2022-09-29 00:00:00",,5.0,QR,공공자전거 대여소 정보(25.12월 기준).xlsx
4952,천호시장 버스정류소 옆,강동구,강동구 천호동 397-465,37.54146576,127.13025665,"2023-01-18 00:00:00",,5.0,QR,공공자전거 대여소 정보(25.12월 기준).xlsx
4953,세양청마루 아파트 앞,강동구,강동구 천호대로 1162,37.53346634,127.14050293,"2023-07-13 00:00:00",,10.0,QR,공공자전거 대여소 정보(25.12월 기준).xlsx
4954,신명초등학교 건너편,강동구,강동구 천호대로201길,37.54004288,127.15074158,"2024-07-22 00:00:00",,15.0,QR,공공자전거 대여소 정보(25.12월 기준).xlsx
4956,암사역사공원역 1번출구,강동구,강동구 고덕로27길 36,37.5575676,127.14015961,"2024-11-18 00:00:00",,5.0,QR,공공자전거 대여소 정보(25.12월 기준).xlsx
4957,신명초교 교차로,강동구,강동구 길동 158-8,37.54043579,127.14839935,"2024-09-08 00:00:00",,10.0,QR,공공자전거 대여소 정보(25.12월 기준).xlsx
4958,고덕래미안힐스테이트 아파트 211동,강동구,강동구 고덕동 490,37.55949402,127.14512634,"2024-09-24 00:00:00",,10.0,QR,공공자전거 대여소 정보(25.12월 기준).xlsx
4959,암사역사공원역 3번출구,강동구,강동구 암사동 380-25,37.55744553,127.13816833,"2024-09-24 00:00:00",,10.0,QR,공공자전거 대여소 정보(25.12월 기준).xlsx
4960,고덕비즈밸리 지식산업센터 A,강동구,강동구 고덕동 337,37.5649147,127.16025543,"2025-04-04 00:00:00",,15.0,QR,공공자전거 대여소 정보(25.12월 기준).xlsx
4962,고덕비즈밸리 디엠스퀘어 앞(재요청),강동구,고덕동 94-1,37.56755066,127.161026,"2025-04-30 00:00:00",,10.0,QR,공공자전거 대여소 정보(25.12월 기준).xlsx
4964,암사역사공원역1번출구 A,강동구,암사동 400-3,37.55728912,127.13895416,"2025-05-23 00:00:00",,10.0,QR,공공자전거 대여소 정보(25.12월 기준).xlsx
4965,고덕비즈밸리 쿠쿠강동빌딩,강동구,고덕동 341-2,37.5657959,127.15960693,"2025-05-23 00:00:00",,15.0,QR,공공자전거 대여소 정보(25.12월 기준).xlsx
4968,강동구 자원순환센터,강동구,강동구 고덕동 89-4,37.56932449,127.16061401,"2025-11-28 00:00:00",,10.0,QR,공공자전거 대여소 정보(25.12월 기준).xlsx
5052,마곡역 7번출구,강서구,강서구 마곡동 798,37.55974579,126.8243866,"2021-07-14 00:00:00",,25.0,QR,공공자전거 대여소 정보(25.12월 기준).xlsx
5053,신마곡벽산블루밍메트로오피스텔앞,강서구,강서구 방화동 904,37.57108688,126.80754089,"2021-07-21 00:00:00",,25.0,QR,공공자전거 대여소 정보(25.12월 기준).xlsx
5055,마곡역5번출구앞,강서구,강서구 마곡동 799,37.55905914,126.82704926,"2021-07-21 00:00:00",,7.0,QR,공공자전거 대여소 정보(25.12월 기준).xlsx
5057,마곡역4번출구,강서구,강서구 마곡동 799,37.55931091,126.82743835,"2021-07-21 00:00:00",,14.0,QR,공공자전거 대여소 정보(25.12월 기준).xlsx
5059,화곡2동주민센터,강서구,강서구 곰달래로37길13,37.5318222,126.85462189,"2021-08-02 00:00:00",,7.0,QR,공공자전거 대여소 정보(25.12월 기준).xlsx
5061,우장산동 가곡어린이공원앞,강서구,강서구 내발산동 657-2,37.55545425,126.83751678,"2021-08-02 00:00:00",,10.0,QR,공공자전거 대여소 정보(25.12월 기준).xlsx
5064,양천향교역8번출구,강서구,강서구 마곡동 776,37.56902695,126.8398819,"2021-09-27 00:00:00",,15.0,QR,공공자전거 대여소 정보(25.12월 기준).xlsx
5065,허준박물관삼거리,강서구,강서구 가양동 1500-1,37.56724548,126.85038757,"2021-09-27 00:00:00",,10.0,QR,공공자전거 대여소 정보(25.12월 기준).xlsx
5066,아망떼마곡전시장,강서구,강서구 마곡동로 31,37.55791473,126.83297729,"2021-09-28 00:00:00",,25.0,QR,공공자전거 대여소 정보(25.12월 기준).xlsx
5067,주원 리젠트 앞,강서구,강서구 염창동 양천로699,37.55085754,126.87233734,"2021-09-28 00:00:00",,8.0,QR,공공자전거 대여소 정보(25.12월 기준).xlsx
5070,마곡13단지힐스테이트마스터 후문(1320동 앞),강서구,서울시 강서구 마곡중앙1로 71 마곡13단지힐스테이트마스터 후문 인근,37.5567627,126.81869507,"2021-11-11 00:00:00",,15.0,QR,공공자전거 대여소 정보(25.12월 기준).xlsx
5072,김포공항입구 교통섬,강서구,방화동 886-15,37.56154633,126.80708313,"2021-09-28 00:00:00",,10.0,QR,공공자전거 대여소 정보(25.12월 기준).xlsx
5073,우장산역 헤링턴타워 앞,강서구,화곡동 1013-3,37.54661942,126.83623505,"2021-10-20 00:00:00",,6.0,QR,공공자전거 대여소 정보(25.12월 기준).xlsx
5074,"마곡엠밸리14단지 버스정류장(마곡엠밸리11,12단지상가방면)",강서구,강서구 마곡동 798-17,37.55823517,126.82575989,"2021-11-19 00:00:00",,10.0,QR,공공자전거 대여소 정보(25.12월 기준).xlsx
5075,등촌역 1번출구,강서구,강서구 등촌동 649-14,37.5518837,126.86357117,"2021-11-19 00:00:00",,10.0,QR,공공자전거 대여소 정보(25.12월 기준).xlsx
5076,메이필드호텔앞,강서구,강서구 외발산동 276-9,37.549263,126.81674194,"2022-01-12 00:00:00",,16.0,QR,공공자전거 대여소 정보(25.12월 기준).xlsx
5078,왈도강서캠퍼스 앞,강서구,강서구 양천로 660,37.55221558,126.870224,"2022-05-19 00:00:00",,10.0,QR,공공자전거 대여소 정보(25.12월 기준).xlsx
5080,가양역 1번출구,강서구,양천로57길 10-20,37.56250763,126.85275269,"2022-06-16 00:00:00",,10.0,QR,공공자전거 대여소 정보(25.12월 기준).xlsx
5082,가양역 7번출구,강서구,화곡로 416,37.56019592,126.8549118,"2022-06-28 00:00:00",,9.0,QR,공공자전거 대여소 정보(25.12월 기준).xlsx
5084,강서우체국,강서구,등촌동 709,37.56418228,126.84027863,"2022-07-11 00:00:00",,10.0,QR,공공자전거 대여소 정보(25.12월 기준).xlsx
5086,가양테크노타운,강서구,가양동1484-5,37.56035995,126.86276245,"2022-08-05 00:00:00",,8.0,QR,공공자전거 대여소 정보(25.12월 기준).xlsx
5087,연세강서빌딩,강서구,방화동835-7,37.57625198,126.81734467,"2022-08-31 00:00:00",,8.0,QR,공공자전거 대여소 정보(25.12월 기준).xlsx
5088,등촌역 센터스퀘어,강서구,염창동312,37.55064774,126.86616516,"2022-08-29 00:00:00",,16.0,QR,공공자전거 대여소 정보(25.12월 기준).xlsx
5089,LG사이언스파크 E10동,강서구,마곡동 788-5,37.56364822,126.83454132,"2022-08-29 00:00:00",,40.0,QR,공공자전거 대여소 정보(25.12월 기준).xlsx
5090,대상연구소,강서구,마곡동762-4,37.56980896,126.82857513,"2022-09-14 00:00:00",,10.0,QR,공공자전거 대여소 정보(25.12월 기준).xlsx
5091,보타닉파크타워2,강서구,마곡동774-2,37.55948639,126.83131409,"2022-09-29 00:00:00",,8.0,QR,공공자전거 대여소 정보(25.12월 기준).xlsx
5095,원당근린공원,강서구,등촌동690-5,37.55947495,126.84147644,"2023-04-04 00:00:00",,9.0,QR,공공자전거 대여소 정보(25.12월 기준).xlsx
5096,LG사이언스파크 E14동,강서구,마곡동 789-2,37.56349564,126.83583069,"2023-07-19 00:00:00",,57.0,QR,공공자전거 대여소 정보(25.12월 기준).xlsx
5097,LG사이언스파크 E2동,강서구,마곡동 770-1,37.56381607,126.83208466,"2023-08-25 00:00:00",,40.0,QR,공공자전거 대여소 정보(25.12월 기준).xlsx
5098,LG사이언스파크 W4동,강서구,마곡동 770-1,37.56403732,126.82978821,"2023-08-25 00:00:00",,20.0,QR,공공자전거 대여소 정보(25.12월 기준).xlsx
5099,LG사이언스파크 E7동,강서구,마곡동 770-1,37.56153488,126.8319397,"2023-08-25 00:00:00",,40.0,QR,공공자전거 대여소 정보(25.12월 기준).xlsx
5100,강서도로사업소,강서구,마곡동 60-8,37.57331848,126.8300705,"2023-09-04 00:00:00",,2.0,QR,공공자전거 대여소 정보(25.12월 기준).xlsx
5151,진넥스베르디엠 앞,광진구,광나루로 604,37.54163742,127.09508514,"2025-04-15 00:00:00",,5.0,QR,공공자전거 대여소 정보(25.12월 기준).xlsx
5152,이스트폴 105동방면입구,광진구,자양로 72,37.53387451,127.0881424,"2025-05-02 00:00:00",,9.0,QR,공공자전거 대여소 정보(25.12월 기준).xlsx
5153,한강버스 뚝섬 선착장,광진구,광진구 강변북로 2216,37.52961349,127.06626129,"2025-08-01 00:00:00",,30.0,QR,공공자전거 대여소 정보(25.12월 기준).xlsx
5154,광진구청 앞,광진구,광진구 자양동 868,37.53676605,127.08700562,"2025-09-08 00:00:00",,10.0,QR,공공자전거 대여소 정보(25.12월 기준).xlsx
5155,광진경찰서 앞,광진구,광진구 자양로 167 광진경찰서,37.5430069,127.08427429,"2025-11-28 00:00:00",,5.0,QR,공공자전거 대여소 정보(25.12월 기준).xlsx
5301,상계주공1단지 버스정류장 옆(대원빌딩 앞),노원구,서울특별시 노원구 동일로 1331-2 구두수선대,37.64805984,127.06239319,"2021-12-15 00:00:00",,4.0,QR,공공자전거 대여소 정보(25.12월 기준).xlsx
5305,대륜E&S 서울지사 앞,노원구,서울특별시 노원구 덕릉로70길 64,37.64255524,127.06038666,"2022-05-16 00:00:00",,10.0,QR,공공자전거 대여소 정보(25.12월 기준).xlsx
5308,상계신동아아파트,노원구,서울특별시 노원구 한글비석로46나길 10 금호아파트,37.66767883,127.06825256,"2022-07-06 00:00:00",,5.0,QR,공공자전거 대여소 정보(25.12월 기준).xlsx
5309,월계 롯데캐슬아파트 뒤,노원구,서울특별시 노원구 월계동 865-5,37.62514877,127.04993439,"2022-07-11 00:00:00",,5.0,QR,공공자전거 대여소 정보(25.12월 기준).xlsx
5310,목련아파트,노원구,서울특별시 노원구 노원로 333 목련아파트상가,37.64862823,127.06918335,"2022-07-27 00:00:00",,9.0,QR,공공자전거 대여소 정보(25.12월 기준).xlsx
5311,주공601동 상가 노원지하보도 앞,노원구,서울특별시 노원구 동일로 1386-2 가로판매대,37.65229416,127.06134796,"2022-07-29 00:00:00",,5.0,QR,공공자전거 대여소 정보(25.12월 기준).xlsx
5313,중계주공2단지 앞,노원구,서울특별시 노원구 한글비석로 332 주공2단지아파트,37.65694046,127.07804871,"2022-08-23 00:00:00",,5.0,QR,공공자전거 대여소 정보(25.12월 기준).xlsx
5314,월계1동주민센터 앞,노원구,서울특별시 노원구 석계로 59 월계1동주민센터,37.61985016,127.06310272,"2022-09-06 00:00:00",,6.0,QR,공공자전거 대여소 정보(25.12월 기준).xlsx
5315,당고개역 앞,노원구,서울특별시 노원구 상계로 309,37.67073822,127.07962036,"2022-09-07 00:00:00",,5.0,QR,공공자전거 대여소 정보(25.12월 기준).xlsx
5317,공릉동 신도1차 아파트 뒤,노원구,서울특별시 노원구 동일로191가길 59 공릉동 신도1차아파트,37.62780762,127.06961823,"2022-10-31 00:00:00",,5.0,QR,공공자전거 대여소 정보(25.12월 기준).xlsx
5318,극동의 푸른별 아파트 뒤(중계4동주민센터 앞),노원구,서울특별시 노원구 한글비석로14길 36 극동의푸른별 2차아파트,37.65868759,127.07759094,"2022-10-11 00:00:00",,10.0,QR,공공자전거 대여소 정보(25.12월 기준).xlsx
5319,연해피빌 앞,노원구,노원구 공릉로62가길 14,37.63645935,127.07276917,"2022-11-29 00:00:00",,10.0,QR,공공자전거 대여소 정보(25.12월 기준).xlsx
5320,한국스포츠정책과학원 앞,노원구,노원구 화랑로 727,37.63573456,127.10585022,"2022-12-20 00:00:00",,18.0,QR,공공자전거 대여소 정보(25.12월 기준).xlsx
5321,불암아파트 앞,노원구,노원구 상계동 107-1798,37.66751862,127.0791626,"2023-02-10 00:00:00",,5.0,QR,공공자전거 대여소 정보(25.12월 기준).xlsx
5322,노원성당 앞,노원구,노원구 한글비석로 585,37.66450882,127.05270386,"2023-03-09 00:00:00",,5.0,QR,공공자전거 대여소 정보(25.12월 기준).xlsx
5323,하계역 4번출구 앞,노원구,노원구 섬밭로196,37.63534546,127.06752777,"2023-08-16 00:00:00",,13.0,QR,공공자전거 대여소 정보(25.12월 기준).xlsx
5325,상계주공7단지 아파트 앞,노원구,노원구 동일로 1456,37.65983963,127.05935669,"2023-10-06 00:00:00",,10.0,QR,공공자전거 대여소 정보(25.12월 기준).xlsx
5326,대진고교앞 교차로,노원구,노원구 노원로 236,37.6391716,127.07472992,"2023-09-05 00:00:00",,10.0,QR,공공자전거 대여소 정보(25.12월 기준).xlsx
5327,태릉선수촌 앞,노원구,노원구 화랑로 681,37.63434219,127.10427856,"2023-10-05 00:00:00",,10.0,QR,공공자전거 대여소 정보(25.12월 기준).xlsx
5328,롯데캐슬시그니처 아파트 앞,노원구,노원구 상계동 84-9,37.66475296,127.07600403,"2023-11-08 00:00:00",,10.0,QR,공공자전거 대여소 정보(25.12월 기준).xlsx
5329,상계주공15단지 1509동 앞,노원구,노원구 동일로227길 26,37.66940308,127.05632019,"2023-12-08 00:00:00",,10.0,QR,공공자전거 대여소 정보(25.12월 기준).xlsx
5330,구립수락노인복지관,노원구,노원구 수락산로 214,37.6712532,127.05474854,"2023-12-12 00:00:00",,15.0,QR,공공자전거 대여소 정보(25.12월 기준).xlsx
5331,공릉동 풍림아파트 112동 앞,노원구,노원구 섬밭로 139,37.6281929,127.06787872,"2024-03-08 00:00:00",,5.0,QR,공공자전거 대여소 정보(25.12월 기준).xlsx
5332,마들역 4번 출구,노원구,노원구 동일로 1449,37.66401672,127.05817413,"2024-04-08 00:00:00",,11.0,QR,공공자전거 대여소 정보(25.12월 기준).xlsx
5333,노원역 9번-10번 출구 앞,노원구,노원구 상계로 76-2,37.65655518,127.063591,"2024-04-08 00:00:00",,10.0,QR,공공자전거 대여소 정보(25.12월 기준).xlsx
5334,화랑대역 3번 출구,노원구,노원구 화랑로 510,37.62081528,127.083992,"2024-04-11 00:00:00",,8.0,QR,공공자전거 대여소 정보(25.12월 기준).xlsx
5335,하계역 1번 출구,노원구,노원구 하계동 273-5,37.63789749,127.06760406,"2024-04-11 00:00:00",,13.0,QR,공공자전거 대여소 정보(25.12월 기준).xlsx
5336,월계 고등학교 앞,노원구,노원구 초안산로5길 66,37.63233185,127.04949951,"2024-04-11 00:00:00",,10.0,QR,공공자전거 대여소 정보(25.12월 기준).xlsx
5337,태강릉 앞,노원구,노원구 화랑로 681,37.62966537,127.09723663,"2024-04-17 00:00:00",,15.0,QR,공공자전거 대여소 정보(25.12월 기준).xlsx
5338,상계초교 입구 교차로,노원구,노원구 상계동 368-10,37.65703583,127.06593323,"2024-05-23 00:00:00",,6.0,QR,공공자전거 대여소 정보(25.12월 기준).xlsx
5339,은빛1단지 아파트 앞,노원구,노원구 동일로 245길 162,37.68120956,127.05516815,"2024-05-14 00:00:00",,10.0,QR,공공자전거 대여소 정보(25.12월 기준).xlsx
5341,공릉동효성아파트 앞,노원구,노원구 공릉로34길 45,37.62356186,127.08138275,"2025-04-04 00:00:00",,10.0,QR,공공자전거 대여소 정보(25.12월 기준).xlsx
5342,상계공원 입구,노원구,노원구 상계동 620,37.6709938,127.05046082,"2024-09-26 00:00:00",,8.0,QR,공공자전거 대여소 정보(25.12월 기준).xlsx
5503,마포아트센터 앞,마포구,대흥로20길8,37.55034256,126.94580078,"2022-08-31 00:00:00",,5.0,QR,공공자전거 대여소 정보(25.12월 기준).xlsx
5504,아현교회,마포구,마포구 신촌로 212,37.55677795,126.94934082,"2023-02-10 00:00:00",,7.0,QR,공공자전거 대여소 정보(25.12월 기준).xlsx
5506,월드컵참누리아파트,마포구,마포구 월드컵북로38길 54,37.57212448,126.90597534,"2023-07-10 00:00:00",,10.0,QR,공공자전거 대여소 정보(25.12월 기준).xlsx
5507,아현래미안푸르지오아파트 104동 앞,마포구,마포구 아현동 777,37.55515671,126.95292664,"2023-10-11 00:00:00",,10.0,QR,공공자전거 대여소 정보(25.12월 기준).xlsx
5508,성산유수지공원,마포구,마포구 성산동 445,37.57402039,126.90102386,"2023-10-23 00:00:00",,8.0,QR,공공자전거 대여소 정보(25.12월 기준).xlsx
5509,신석초교 앞,마포구,마포구 대흥로 36,37.54403305,126.93869019,"2025-10-13 00:00:00",,9.0,QR,공공자전거 대여소 정보(25.12월 기준).xlsx
5513,마포음식문화거리,마포구,마포구 용강동 45-15,37.54119873,126.94211578,"2024-11-22 00:00:00",,10.0,QR,공공자전거 대여소 정보(25.12월 기준).xlsx
5514,공덕역 1번출구,마포구,공덕동 478-1,37.54408264,126.94959259,"2025-06-18 00:00:00",,10.0,QR,공공자전거 대여소 정보(25.12월 기준).xlsx
5515,한강버스 망원 선착장,마포구,마포구 마포나루길 429,37.55466461,126.89590454,"2025-08-01 00:00:00",,30.0,QR,공공자전거 대여소 정보(25.12월 기준).xlsx
5601,감정평가사 회관 앞,서초구,서초구 방배로 52 감정평가사회관,37.47925949,126.99932861,"2025-10-01 00:00:00",,10.0,QR,공공자전거 대여소 정보(25.12월 기준).xlsx
5602,레미안 신반포 리오센트 후문,서초구,서초구 잠원로14길 32 래미안 신반포 리오센트,37.51939392,127.01360321,"2025-11-21 00:00:00",,5.0,QR,공공자전거 대여소 정보(25.12월 기준).xlsx
5651,한강버스 옥수 선착장,성동구,성동구 옥수동 490-7,37.53970718,127.01789856,"2025-09-15 00:00:00",,20.0,QR,공공자전거 대여소 정보(25.12월 기준).xlsx
5751,송파여성축구장,송파구,방이동 88-9,37.52471542,127.11743927,"2022-05-19 00:00:00",,10.0,QR,공공자전거 대여소 정보(25.12월 기준).xlsx
5752,풍납백제문화공원 옆 인근,송파구,풍납동 219-3,37.53488159,127.11522675,"2022-05-19 00:00:00",,6.0,QR,공공자전거 대여소 정보(25.12월 기준).xlsx
5753,호반써밋,송파구,송파구 거여동 607-1,37.48294449,127.14044189,"2022-05-19 00:00:00",,9.0,QR,공공자전거 대여소 정보(25.12월 기준).xlsx
5756,극동아파트,송파구,송파구 풍납동 436,37.52618027,127.11676025,"2022-09-01 00:00:00",,10.0,QR,공공자전거 대여소 정보(25.12월 기준).xlsx
5758,올림픽선수기자촌아파트 123동 근처,송파구,송파구 방이동 89-2,37.51064301,127.13167572,"2022-09-01 00:00:00",,10.0,QR,공공자전거 대여소 정보(25.12월 기준).xlsx
5759,풍납근린공원,송파구,송파구 풍납동 70-18,37.53913879,127.12162018,"2022-09-22 00:00:00",,6.0,QR,공공자전거 대여소 정보(25.12월 기준).xlsx
5760,풍납사거리 성내유수지,송파구,풍납동 413-1,37.52765274,127.11930084,"2022-10-04 00:00:00",,8.0,QR,공공자전거 대여소 정보(25.12월 기준).xlsx
5761,버섯분수대,송파구,송파구 가락동 95-3,37.49755478,127.11494446,"2022-10-12 00:00:00",,10.0,QR,공공자전거 대여소 정보(25.12월 기준).xlsx
5763,세륜초등학교 건너편,송파구,송파구 방이동 89-28,37.51919556,127.13262177,"2022-10-11 00:00:00",,10.0,QR,공공자전거 대여소 정보(25.12월 기준).xlsx
5764,한국체육대학교,송파구,송파구 방이동 89-28,37.51795959,127.13178253,"2022-10-11 00:00:00",,8.0,QR,공공자전거 대여소 정보(25.12월 기준).xlsx
5765,삼전동주민센터 건너편,송파구,송파구 삼전동 86,37.50301743,127.0921402,"2022-10-19 00:00:00",,12.0,QR,공공자전거 대여소 정보(25.12월 기준).xlsx
5766,북위례1,송파구,송파구 거여동 657-12,37.48693085,127.15364838,"2022-12-23 00:00:00",,15.0,QR,공공자전거 대여소 정보(25.12월 기준).xlsx
5767,북위례2,송파구,송파구 거여동 657-12,37.48483276,127.1499176,"2022-12-23 00:00:00",,15.0,QR,공공자전거 대여소 정보(25.12월 기준).xlsx
5768,방이삼거리,송파구,송파구 방이동 66-3,37.51229095,127.10825348,"2023-02-10 00:00:00",,12.0,QR,공공자전거 대여소 정보(25.12월 기준).xlsx
5773,송파시그니처롯데캐슬,송파구,송파구 거여동 695,37.49714279,127.14641571,"2023-04-28 00:00:00",,12.0,QR,공공자전거 대여소 정보(25.12월 기준).xlsx
5774,가락본동주민센터 인근,송파구,송파구 가락동 100-2,37.49428558,127.1217041,"2023-04-28 00:00:00",,10.0,QR,공공자전거 대여소 정보(25.12월 기준).xlsx
5775,가락시장역 5번출구,송파구,송파구 가락동 100-2,37.49253845,127.1194458,"2023-07-07 00:00:00",,10.0,QR,공공자전거 대여소 정보(25.12월 기준).xlsx
5777,호반써밋12단지,송파구,송파구 거여동 657,37.48448563,127.14067841,"2023-07-12 00:00:00",,11.0,QR,공공자전거 대여소 정보(25.12월 기준).xlsx
5778,북위례3,송파구,송파구 거여동 657-12,37.48884964,127.15699768,"2023-10-24 00:00:00",,15.0,QR,공공자전거 대여소 정보(25.12월 기준).xlsx
5779,나래교,송파구,송파구 장지동 431-8,37.48009491,127.1384964,"2024-03-18 00:00:00",,8.0,QR,공공자전거 대여소 정보(25.12월 기준).xlsx
5780,송파세무서,송파구,송파구 풍납동 388-6,37.52646255,127.11369324,"2024-04-23 00:00:00",,10.0,QR,공공자전거 대여소 정보(25.12월 기준).xlsx
5781,올림픽공원 수영장,송파구,송파구 올림픽로 424,37.52157211,127.12688446,"2024-05-14 00:00:00",,14.0,QR,공공자전거 대여소 정보(25.12월 기준).xlsx
5782,오금현대아파트 상가입구 앞,송파구,송파구 오금로35길 17,37.50366211,127.12606049,"2024-10-08 00:00:00",,5.0,QR,공공자전거 대여소 정보(25.12월 기준).xlsx
5783,성내5교 2,송파구,송파구 오금동 75-4,37.5018692,127.13741302,"2025-08-25 00:00:00",,7.0,QR,공공자전거 대여소 정보(25.12월 기준).xlsx
5784,한강버스 잠실 선착장,송파구,송파구 한가람로 65 한강공원잠실안내센터,37.5177536,127.08446503,"2025-08-01 00:00:00",,30.0,QR,공공자전거 대여소 정보(25.12월 기준).xlsx
5785,한림연예 예술고등학교,송파구,송파구 장지동 850-4,37.48488235,127.13278198,"2025-10-17 00:00:00",,20.0,QR,공공자전거 대여소 정보(25.12월 기준).xlsx
5851,도림천 건널목 위,영등포구,영등포구 대림동 646-1,37.50208282,126.89318848,"2022-02-08 00:00:00",,15.0,QR,공공자전거 대여소 정보(25.12월 기준).xlsx
5852,대림동현대2차 201동 앞,영등포구,영등포구 대림동 640-2,37.50300598,126.89382935,"2022-02-08 00:00:00",,7.0,QR,공공자전거 대여소 정보(25.12월 기준).xlsx
5853,여의도역2번출구 앞,영등포구,여의도동 의사당대로 88,37.52260971,126.92301178,"2022-05-11 00:00:00",,10.0,QR,공공자전거 대여소 정보(25.12월 기준).xlsx
5854,신한금융투자 앞,영등포구,여의대로 70,37.52508926,126.9240799,"2022-06-09 00:00:00",,26.0,QR,공공자전거 대여소 정보(25.12월 기준).xlsx
5855,하이투자증권 앞,영등포구,여의대로 66,37.52464294,126.92342377,"2022-06-09 00:00:00",,31.0,QR,공공자전거 대여소 정보(25.12월 기준).xlsx
5857,U레지던스 앞,영등포구,영등포로 383,37.51382446,126.92093658,"2022-07-19 00:00:00",,15.0,QR,공공자전거 대여소 정보(25.12월 기준).xlsx
5858,영등포역5번출구,영등포구,경인로 846,37.51669312,126.90807343,"2022-09-26 00:00:00",,10.0,QR,공공자전거 대여소 정보(25.12월 기준).xlsx
5859,여의도 삼부아파트,영등포구,여의도동 30-2,37.52539444,126.93045807,"2022-10-18 00:00:00",,10.0,QR,공공자전거 대여소 정보(25.12월 기준).xlsx
5860,어울림병원 앞,영등포구,영등포로 384-1,37.51350021,126.92086792,"2022-11-22 00:00:00",,10.0,QR,공공자전거 대여소 정보(25.12월 기준).xlsx
5861,보라주유소 앞,영등포구,신길동 70-23,37.51319885,126.92352295,"2022-11-21 00:00:00",,10.0,QR,공공자전거 대여소 정보(25.12월 기준).xlsx
5862,당산역11번출구,영등포구,당산동5가 14-4,37.53363037,126.90145874,"2022-12-12 00:00:00",,14.0,QR,공공자전거 대여소 정보(25.12월 기준).xlsx
5864,장훈고 앞,영등포구,신길동 195-3,37.51156998,126.91397858,"2023-01-03 00:00:00",,8.0,QR,공공자전거 대여소 정보(25.12월 기준).xlsx
5865,더리브오피스텔 앞,영등포구,영등포동1가 94-4,37.51791763,126.91259766,"2023-01-05 00:00:00",,10.0,QR,공공자전거 대여소 정보(25.12월 기준).xlsx
5866,포레나 당산,영등포구,영등포구 당산동2가 45-5,37.52195358,126.89550781,"2023-02-10 00:00:00",,8.0,QR,공공자전거 대여소 정보(25.12월 기준).xlsx
5867,H타워 앞,영등포구,영등포구 버드나루로15,37.52024078,126.9124527,"2023-05-23 00:00:00",,10.0,QR,공공자전거 대여소 정보(25.12월 기준).xlsx
5868,로프트시티오피스텔,영등포구,영등포구 영등포로244,37.51906204,126.90839386,"2023-06-23 00:00:00",,6.0,QR,공공자전거 대여소 정보(25.12월 기준).xlsx
5869,영등포아트홀 앞,영등포구,국회대로596,37.52668381,126.90019226,"2023-07-07 00:00:00",,10.0,QR,공공자전거 대여소 정보(25.12월 기준).xlsx
5870,LG트윈타워 앞,영등포구,여의대로 128,37.52834702,126.93008423,"2023-07-06 00:00:00",,10.0,QR,공공자전거 대여소 정보(25.12월 기준).xlsx
5871,건영상가 앞,영등포구,도림로323,37.50611877,126.90161133,"2023-07-18 00:00:00",,13.0,QR,공공자전거 대여소 정보(25.12월 기준).xlsx
5872,서경팰리스 앞,영등포구,영등포구 가마산로 468,37.50576401,126.90866089,"2024-03-18 00:00:00",,7.0,QR,공공자전거 대여소 정보(25.12월 기준).xlsx
5876,에이스하이테크시티 4동 앞,영등포구,경인로 775,37.5152092,126.89762878,"2024-07-29 00:00:00",,10.0,QR,공공자전거 대여소 정보(25.12월 기준).xlsx
5877,문래동 꽃밭정원,영등포구,문래동3가 55-6,37.51837158,126.89844513,"2024-07-29 00:00:00",,10.0,QR,공공자전거 대여소 정보(25.12월 기준).xlsx
5878,우리은행 앞,영등포구,여의대로38,37.52349091,126.92162323,"2024-08-09 00:00:00",,20.0,QR,공공자전거 대여소 정보(25.12월 기준).xlsx
5879,국회도서관 2문 앞,영등포구,의사당대로1,37.53107071,126.91668701,"2024-08-16 00:00:00",,8.0,QR,공공자전거 대여소 정보(25.12월 기준).xlsx
5880,국회박물관,영등포구,의사당대로1,37.53183365,126.91945648,"2024-08-16 00:00:00",,7.0,QR,공공자전거 대여소 정보(25.12월 기준).xlsx
5881,세계청소년NGO교육문화원,영등포구,영신로183,37.52456665,126.90200043,"2024-08-26 00:00:00",,7.0,QR,공공자전거 대여소 정보(25.12월 기준).xlsx
5882,휴젠느,영등포구,국회대로56길13,37.52421188,126.90995026,"2024-08-26 00:00:00",,7.0,QR,공공자전거 대여소 정보(25.12월 기준).xlsx
5883,영문초사거리,영등포구,선유로 58,37.51898193,126.8894043,"2024-09-11 00:00:00",,8.0,QR,공공자전거 대여소 정보(25.12월 기준).xlsx
5884,GS강서타워,영등포구,선유로75,37.52098083,126.88929749,"2024-09-09 00:00:00",,8.0,QR,공공자전거 대여소 정보(25.12월 기준).xlsx
5885,신정교하부,영등포구,선유서로3,37.51594543,126.88288879,"2024-10-08 00:00:00",,10.0,QR,공공자전거 대여소 정보(25.12월 기준).xlsx
5886,신풍역 2번출구,영등포구,신길동3616,37.4999733,126.90979004,"2025-04-04 00:00:00",,10.0,QR,공공자전거 대여소 정보(25.12월 기준).xlsx
5887,나루마을 마당공원,영등포구,버드나루로104,37.52767944,126.9084549,"2025-06-04 00:00:00",,12.0,QR,공공자전거 대여소 정보(25.12월 기준).xlsx
5888,여의도성당,영등포구,여의동로257,37.52164459,126.93920898,"2025-06-04 00:00:00",,7.0,QR,공공자전거 대여소 정보(25.12월 기준).xlsx
5889,의원회관 출입구 앞,영등포구,의사당대로 1,37.52985382,126.91479492,"2025-06-11 00:00:00",,10.0,QR,공공자전거 대여소 정보(25.12월 기준).xlsx
5890,여의나루역 3번출구,영등포구,영등포구 여의동로 334-2 가로판매대40,37.52645493,126.93336487,"2025-09-10 00:00:00",,11.0,QR,공공자전거 대여소 정보(25.12월 기준).xlsx
5891,한강버스 여의도 선착장,영등포구,영등포구 여의도동 85-6,37.52816391,126.93422699,"2025-09-11 00:00:00",,30.0,QR,공공자전거 대여소 정보(25.12월 기준).xlsx
5892,국회의사당 본관 좌측,영등포구,영등포구 의사당대로 1 국회,37.53090286,126.91375732,"2025-07-16 00:00:00",,7.0,QR,공공자전거 대여소 정보(25.12월 기준).xlsx
5893,한국산업은행,영등포구,영등포구 은행로 22,37.52814484,126.92175293,"2025-08-27 00:00:00",,10.0,QR,공공자전거 대여소 정보(25.12월 기준).xlsx
5894,영등포세무서,영등포구,영등포구 선유로 243 영등포세무서 어린이집,37.53440094,126.8963089,"2025-08-27 00:00:00",,10.0,QR,공공자전거 대여소 정보(25.12월 기준).xlsx
5895,생각공장 당산,영등포구,영등포구 영등포로 150 생각공장 당산,37.52080154,126.8983078,"2025-09-22 00:00:00",,15.0,QR,공공자전거 대여소 정보(25.12월 기준).xlsx
5896,영드포구청역 6번출구,영등포구,영등포구 당산로 95 현대아파트,37.52391434,126.89601135,"2025-11-13 00:00:00",,7.0,QR,공공자전거 대여소 정보(25.12월 기준).xlsx
6053,중부세무서 앞,중구,서울특별시 중구 남학동 12-1,37.56092453,126.99066162,"2022-10-18 00:00:00",,5.0,QR,공공자전거 대여소 정보(25.12월 기준).xlsx
6054,청구e편한세상아파트 113동 앞,중구,신당동 44-40,37.56104279,127.01821136,"2023-01-19 00:00:00",,5.0,QR,공공자전거 대여소 정보(25.12월 기준).xlsx
6055,한국경제,중구,중구 청파로 463,37.56062698,126.96768188,"2023-07-21 00:00:00",,8.0,QR,공공자전거 대여소 정보(25.12월 기준).xlsx
6057,을지로5가(방산시장),중구,중구 동호로 369,37.56739807,127.00201416,"2024-04-11 00:00:00",,6.0,QR,공공자전거 대여소 정보(25.12월 기준).xlsx
6058,서울도시건축전시관 옆,중구,중구 세종대로 101,37.56653976,126.97684479,"2024-04-26 00:00:00",,10.0,QR,공공자전거 대여소 정보(25.12월 기준).xlsx
6059,덕수중학교,중구,중구 인현동2가 240-2,37.56439209,126.99729919,"2024-06-03 00:00:00",,8.0,QR,공공자전거 대여소 정보(25.12월 기준).xlsx
6060,신한은행 본점,중구,중구 세종대로9길 20,37.56077576,126.97480774,"2024-10-08 00:00:00",,8.0,QR,공공자전거 대여소 정보(25.12월 기준).xlsx
6061,충무아트센터,중구,중구 퇴계로 387 충무아트센터,37.56538773,127.01522064,"2025-07-02 00:00:00",,10.0,QR,공공자전거 대여소 정보(25.12월 기준).xlsx
6062,서울역 파출소,중구,중구 퇴계로 33 서울로7017편의시설,37.55709457,126.97183228,"2025-10-22 00:00:00",,10.0,QR,공공자전거 대여소 정보(25.12월 기준).xlsx
6063,NH농협은행(신당역 6번출구),중구,중구 다산로 240 동원빌딩,37.56428146,127.01620483,"2025-10-23 00:00:00",,6.0,QR,공공자전거 대여소 정보(25.12월 기준).xlsx
6171,월드빌딩 앞,강서구,화곡동 1066-8,37.54098129,126.83743286,"2023-11-13 00:00:00",,12.0,QR,공공자전거 대여소 정보(25.12월 기준).xlsx
6172,가양5단지아파트,강서구,강서구 가양동1481,37.56447983,126.85464478,"2023-11-30 00:00:00",,10.0,QR,공공자전거 대여소 정보(25.12월 기준).xlsx
6173,서울자동차운전전문학원,강서구,강서구 남부순환로 216,37.54613495,126.82106018,"2024-03-18 00:00:00",,10.0,QR,공공자전거 대여소 정보(25.12월 기준).xlsx
6176,유광사 여성병원 앞,강서구,강서구 강서로 194,37.5434494,126.83891296,"2024-09-07 00:00:00",,7.0,QR,공공자전거 대여소 정보(25.12월 기준).xlsx
6177,마곡롯데캐슬르웨스트,강서구,강서구 마곡동 767-4,37.56356049,126.82462311,"2024-08-23 00:00:00",,10.0,QR,공공자전거 대여소 정보(25.12월 기준).xlsx
6178,마스터밸류에이스 지식산업센터,강서구,강서구 양천로 547,37.55875015,126.85991669,"2024-10-15 00:00:00",,10.0,QR,공공자전거 대여소 정보(25.12월 기준).xlsx
6180,양천향교역 3번출구(1),강서구,강서구 가야동 151-1,37.56978226,126.8417511,"2025-04-25 00:00:00",,9.0,QR,공공자전거 대여소 정보(25.12월 기준).xlsx
6182,오스템임플란트 비전타워,강서구,강서구 마곡중앙로 200,37.57143402,126.82884979,"2025-05-21 00:00:00",,10.0,QR,공공자전거 대여소 정보(25.12월 기준).xlsx
6183,K스퀘어 마곡,강서구,강서구 마곡중앙로 105-7,37.56269455,126.82707977,"2025-05-21 00:00:00",,10.0,QR,공공자전거 대여소 정보(25.12월 기준).xlsx
6184,한강버스 마곡 선착장,강서구,강서구 가양동 439-1,37.57402039,126.84357452,"2025-08-01 00:00:00",,32.0,QR,공공자전거 대여소 정보(25.12월 기준).xlsx
6185,가양나들목,강서구,강서구 강서로 532 동신아파트.대아아파트,37.57341003,126.84345245,"2025-11-13 00:00:00",,8.0,QR,공공자전거 대여소 정보(25.12월 기준).xlsx
6187,마곡 119 안전센터 맞은편,강서구,강서구 강서도매시장로 72 강서농산물도매시장,37.55534744,126.82072449,"2025-10-30 00:00:00",,12.0,QR,공공자전거 대여소 정보(25.12월 기준).xlsx
6188,금호아파트,강서구,강서구 양천로 595 염창금호타운아파트,37.55619049,126.86463928,"2025-11-13 00:00:00",,10.0,QR,공공자전거 대여소 정보(25.12월 기준).xlsx
6189,데시앙 플렉스 지식산업센터,강서구,강서구 양천로 424 가양역 데시앙플렉스 지식산업센터,37.56448364,126.84830475,"2025-12-02 00:00:00",,11.0,QR,공공자전거 대여소 정보(25.12월 기준).xlsx
6190,마곡광장(마곡나루역 5번출구),강서구,강서구 마곡중앙5로 9 마곡중앙광장,37.56614685,126.82738495,"2025-11-21 00:00:00",,10.0,QR,공공자전거 대여소 정보(25.12월 기준).xlsx
